ID_PRODUTO;CODIGO;PRODUTO;CUSTO;VENDA;STATUS
8869;7893000134638;ALMONDENGAS DE CARNE SADIA 500G;17,76;17,99;Ativo
8697;7896194701488;ALPISTE AGUIA 500G;0,00;7,99;Ativo
10607;7896067001851;ALPISTE CORDEIRO 500g;7,60;10,99;Ativo
9462;7897157050728;ALUM CACAROLA POLIDO N°16;15,50;23,49;Ativo
9467;7897157060482;ALUM CACAROLA POLIDO N°20;15,50;25,99;Ativo
9468;7897157056140;ALUM CACAROLA POLIDO N°24;15,50;28,99;Ativo
9461;7897157059110;ALUM CACAROLA PRETO N° 16;15,50;22,99;Ativo
9459;7897157066422;ALUM CUSCUZEIRO POLIDO N°14;15,50;23,99;Ativo
9465;7897157050278;ALUM CUSCUZEIRO POLIDO N°16;15,50;24,99;Ativo
9460;7897157063261;ALUM CUSCUZEIRO VERMELHO N°14;15,50;24,99;Ativo
9458;7897157064442;ALUM FERVEDOR POLIDO N°12;15,50;22,99;Ativo
9463;7897157064510;ALUM FERVEDOR PRETO N°12;15,50;22,99;Ativo
9457;7897157060550;ALUM FERVEDOR PRETO N14;15,50;23,99;Ativo
9464;7897157064107;ALUM FERVEDOR VERMELHO N°12;15,50;22,99;Ativo
9456;7897157064114;ALUM FEVRVEDOR VERMELHO N14;15,50;23,99;Ativo
9472;7897157056904;ALUM FORMA DE BOLO PRETO Nº20;15,50;23,99;Ativo
9471;7897157062264;ALUM FORMA DE BOLO VERMELHO Nº20;15,50;23,99;Ativo
9477;7897157062271;ALUM FORMA DE BOLO VERMELHO Nº22;15,50;24,99;Ativo
9475;7896856302503;ALUM FORMA P/TORTA BOLO;15,50;23,99;Ativo
9474;7896856321498;ALUM FORNERIE ANTIADERENTE;15,50;24,99;Ativo
9473;7896856302640;ALUM FORNERIE POLIDA;15,50;24,99;Ativo
9466;7897157060932;ALUM FRIGIDEIRA PRETO N°20;15,50;23,99;Ativo
10069;7898917072417;ALVEJANTE SEMORIN 500ML REFIL S/CL. ROUPAS COLORID;6,30;9,49;Ativo
10068;7898917072462;ALVEJANTE SEMORIN BRANCAS 500ml;4,99;7,99;Ativo
3078;7896083800681;ALVEJANTE SUPER CANDIDA 1L;3,79;5,99;Ativo
3963;7896083800094;ALVEJANTE SUPER CANDIDA FLORAL 1L;3,71;5,99;Ativo
3869;7896083800353;ALVEJANTE SUPER CANDIDA LAVANDA 1L;3,71;5,99;Ativo
9273;7891035040436;ALVEJANTE VANISH LIQ WHITE 500ML;7,77;11,49;Ativo
7775;7896098904695;ALVEJANTE YPE FLORES DE PRIMAV 1L;4,78;7,49;Ativo
10643;7896075990734;AMAC BABY SOFT 5L;14,89;22,99;Ativo
7117;7896075912484;AMAC BABY SOFT CARINHO 2L;5,15;7,99;Ativo
6210;7896075990727;AMAC BABY SOFT CARINHO 2L;6,19;8,99;Ativo
6211;7896075910459;AMAC BABY SOFT ENVOLVENTE 2L;6,19;8,99;Ativo
3210;7891150039001;AMAC COMFORT HIPOALERGENICO LV 50OML PG400ML;8,56;11,99;Ativo
7471;7891150048485;AMAC COMFORT HIPOALERGICO 500ML;7,50;10,99;Ativo
12488;7506339332650;AMAC CONC DOWNY BRISA DE VERAO 1,5L;27,99;41,99;Ativo
7448;7500435198240;AMAC DOWNY BRISA DE VERAO 500ML;9,45;13,99;Ativo
10536;7500435251235;AMAC DOWNY BRISA DE VERAO REFIL 750ML;10,99;17,49;Ativo
12487;7506339389883;AMAC DOWNY CONC LIRIOS 1,5L;27,99;41,99;Ativo
10578;7891150092761;AMAC FOFO AZUL TUDAO 500ML;6,17;9,49;Ativo
12408;7908324403459;AMAC MINUANO AZUL ESCURO 2L;7,57;10,99;Ativo
10720;7897664150010;AMAC MINUANO BRISA MACIA 2L;7,57;10,99;Ativo
10721;7897664150409;AMAC MINUANO JARDIM SECRETO 2L;7,57;10,99;Ativo
10225;7891022867459;AMAC MON BIJOU FRESCOR 1,7L;7,00;10,99;Ativo
7118;7891022860436;AMAC MON BIJOU MACIEZ 1.7L;7,00;10,99;Ativo
7119;7891022860450;AMAC MON BIJOU PERFUME 1.7L;6,80;10,99;Ativo
7120;7891022867442;AMAC MON BIJOU PROTECAO 1.7L;7,00;10,99;Ativo
1655;7891150000971;AMAC ROUPA COMFORT CONC 500ML;7,69;12,49;Ativo
2789;7891150048492;AMAC ROUPA COMFORT CONC LV 50OML PG400ML;7,50;10,99;Ativo
1656;7506195143834;AMAC ROUPA DOWNY CONC 500ML;8,39;12,99;Ativo
10546;7896056401136;AMAC URCA FLORAL BOUQUET 2L;5,89;8,49;Ativo
10545;7896056404014;AMAC URCA LAVANDA  2L;5,89;8,49;Ativo
10862;7896098903469;AMAC YPE CONC LOCCITANE BRESIL 1L;16,10;23,99;Ativo
1327;7896075910442;AMAC. BABY SOFT TQ. SEDUTOR 2L;0,00;4,99;Ativo
1636;7891242420557;AMAC. CONC. CARINHO UAU 500ML;8,18;11,99;Ativo
1635;7891242420540;AMAC. CONC. LAVANDA UAU 500ML;7,08;9,99;Ativo
4468;7891022100617;AMAC. MON BIJOU PUREZA  2L;6,50;8,99;Ativo
1745;7896083800810;AMAC.QBOA 500ML;1,99;2,99;Ativo
1671;7896098900390;AMAC.ROUP.CONC. YPÊ BLUE 500ML;8,06;11,99;Ativo
3961;7896098903049;AMAC.ROUP.CONC. YPÊ DELICADO 500ML;8,49;11,99;Ativo
3960;7896098901489;AMAC.ROUP.CONC. YPE ENCANTO 500ML;5,91;8,49;Ativo
3959;7896098900383;AMAC.ROUP.CONC. YPE PINK 500ML;5,91;8,49;Ativo
270;4030;AMAC.ROUPAS MON BIJOU 2L;7,68;10,49;Ativo
4743;7896083801305;AMAC.SUPER CANDIDA CARNINHO 2L;6,09;8,99;Ativo
9162;7896056401112;AMAC.URCA BRISA DE PRIM.2L;5,89;8,49;Ativo
1746;7896040705325;AMAC.VIDA MACIA 500ML;5,70;8,49;Ativo
5018;7896098902493;AMAC.YPÊ INTENSO 2L;7,49;9,99;Ativo
4994;7896098900413;AMAC.YPÊ TERNURA 500ML;2,59;4,49;Ativo
1730;7891095156429;AMACI.CARNE KITANO 120G;5,33;7,99;Ativo
7738;7897664150041;AMACI.MINUANO BRISA MACIA 500ML;2,66;4,49;Ativo
1322;7891022100631;AMACIA. MON BIJOU HARMONIA 2L;0,00;6,99;Ativo
9834;7908324405170;AMACIANTE ASSIM DIA A DIA 500ML;2,79;5,49;Ativo
7727;7896075910534;AMACIANTE BABY SOFT 2L;5,54;7,99;Ativo
3561;7891150079991;AMACIANTE COMFORT FIBER PROTRCT 500ML;7,03;10,99;Ativo
12163;7891150028944;AMACIANTE COMFORT FRESCOR INTENSO 1L;16,67;24,99;Ativo
2578;7506195143872;AMACIANTE CONC DOWNY;7,49;9,99;Ativo
2226;7896098900864;AMACIANTE CONC. YPÊ 500ML;7,29;10,49;Ativo
2776;7891000502303;AMACIANTE DE CARNE MAGGI 120G;7,47;10,99;Ativo
2518;7897389301513;AMACIANTE DE CARNE PENINA 100G;1,86;2,79;Ativo
9999;7500435252195;AMACIANTE DOWNY ALFAZEMA 500ML;8,39;12,99;Ativo
8085;7500435243612;AMACIANTE DOWNY BRISA SUAVE 500ML;8,19;13,99;Ativo
8848;7500435244619;AMACIANTE DOWNY CONC 500ML;7,95;11,49;Ativo
8062;7500435243650;AMACIANTE DOWNY CONCENTRADO 1L;14,80;20,99;Ativo
5565;7500435201292;AMACIANTE DOWNY INTENSO 500ML;8,39;12,99;Ativo
7649;7500435160087;AMACIANTE DOWNY MISTICO 500ML;8,49;12,99;Ativo
3128;7500435156981;AMACIANTE DOWNY SENSITIVE 450ML;10,06;12,99;Ativo
11064;7897664150027;AMACIANTE MINUANO ROSA 2L;7,57;10,99;Ativo
9927;7891022860429;AMACIANTE MON BIJOU 1.7L;7,00;10,99;Ativo
1323;7891022849028;AMACIANTE MON BIJOU MAGIA 2L;0,00;6,99;Ativo
7413;7891024128503;AMACIANTE OLA ORIGINAL 500G;11,81;16,99;Ativo
3150;7891150056473;AMACIANTE SUPER FOFO 500ML GRATIS 50ML;5,13;7,69;Ativo
10930;7896524723159;AMACIANTE SUPREMA 5L;11,49;16,99;Ativo
8909;7896524723098;AMACIANTE SUPREMA CARINHO 2L;4,55;7,49;Ativo
4936;7891242420533;AMACIANTE UAU FLORES E SONHOS 500ML;7,08;9,99;Ativo
6389;78912424200540;AMACIANTE UAU LAVANDA E FRESCOR 500ML;7,08;9,99;Ativo
4935;7891242420564;AMACIANTE UAU ROSAS E SEDUÇÃO 500ML;7,13;10,49;Ativo
1324;7896056402607;AMACIANTE URCA TERNURA BABY 2L;5,89;8,49;Ativo
1326;7898925458272;AMACIANTE VALESCA AZUL 2L;0,00;3,99;Ativo
1325;7898925458289;AMACIANTE VALESCA ROSA 2L;0,00;3,99;Ativo
9554;7896040704120;AMACIANTE VIDA MACIA AMENDOAS 1L;9,15;13,99;Ativo
3018;7896040705318;AMACIANTE VIDA MACIA HIPOALERGICO 500ML;5,69;8,49;Ativo
2174;7896098900406;AMACIANTE YPÊ ACON 500ML;2,62;4,99;Ativo
60;1160;AMACIANTE YPÊ ACONCHEGO 2L;5,40;6,99;Ativo
1714;2789609890240;AMACIANTE YPÊ ACONCHEGO 2L;7,69;10,99;Ativo
2627;7896098902486;AMACIANTE YPÊ ACONCHEGO 2L GRATIS 200ML;7,06;9,99;Ativo
3799;7896098902424;AMACIANTE YPÊ CARINHO 2L;7,30;10,99;Ativo
3798;7896098902394;AMACIANTE YPÊ DELICADO 2L;7,29;10,99;Ativo
5588;7896098903032;AMACIANTE YPE INTENSO 2L;7,69;10,99;Ativo
6713;7896098900871;AMACIANTE YPE LIBERDADE 500ML;8,48;11,99;Ativo
8840;7896098902417;AMACIANTE YPE TERNURA 2L;7,29;10,99;Ativo
2139;7506195143858;AMACIENTE LIRIO 500ML;10,06;14,49;Ativo
9447;7896009761928;AMARELINHA AAA RAYOVAC 4UN;1,82;5,49;Ativo
638;7897457620447;AMEIXA BAMBU 70G;1,99;2,99;Ativo
5515;7898931936917;AMEIXA CUMBUCA 650G;2,99;3,99;Ativo
240;3042;AMEIXA IMPORTADA KG;16,67;24,99;Ativo
248;3324;AMEIXA NACIONAL KG;7,50;17,99;Ativo
8177;7891089062293;AMEIXA SECA C/ CAROCO 100G;7,51;10,99;Ativo
7678;7896292305625;AMEIXA SECA PREDILECTA 150G;6,85;9,99;Ativo
4930;7896067000311;AMEIXA SECA S/CAROÇO 100G;6,43;9,49;Ativo
10963;7899916918836;23633 - SUCO DE LARANJA AMBIENTE NATURAL ONE 1,7 LITROS (UN);10,99;14,99;Ativo
10071;7891040198726;3M TININDO ESPONJA MULT  4un;4,01;5,99;Ativo
7088;7896002111928;51 ICE AÇAI C/GUARANA 275ML;4,79;6,99;Ativo
3864;7896002111195;51 ICE BALADA 269ML;1,99;2,99;Ativo
2608;7896002111034;51 ICE DRINK BALADA 275ML;3,49;6,49;Ativo
2609;7896002111706;51 ICE DRINK CITRUS 275ML;3,65;5,99;Ativo
2793;7896002110419;51 ICE DRINK LIMÃO 275ML;3,49;6,49;Ativo
2794;7896002110457;51 ICE DRINK MARACUJA 275ML;3,49;6,49;Ativo
5882;7896002110471;51 ICE DRINK TANGERINA 275ML;4,82;6,99;Ativo
3201;7896002111508;51 ICE FRUIT MIX 275ML;3,99;6,99;Ativo
3862;7896002111171;51 ICE KIWI 269ML;1,99;2,99;Ativo
5146;7896002110983;51 ICE KIWI 275ML;4,53;6,99;Ativo
3863;7896002111263;51 ICE MARACUJA 269ML;1,99;2,99;Ativo
8935;7896002111973;51 ICE ZERO 3 LIMOES 275ML;3,79;5,99;Ativo
357;6757;6757;0,00;0,00;Ativo
358;6775;6775;0,00;0,00;Ativo
359;6776;6776;0,00;0,00;Ativo
360;6788;6788;0,00;0,00;Ativo
363;6824;6824;0,00;0,00;Ativo
368;6892;6892;0,00;0,00;Ativo
369;6896;6896;0,00;0,00;Ativo
370;6902;6902;0,00;0,00;Ativo
371;6905;6905;0,00;0,00;Ativo
372;6908;6908;0,00;0,00;Ativo
374;6910;6910;0,00;0,00;Ativo
377;6914;6914;0,00;0,00;Ativo
381;6924;6924;0,00;0,00;Ativo
384;6938;6938;0,00;0,00;Ativo
386;6951;6951;0,00;0,00;Ativo
387;6953;6953;0,00;0,00;Ativo
388;6966;6966;0,00;0,00;Ativo
389;6977;6977;0,00;0,00;Ativo
390;6979;6979;0,00;0,00;Ativo
393;6986;6986;0,00;0,00;Ativo
394;6994;6994;0,00;0,00;Ativo
397;7011;7011;0,00;0,00;Ativo
399;7018;7018;0,00;0,00;Ativo
402;7030;7030;0,00;0,00;Ativo
403;7031;7031;0,00;0,00;Ativo
5400;7896085075674;70330703629;1,99;3,39;Ativo
406;7042;7042;0,00;0,00;Ativo
408;7084;7084;0,00;0,00;Ativo
409;7087;7087;0,00;0,00;Ativo
410;7088;7088;0,00;0,00;Ativo
414;7111;7111;0,00;0,00;Ativo
415;7118;7118;0,00;0,00;Ativo
416;7119;7119;0,00;0,00;Ativo
417;7121;7121;0,00;0,00;Ativo
419;7139;7139;0,00;0,00;Ativo
423;7159;7159;0,00;0,00;Ativo
424;7162;7162;0,00;0,00;Ativo
426;7171;7171;0,00;0,00;Ativo
427;7173;7173;0,00;0,00;Ativo
428;7174;7174;0,00;0,00;Ativo
429;7191;7191;0,00;0,00;Ativo
433;7202;7202;0,00;0,00;Ativo
434;7205;7205;0,00;0,00;Ativo
435;7206;7206;0,00;0,00;Ativo
437;7215;7215;0,00;0,00;Ativo
438;7217;7217;0,00;0,00;Ativo
440;7225;7225;0,00;0,00;Ativo
442;7229;7229;0,00;0,00;Ativo
444;7234;7234;0,00;0,00;Ativo
445;7235;7235;0,00;0,00;Ativo
446;7237;7237;0,00;0,00;Ativo
447;7247;7247;0,00;0,00;Ativo
448;7252;7252;0,00;0,00;Ativo
449;7260;7260;0,00;0,00;Ativo
450;7263;7263;0,00;0,00;Ativo
454;7274;7274;0,00;0,00;Ativo
456;7292;7292;0,00;0,00;Ativo
458;7305;7305;0,00;0,00;Ativo
461;7314;7314;0,00;0,00;Ativo
464;7321;7321;0,00;0,00;Ativo
465;7322;7322;0,00;0,00;Ativo
466;7323;7323;0,00;0,00;Ativo
467;7324;7324;0,00;0,00;Ativo
469;7326;7326;0,00;0,00;Ativo
471;7334;7334;0,00;0,00;Ativo
473;7338;7338;0,00;0,00;Ativo
474;7339;7339;0,00;0,00;Ativo
475;7343;7343;0,00;0,00;Ativo
1404;7891991002561;741;4,78;6,79;Ativo
604;789793;789793;0,00;0,00;Ativo
12321;7891167099678;88 SARDINHA RALADA EM OLEO 110G;3,69;5,49;Ativo
9845;7898596081014;9845;3,99;4,49;Ativo
460;7308;a;0,00;0,00;Ativo
362;6820;a;0,00;0,00;Ativo
42;40;ABACATE KG;3,33;4,99;Ativo
41;9999901347301;ABACAXI;9,00;12,99;Ativo
4043;7896369614056;ABACAXI CALDA MARIZA 820G;8,01;11,99;Ativo
1768;7896434920174;ABACAXI EM CALDA TRIAG.400G;5,70;7,99;Ativo
348;6370;ABACAXI MADURO;5,99;7,49;Ativo
9421;7500435127233;ABD ALWAYS P SC 16UN;5,80;9,99;Ativo
9422;7500435127257;ABD ALWAYS P SV 16UN;5,80;9,99;Ativo
197;2557;ABOBORA KABOCHAN KG;3,00;5,49;Ativo
29;27;ABOBORA KG;2,00;3,99;Ativo
274;4244;ABOBORA MORANGO KG;3,25;4,49;Ativo
30;28;ABOBRINHA ITALIANA KG;3,33;4,99;Ativo
3182;7899612200334;ABRIDOR DUBEL;2,00;3,99;Ativo
5589;7506339394603;ABS ALWAYS NOITES TRANQ. SV C/8;7,19;10,49;Ativo
2620;7500435127226;ABS ALWAYS SECA C/8UN;3,31;4,99;Ativo
9367;7500435127271;ABS ALWAYS SUAVE 8UN;3,31;4,99;Ativo
10881;7506195129838;ABS ALWAYS SUAVE C ABAS 8un;3,71;5,49;Ativo
3982;7500435190633;ABS ALWAYS SUAVE C/10UN;3,62;5,49;Ativo
2619;7500435127240;ABS ALWAYS SUAVE C/8UN;3,12;4,49;Ativo
2896;7898095297916;ABS COTTON C/ABAS 8UNIDADES;2,40;3,49;Ativo
9718;7896914002116;ABS DIANA C/ABAS SV 16UN;5,50;8,49;Ativo
1221;7896007540259;ABS DIÁRIO INTIMUS C/15UN;3,83;5,99;Ativo
1220;7896007541850;ABS INTERNO INTIMUS C/8UN;6,89;9,99;Ativo
9671;7891010245610;ABS INTERNO O.B SEMPRE LIVRE SUPER 8UN;8,35;11,99;Ativo
3319;7896007542864;ABS INTERNO OB MÉDIO 16/UN;13,20;19,49;Ativo
3321;7896007541867;ABS INTERNO OB MÉDIO 8/UN;7,85;11,99;Ativo
3320;7896007542871;ABS INTERNO OB SUPER 16/UN;13,20;19,49;Ativo
3322;7896007541874;ABS INTERNO OB SUPER 8/UN;6,91;9,99;Ativo
5459;7891010886547;ABS INTERNO OB.MÉDIO 10UNI;7,82;10,99;Ativo
3981;7896007551019;ABS INTIMUS ANTIBACTERIANA C/14UNI;5,66;7,99;Ativo
1395;7896007547654;ABS INTIMUS C/ ABAS LV9 PG8;2,56;3,79;Ativo
3589;7896007541249;ABS INTIMUS C/ABAS SV C/8;3,81;5,49;Ativo
4939;7896007540624;ABS INTIMUS COB.SECA S/ABAS 8UN;3,80;5,49;Ativo
10882;7896007553563;ABs INTIMUS GEL NOTURNO SV C/ ABAS 45UN;18,86;27,99;Ativo
10122;7896064450041;ABS INTIMUS GEL SUAVE C/ABAS C/8;2,18;3,49;Ativo
8352;7896007542857;ABS INTIMUS INTERNO MINI 16UN;13,19;20,49;Ativo
655;7896007547647;ABS INTIMUS L9 P8 COB.SECA;2,59;3,79;Ativo
2616;7896007540662;ABS INTIMUS NOTURNO C/8UN;6,05;8,99;Ativo
3685;7896007542437;ABS INTIMUS NOTURNO CS C/ABAS 8UN;5,28;7,99;Ativo
9063;7896007550883;ABS INTIMUS NOTURNO SV 16UN;9,37;14,99;Ativo
9064;7896007550890;ABS INTIMUS NOTURNO SV 30UN;16,19;23,49;Ativo
8353;7896007550463;ABS INTIMUS PROTETOR ANTI BAC 15UN;4,18;5,99;Ativo
9423;7896007550906;ABS INTIMUS SC 30UN;20,00;23,49;Ativo
3686;7896007540631;ABS INTIMUS SC. C/ABAS 8UN;3,81;5,49;Ativo
4644;7896007540600;ABS INTIMUS SUAVE S/ABAS 8UN;3,11;4,49;Ativo
5648;7896007545094;ABS INTIMUS SV C/16 UN;7,09;10,49;Ativo
10317;7896007551026;ABS INTIMUS SV C/ABAS 28UN;12,26;17,99;Ativo
1396;7896064442565;ABS NATURALMENTE LV8 PG7;1,61;2,99;Ativo
5175;7896064442213;ABS NATURALMENTE MAX NOTURNO C/8;3,56;5,29;Ativo
10444;7896064443029;ABS NATURALMENTE NOT SV C/ABAS 16UN;4,86;7,49;Ativo
6492;7896064443982;ABS NATURALMENTE SEM ABAS SV C/8UN;1,98;2,99;Ativo
10157;7896110007601;ABS PROT DIA SYM C/PERF 15UN;3,75;5,49;Ativo
1397;7891010973483;ABS S. LIVRE C/ ABAS LV8 PG7;2,86;4,49;Ativo
1222;7898095297930;ABS S/A COTTON C/8UN;1,60;1,99;Ativo
5349;7891010793463;ABS SEMPRE LIVRE 16UN;6,32;9,49;Ativo
3687;7891010503024;ABS SEMPRE LIVRE ADAPT SUAVE 8UN;4,00;5,79;Ativo
9633;7891010579616;ABS SEMPRE LIVRE TRI PROTECT 16UN;8,01;11,99;Ativo
12213;7896110012575;ABS SYM C/ABAS SECA NOTURNO 8UN;4,58;6,99;Ativo
7132;7896110003757;ABS SYM NOTURNO C/8;4,36;6,49;Ativo
9026;7896110094625;ABS SYM NOTURNO SUAVE C/ABAS 16UN;7,44;11,49;Ativo
10167;7896110007502;ABS SYM PROT DIARIO 15UN;3,55;5,49;Ativo
10822;7896110007526;ABS SYM PROTETOR C/PERFUME 40UN;7,12;10,99;Ativo
6057;7896110003863;ABS SYM SECO C/ABAS 8 UN;2,56;3,99;Ativo
6058;7896110002248;ABS SYM SUAVE C/ABAS 8 UN;2,56;3,99;Ativo
5649;7896110007700;ABS SYM SV C/8 UN;2,44;3,49;Ativo
10310;7896110002255;ABS SYM SV S/A 8UNI;2,34;3,49;Ativo
9025;7896110008363;ABS SYM.SECA C/ABAS 16UN;5,30;7,99;Ativo
9022;7896110011721;ABS SYM.SECA C/ABAS 30UN;9,68;14,99;Ativo
9024;7896110008042;ABS SYM.SUAVE C/ABAS 16UN;5,30;7,99;Ativo
9023;7896110011714;ABS SYM.SUAVE C/ABAS 30UN;8,45;12,49;Ativo
3380;7896914000266;ABS. DIANA ACTIVE C/8;1,69;2,49;Ativo
2934;7896007547685;ABS. INTIMUS NOTURNO SUAVE P8L9;3,94;5,49;Ativo
8698;7894900337013;ABSOLUT SPRITE 269ML;6,18;9,99;Ativo
8145;7896007545100;ABSORVENTE INTIMUS C/SECA 16UN;7,09;10,49;Ativo
8450;7896007544042;ABSORVENTE INTIMUS C/SUAVE 32UN;11,10;16,99;Ativo
10035;7896007553662;ABSORVENTE INTIMUS GEL NOTURNO SECA COM ABAS 45UN;20,00;27,99;Ativo
8210;7896007544059;ABSORVENTE INTIMUS SC C/32UN;11,39;16,99;Ativo
8585;7896110007595;ABSORVETE SYM PROTETOR DIARIO;3,75;5,49;Ativo
624;7897457620096;AÇAFRÃO BAMBU 50G;0,90;1,79;Ativo
7668;7896067000243;AÇAFRÃO DA TERRA CORDEIRO 20G;1,99;2,99;Ativo
3267;7891095150359;AÇAFRÃO DA TERRA CURCUMA 50G;1,50;2,99;Ativo
9394;7898473365817;ACAI C GUARANA 1.5L;28,80;37,00;Ativo
9395;7898473365831;ACAI C/ MORANGO 1.5L;0,00;35,00;Ativo
10852;7898473365824;ACAI C/BANANA NATURALIS DELICCI 1,5 ML;28,80;37,00;Ativo
5447;745240220749;AÇAI COM LEITINHO 1.02KG;0,00;34,99;Ativo
5445;619205109403;AÇAI COM LEITINHO 200ML;8,25;11,99;Ativo
12371;7898473366586;ACAI MANIA DE VERAO +BANANA 1L;21,00;28,00;Ativo
12370;7898473366579;ACAI MANIA DE VERAO +MORANGO 1L;21,00;28,00;Ativo
12145;7898473366562;ACAI MANIA+GUARANA DE VERAO 1L;20,00;28,00;Ativo
3669;7898662040013;AÇAI PREMIUM BRUNA 1.02KG;24,59;32,99;Ativo
10559;7896519297818;ACAI SPORT C/GUARANA 400G;4,99;9,99;Ativo
5446;619205109410;AÇAI TRADICIONAL 200ML;7,10;9,99;Ativo
9396;7898473365886;ACAI TRUFA DE LEITINHO 1.5L;31,70;42,00;Ativo
89;1597;ACELGA CADA;3,00;4,99;Ativo
526;9013;ACEM BOV C/OSSO KG;19,49;27,99;Ativo
532;7908877013792;ACEM BOVINO KG;28,50;39,99;Ativo
589;9203;ACÉM C/OSSO KG;18,50;29,99;Ativo
12425;7898902162161;ACENDEDOR DE CHURRASQUEIRA 15G;3,00;4,99;Ativo
1912;7896213306076;ACETONA BEIRA ALTA 90ML;2,61;3,99;Ativo
2340;7896090700462;ACETONA C/ HIDRAT. ZULU 90ML;1,99;3,49;Ativo
4646;7896902209114;ACETONA FARMAX 100ML;2,58;3,69;Ativo
4007;7896221806964;ACETONA MARCIA 80ML;2,50;3,75;Ativo
9559;7897744505686;ACETONA ZULU CACTO 90ML;2,34;3,49;Ativo
3064;7896090700301;ACETONA ZULU COM HIDRATANTE 90ML;1,99;3,49;Ativo
8527;7896090700363;ACETONA ZULU ERVA DOCE 90ML;2,08;3,49;Ativo
7168;7891000379691;ACHOC NESCAU 370G;5,99;8,99;Ativo
7038;7891000379592;ACHOC NESCAU LATA 200G;5,49;8,49;Ativo
10134;7898331014413;ACHOC OVOMALTINE CREME CROCANTE 530G;26,37;41,99;Ativo
12273;7896327515791;ACHOC PO APTI 32%CACAU 200g;9,70;14,99;Ativo
4876;7892840819507;ACHOC TODDY ORIGINAL 370G;7,95;11,49;Ativo
1674;7898080640673;ACHOC.EM PÓ ITALAC PCT 400G;5,00;7,99;Ativo
9854;7898236720181;ACHOC.EM PÓ MONOPOL 400G;5,78;8,49;Ativo
9370;7891000426210;ACHOC.NESCAU LV350 PG320G;6,97;10,49;Ativo
10054;7892840814137;ACHOC.PO TODDY 1,02KG SACHE;16,52;24,49;Ativo
9930;7896327512929;ACHOCOLATADO APTI 300G;2,65;3,99;Ativo
7750;7896327515715;ACHOCOLATADO APTI POWER 370G;3,25;4,69;Ativo
2462;7896032580015;ACHOCOLATADO BARRA 400G;2,71;3,89;Ativo
783;7896054908132;ACHOCOLATADO EM PÓ DAJUDA 400G;1,29;1,99;Ativo
8089;7896067003688;ACHOCOLATADO EM PO NOVO CAU 400G;4,19;5,99;Ativo
9835;7896862002930;ACHOCOLATADO FRUTAP 200ML;1,60;2,49;Ativo
2136;7898080640925;ACHOCOLATADO ITALAC 1L;5,10;7,99;Ativo
1661;789808064833;ACHOCOLATADO ITALAC POTE 400G;3,20;4,49;Ativo
9206;7898080641533;ACHOCOLATADO ITALAC Z.LACT 200ML;1,55;2,49;Ativo
7909;7898286200978;ACHOCOLATADO MARATA 400G;4,35;6,29;Ativo
6064;7896072005080;ACHOCOLATADO MUKY 400G;4,53;6,97;Ativo
6243;7891000359839;ACHOCOLATADO NESCAU 180 ML;1,99;2,99;Ativo
2850;7891000081501;ACHOCOLATADO NESCAU 1L;7,95;10,99;Ativo
3216;7891000061190;ACHOCOLATADO NESCAU 200G;4,02;5,99;Ativo
8934;7891000412855;ACHOCOLATADO NESCAU 350G;7,49;9,99;Ativo
7421;7891000394847;ACHOCOLATADO NESCAU 370G;6,69;8,99;Ativo
6663;7898409951848;ACHOCOLATADO OVOMALTINE 190G;8,99;12,69;Ativo
3179;7894321711171;ACHOCOLATADO TODDY 200G;4,49;7,49;Ativo
3653;7892840816650;ACHOCOLATADO TODDY CARAMELO 300G;2,99;4,99;Ativo
5421;7892840819170;ACHOCOLATADO TODDY ORIGINAL 750G;15,17;21,99;Ativo
9551;7894321220529;ACHOCOLATADO TODDY SACHE 700G;12,56;19,99;Ativo
6509;7896894900235;AÇUCA DEMERARA CARAVELAS 1KG;5,19;7,49;Ativo
876;7896894900068;AÇÚCAR CRISTAL COLOMBO 1KG;3,39;4,79;Ativo
8025;7896508200119;ACUCAR DEMERARA ALTO ALEGRE 1KG;4,85;6,79;Ativo
8027;7891910030309;ACUCAR DEMERARA DA BARRA 1KG;4,43;6,49;Ativo
7841;7898206500027;ACUCAR DEMERARA ORGANICO NATIVE 1KG;3,69;5,99;Ativo
9503;7898187830069;AÇUCAR DEMERARA SANTAISABEL 1KG;5,29;7,49;Ativo
2988;7898947566177;ACUCAR ENERGY EX FINO 1KG;3,14;3,59;Ativo
7255;7896894900310;ACUCAR MASCAVO CARAVELAS 1KG;11,89;16,99;Ativo
8993;7896396001041;ACUCAR MASCAVO MINAMEL 1KG;8,69;11,99;Ativo
7355;7898236723397;ACUCAR MASCAVO TOK INSTANTANEO 500G;6,31;8,99;Ativo
5451;7891910030293;AÇUCAR MASCAVO UNIÃO 1KG;13,90;19,99;Ativo
6041;7896109800541;ACUCAR NATURAL DEMERARA GUARANI 1KG;3,99;5,99;Ativo
6040;7896109800459;ACUCAR ORGANICO GUARANI 1KG;3,99;5,99;Ativo
6275;7898206500010;ACUCAR ORGANICO NATIVE 1KG;5,29;7,49;Ativo
10076;7896086421876;ACUCAR PATEKO EXTRA FINO 1K;3,29;4,49;Ativo
1667;7891910000203;AÇUCAR REFIN UNIÃO 1KG;3,29;3,99;Ativo
877;7896508200034;AÇÚCAR REFIN. ALTO ALEGRE 1KG;2,69;3,99;Ativo
1004;7896894900051;AÇÚCAR REFINADO CARAVELAS 1KG;2,59;3,99;Ativo
1406;7896032501010;AÇÚCAR REFINADO DA BARRA 1KG;3,28;4,59;Ativo
1374;7896109801005;AÇÚCAR REFINADO GUARANI 1KG;3,30;3,99;Ativo
3556;7895000319015;AÇÚCAR REFINADO QUALITÁ 1KG;2,19;3,99;Ativo
9703;7898187830038;AÇUCAR STA ISABEL EXT FINO 1KG;2,99;3,99;Ativo
3080;7891910007004;ACUCAR UNIAO DOÇUCAR 1KG;6,19;8,99;Ativo
2986;7891910007110;ACUCAR UNIAO GLACUCAR 1KG;3,69;5,49;Ativo
5280;7891910020089;AÇÚCAR UNIÃO NATURALE 1KG;5,69;9,99;Ativo
2985;7891910020034;ACUCAR UNIAO ORGANICO 1KG;6,69;9,49;Ativo
1960;7891959014612;AÇUCAR UNIÃO.CRISTALÇUCAR 1KG;3,49;5,49;Ativo
7755;7896001210097;ADOCANTE 100% STEVIA LINEA 25ML;5,33;7,49;Ativo
2983;7896094906020;ADOCANTE ADOCYL COM STEVIA 80ML;0,00;5,99;Ativo
2984;7896094914070;ADOCANTE ADOCYL COM SUCRALOSE 80ML;0,00;6,99;Ativo
8522;7896569405737;ADOCANTE ASSUGRIN 100ML;2,17;2,99;Ativo
1736;7896060010492;ADOÇANTE ASSUGRÍN TRAD 100ML;2,79;2,79;Ativo
779;78900769;ADOÇANTE DOCE MENOR 100ML;1,99;2,99;Ativo
12161;7896001282414;ADOCANTE LINEA STEVIA 100% 60ml;6,12;9,99;Ativo
8847;7896001210103;ADOCANTE LIQ LINEA STEVIA 60ML;10,64;14,99;Ativo
2941;7891104393104;ADOÇANTE LIQ. ADOCYL 100ML;2,98;4,99;Ativo
2151;7898286202231;ADOÇANTE LIQ. MARATÁ 100ML;2,79;4,29;Ativo
9795;7896001282421;ADOCANTE LIQ.SUCRALOSE LINEA 75ML;9,88;14,99;Ativo
7756;7896001250611;ADOCANTE SUCRALOSE LINEA 25ML;2,92;7,99;Ativo
12105;7891910020096;ADOCANTE UNIAO FIT 500G;2,88;4,99;Ativo
10742;7897744505952;AEROSSOL COALA FLOR DE CACTO 400ML;8,00;14,99;Ativo
4295;7896092502378;AFTER ASKOV LIMAO 275ML;3,69;5,49;Ativo
1420;7898906467248;ÁG. MINERAL CRISTAL GOLD 1.5L;1,09;2,49;Ativo
1419;7898907378321;ÁG. MINERAL CRISTAL GOLD 510ML;0,49;0,99;Ativo
1251;7896947052195;ÁG. OXIG. 20 CREM. AVANTE 90ML;0,00;1,99;Ativo
1250;7896902210561;ÁG. OXIG. 20 CREM. FARMAX 90ML;0,49;0,99;Ativo
1252;7896947053192;ÁG. OXIG. 30 CREM. AVANTE 90ML;0,00;1,99;Ativo
1249;7896902210608;ÁG. OXIG. 30 CREM. FARMAX 90ML;0,00;4,99;Ativo
1341;7896083800032;ÁG. SANITÁRIA SUPER CANDIDA 1L;2,75;4,99;Ativo
88;1596;AGRIÃO HIDROPONICO CADA;2,90;4,49;Ativo
2442;7898936312808;AGRIÃO MORITA CADA;2,90;4,49;Ativo
2764;7891991013789;AGUA AMA S/GAS 500ML;1,00;1,49;Ativo
323;6000;AGUA AQUANA GALAO 20L;3,20;8,00;Ativo
10059;7896279000420;AGUA AQUANA GARRAFAO 20L S/G;6,00;13,00;Ativo
1485;7896607100044;ÁGUA ARDEN. ADOÇADA PITU 350ML;4,19;5,99;Ativo
3716;7891025102113;AGUA BONAFONT 500ML;0,96;1,49;Ativo
2301;7891025700104;AGUA BONAFONT 6.25 L;7,25;9,99;Ativo
4539;7891025106616;ÁGUA BONAFONT KIDS 330ML;3,05;4,49;Ativo
9754;7894900523003;AGUA C GAS MELANCIA 510ML;2,44;3,49;Ativo
5954;7898950286260;AGUA C/GAS CRISTAL 510ML;1,99;2,49;Ativo
7723;7894900531015;AGUA C/GAS CRSTAL 1.5L;2,93;4,49;Ativo
7358;7894900531206;AGUA C/GAS CRYSTAL VIP 350ML;2,15;3,49;Ativo
8583;7896004401843;AGUA COCO MAIS COCO 1L;6,54;9,99;Ativo
7367;7898950286253;AGUA CRISTAL COPO 300ML;0,59;0,99;Ativo
3730;7894900530056;AGUA CRISTAL S GAS 5L;8,94;12,99;Ativo
2094;7898950286215;AGUÁ CRISTAL SEM GÁS 6L;5,25;8,99;Ativo
330;6007;AGUA CRYSTAL 1.5L FARDO C/ 6UN;8,10;11,99;Ativo
331;6008;AGUA CRYSTAL 510ML FARDO C/ 12UN;8,10;11,99;Ativo
3083;7894900531008;AGUA CRYSTAL C/GAS 500ML;2,00;2,99;Ativo
324;6001;AGUA CRYSTAL GALAO 20L;2,90;9,00;Ativo
10865;7894900530209;AGUA CRYSTAL VIP SEM GAS PET 350ML;1,91;3,49;Ativo
4334;7898967406415;AGUA DE COCO + MARACUJA BACANA 200ML;1,06;1,99;Ativo
4335;7898967406408;AGUA DE COCO + MELANCIA BACANA 200ML;1,06;1,99;Ativo
4333;7898323456580;AGUA DE COCO BACANA 200ML;1,06;1,99;Ativo
422;7152;AGUA DE COCO C/MARACUJA 200ML;0,00;0,00;Ativo
2697;7896004401652;AGUA DE COCO C/MARACUJA 200ML;1,19;1,99;Ativo
7344;751320708991;AGUA DE COCO C/MARACUJA 200ML;1,49;2,49;Ativo
7343;751320708984;AGUA DE COCO C/MELANCIA 200ML;1,68;2,49;Ativo
7342;751320388865;AGUA DE COCO C/MORANGO 200ML;1,49;2,49;Ativo
12281;7898370103550;AGUA DE COCO COCO DO VALE 1L;7,05;9,99;Ativo
4974;609963043811;AGUA DE COCO COKO 200ML;0,99;1,99;Ativo
5961;618341739178;AGUA DE COCO COKO 200ML;0,99;1,99;Ativo
7743;7898596082752;AGUA DE COCO COPRA 1L;7,99;11,49;Ativo
3430;7894900614008;AGUA DE COCO DEL VALLE 200ML;1,25;1,99;Ativo
6034;7896016608766;AGUA DE COCO DUCOCO 1L;6,51;9,99;Ativo
1495;7896016603341;ÁGUA DE COCO DUCOCO 200ML;1,59;2,99;Ativo
1800;7896828000239;AGUA DE COCO KERO COCO 1L;9,52;14,99;Ativo
1072;7896828000017;ÁGUA DE COCO KERO COCO 200ML;1,92;2,99;Ativo
1529;7896004401997;ÁGUA DE COCO LEVE COCO 200ML;0,99;1,79;Ativo
3962;7896004401836;AGUA DE COCO MAIS COCO 200ML;1,39;1,99;Ativo
9265;7898641871294;AGUA DE COCO NOCOKO 200ML;1,09;1,79;Ativo
6131;7896000593764;AGUA DE COCO PURO COCO 180ML;1,69;2,49;Ativo
6035;7896000583772;AGUA DE COCO PURO COCO 1L;6,00;9,49;Ativo
10175;751320388827;AGUA DE COCO QUADRADO 1L;6,49;9,99;Ativo
4239;751320388827;AGUA DE COCO QUADRADO 1L;6,80;9,99;Ativo
10176;751320333650;AGUA DE COCO QUADRADO 200ML;1,51;2,99;Ativo
4599;751320333650;AGUA DE COCO QUADRADO 200ML;2,13;2,99;Ativo
2306;7896004401409;ÁGUA DE COCO SOCOCO 1L;9,67;13,99;Ativo
1620;7896004400358;ÁGUA DE COCO SOCOCO 200ML;1,99;2,79;Ativo
5388;7896004401744;AGUA DE COCO SOCOCO 330ML;4,19;5,99;Ativo
7793;7896004402116;AGUA DE COCO SOCOCO FRUTAS V 200ML;2,00;2,99;Ativo
7774;7896005310878;AGUA DE COCO TIAL 1L;5,99;8,99;Ativo
7930;7896005310977;AGUA DE COCO TIAL 200ML;2,01;2,99;Ativo
4111;7896213006242;ÁGUA E SAL VITARELLA 350G;4,59;5,99;Ativo
4995;7896828000482;AGUA KERO COCO 330ML;4,23;6,99;Ativo
4031;7898341020060;AGUA LEGITIMA 1.5L;1,16;1,99;Ativo
5157;7898341020114;AGUA LEGITIMA COPO 305ML;0,50;1,00;Ativo
3659;7896089500202;AGUA LINDOYA SENSE S/GAS 510ML;0,49;0,99;Ativo
999;7896065870497;ÁGUA M. C/ GÁS MINALBA 510ML;1,25;2,25;Ativo
1863;7896279000598;ÁGUA MIN COM.GÁS PETRÓP.500ML;1,23;1,99;Ativo
1862;7898950286185;ÁGUA MIN.CRISTAL CLASSIC 1.5L;1,50;2,99;Ativo
2217;7894900530001;ÁGUA MIN.CRYSTAL S/ GÁS 500ML;1,69;2,49;Ativo
5052;7896065880540;AGUA MINALBA C/GAS 310 ML;1,05;1,75;Ativo
10793;7896065810592;AGUA MINER MINALBA S/GAS 5L;9,56;14,99;Ativo
1865;7896279001373;ÁGUA MINERAL ALKA+9.1 330ML;1,00;1,99;Ativo
5098;7891025117643;AGUA MINERAL BONAFONT C/GAS 1.36L;2,09;2,99;Ativo
1383;7898906467309;ÁGUA MINERAL CLARÍSSIMA 1.5L;1,49;2,29;Ativo
1078;7898906467316;ÁGUA MINERAL CLARÍSSIMA 510ML;0,00;1,49;Ativo
1866;7898950286178;ÁGUA MINERAL CRISTAL 510ML;0,74;1,50;Ativo
10313;7898950286246;AGUA MINERAL CRISTAL CLASSIC 200ML;0,00;1,00;Ativo
11065;7894900530148;AGUA MINERAL CRYSTAL  COPO 310ML;1,40;2,25;Ativo
2264;7894900530278;AGUA MINERAL CRYSTAL 1.5ML;2,13;3,99;Ativo
6141;7894900530025;AGUA MINERAL CRYSTAL 1L;2,77;3,99;Ativo
734;7898386200106;ÁGUA MINERAL FRESCCA 1.5ML;1,39;1,99;Ativo
733;7898386200083;ÁGUA MINERAL FRESCCA 510ML;0,49;1,49;Ativo
1864;7896279001137;ÁGUA MINERAL KIDS PETRÓP.250ML;1,00;1,99;Ativo
4986;7898341020077;AGUA MINERAL LEGITIMA C/GAS 510ML;0,99;1,75;Ativo
2020;7898950286062;ÁGUA MINERAL LEVISSIMA 510ML;0,42;0,75;Ativo
4822;7896089500424;AGUA MINERAL LINDOIA 1.5;1,79;2,49;Ativo
3187;7896065880069;AGUA MINERAL MINALBA 510ML;1,10;1,99;Ativo
3932;7896065880106;AGUA MINERAL MINALBA S/G 1.5L;3,21;4,49;Ativo
5720;7898302640061;AGUA MINERAL MUNDI 305ML;0,50;0,79;Ativo
5195;7896279000611;AGUA MINERAL PETROPOLIS C/GAS 1.5L;2,09;2,99;Ativo
8853;7897123883022;AGUA MINERAL PRATA 1.5L;3,64;5,49;Ativo
8854;7897123883220;AGUA MINERAL PRATA 2.5L;6,54;9,49;Ativo
4741;3700123302360;AGUA MINERAL PUREZA VITAL 510ML;0,89;1,49;Ativo
9500;7896062801227;AGUA MINERAL SAO LOURENCO 300ML;1,77;2,99;Ativo
263;3763;ÁGUA OX. VOL 30 70ML;0,00;2,49;Ativo
5067;7896221800108;ÁGUA OX. VOL 30 70ML;2,29;3,49;Ativo
3532;7896221800092;ÁGUA OX.CR.20 VOL.70ML;2,29;3,49;Ativo
3531;7896221800115;ÁGUA OX.CR.40 VOL.70ML;2,29;3,49;Ativo
8050;7896213300050;AGUA OXIGENADA 20VL BEIRA ALTA 90ML;1,95;2,99;Ativo
7100;7896213300111;AGUA OXIGENADA 40 BEIRA ALTA 90ML;1,95;2,99;Ativo
7394;7896213300081;AGUA OXIGENADA B/ALTA VL30 90ML;1,95;2,99;Ativo
8814;7896679229131;AGUA OXIGENADA IDEAL V10 70ML;1,95;2,99;Ativo
3423;7896279000604;ÁGUA PETRÓPOLIS 1.5L;1,85;2,69;Ativo
366;6846;AGUA PETROPOLIS 20L / RETIRA;10,00;17,00;Ativo
3435;7896279000567;AGUA PETROPOLIS 310ML S/GAS;0,59;0,75;Ativo
3424;7896279000581;ÁGUA PETRÓPOLIS 500ML;0,49;0,99;Ativo
6295;7896279000819;AGUA PETROPOLIS PAULISTA PH9.09 20L;8,00;19,99;Ativo
2785;7896219700038;AGUA SANI.DACLOR 2L;2,89;4,99;Ativo
1915;7896083800155;AGUA SANI.SUPER CANDI. 2L;5,80;8,49;Ativo
1916;7896524726518;AGUA SANI.SUPREMA. 2L;3,29;5,99;Ativo
9704;7896098904664;AGUA SANI.YPÊ 5L;8,99;15,99;Ativo
10208;7896013105695;AGUA SANIT OLIMPO 5L;6,49;9,49;Ativo
7149;2789652472615;AGUA SANIT SUPREMA 5L;10,99;15,99;Ativo
6208;7898005490765;AGUA SANITARIA AGI FACIL 1L;1,85;2,69;Ativo
6042;7898005490741;AGUA SANITARIA AGI FACIL 2L;3,29;4,49;Ativo
6524;7898399140109;AGUA SANITARIA BELEZA DE CANDIDA 1L;1,83;2,59;Ativo
6523;7898399140215;AGUA SANITARIA BELEZA DE CANDIDA 2L;3,00;4,29;Ativo
2122;7896105500018;AGUA SANITARIA CANDURA 1L;2,49;3,99;Ativo
3213;7896105500094;AGUA SANITARIA CANDURA 2L;4,26;7,49;Ativo
9743;7896105500902;AGUA SANITARIA CANDURA 5L;9,79;14,99;Ativo
9664;7896090300075;AGUA SANITARIA CONDE 1L;1,85;2,99;Ativo
8095;7896090300129;AGUA SANITARIA CONDE 2L;3,15;4,49;Ativo
4056;7896219700014;AGUA SANITARIA DACLOR 1L;1,75;2,69;Ativo
8953;7898959127182;AGUA SANITARIA DONA CLARA 1L;1,99;2,99;Ativo
5771;7896013100461;AGUA SANITARIA OLIMPIO 1L;1,79;2,99;Ativo
4763;3789601310561;AGUA SANITARIA OLIMPIO 2L;2,99;5,49;Ativo
8579;7896083800018;AGUA SANITARIA QBOA 1L;3,35;4,99;Ativo
3337;7896213500016;AGUA SANITARIA SALTE 1L;1,80;2,49;Ativo
3336;7896213500108;AGUA SANITARIA SALTE 2L;2,90;3,99;Ativo
10907;7896083800254;AGUA SANITARIA SUPER CANDIDA 5L;12,19;17,49;Ativo
1046;7896524726457;ÁGUA SANITÁRIA SUPREMA 1L;2,39;3,99;Ativo
3765;7896381502102;AGUÁ SANITÁRIA TAY 1L;1,99;2,99;Ativo
3705;2789638150230;ÁGUA SANITÁRIA TAY 2L;3,99;5,79;Ativo
3800;7896527702663;AGUA SANITARIA TRIEX 2L;2,99;4,49;Ativo
1535;7896098904671;ÁGUA SANITÁRIA YPÊ 1L;3,08;4,79;Ativo
2982;7896098904732;AGUA SANITARIA YPE 2L;4,49;6,99;Ativo
1717;7896098904688;ÁGUA SANITÁRIA YPÊ 2L;5,45;8,49;Ativo
8907;7896083800025;AGUA SANITAROA QBOA 2L;5,79;8,49;Ativo
7351;7896062802354;AGUA SAO LOURENCO S/GAS 510ML;1,65;2,49;Ativo
6534;7894900524017;AGUA SMARTWATER 591ML;3,94;5,99;Ativo
7128;7894900524505;AGUA SMARTWATER C/GAS 591ML;4,64;6,49;Ativo
2173;7894900360394;AGUA TÔNI SHWEPPES 220ML S/AÇU;1,56;2,49;Ativo
2766;7891991002240;AGUA TÔNICA ANTARTICA 350ML;2,83;3,99;Ativo
8102;7898915949971;AGUA TONICA CID. IMPERIAL 350ML;2,80;3,99;Ativo
8103;7898915949988;AGUA TONICA CID. IMPERIAL ZERO 350ML;2,80;3,99;Ativo
9480;7896607100860;AGUAR.PITU AMARELINHA 350ML;3,79;5,99;Ativo
6952;7896607100877;AGUAR.PITU LIMÃO MEL 350ML;4,05;6,99;Ativo
7244;7898967324009;AGUARDENTE KARIRI 960ML;13,29;18,99;Ativo
6385;7896607100303;AGUARDENTE PITU 473ML;4,00;7,49;Ativo
6384;7896607100532;AGUARDENTE PITU 710ML;8,02;11,99;Ativo
10173;7896607100013;AGUARDENTE PITU S/BANANA 350ML;4,69;6,99;Ativo
10172;7896607100006;AGUARDENTE PITU S/CAJU 350ML;4,89;6,99;Ativo
8480;7898941789015;AGUARDENTE VELHOTE 470ML;1,99;2,79;Ativo
5545;7896194701617;AGUIA GIRASSOL GRAUDO 250G;3,40;5,99;Ativo
6187;7896194702461;AGUIA MIST P/CALOPSITAS 500G;6,38;9,99;Ativo
5546;7896194701402;AGUIA MIST P/PAPAGAIO 390G;6,44;9,99;Ativo
5544;7896194701358;AGUIA MIST P/PERIQUITO 500G;5,58;7,99;Ativo
7037;7891132080038;AJI SAL CHURRASCO 500G;5,93;8,99;Ativo
166;2143;AJI-*NO-MOTO 36G;2,45;3,49;Ativo
2591;7891132010080;AJI-*NO-MOTO 36G;3,09;4,99;Ativo
1975;7891132012015;AJI-NO-MOTO REFIL 100G;5,24;8,49;Ativo
4425;7898016923269;ALCAPARRAS IMPERADOR 170G;7,50;11,49;Ativo
516;7899638367615;ALCATRA BOVINO KG;38,60;57,99;Ativo
8967;7898917671221;ALCCOL TUPI 70 500ML;4,95;6,99;Ativo
4627;7898951180789;ALCOLL LUAR 70 INPM 1L;6,99;9,99;Ativo
8330;609963488544;ALCOLL PERFECT HOSPITALAR 70 INPM 1L;7,29;10,49;Ativo
2434;7898910095352;ALCOLL TUPI 70 1L;6,79;9,49;Ativo
3717;7896090704316;ALCOLL ZULU 70 INPM 1L;7,99;10,99;Ativo
10150;7898973549052;ALCOOL 70 INPM SAFRA 1L GEL;4,99;7,99;Ativo
5414;7899673301827;ALCOOL 70° POTI 1L;6,99;9,99;Ativo
3072;7897534809468;ALCOOL ASSEPTGEL 70% 1L;6,90;9,99;Ativo
6909;7898917671153;ALCOOL BACTERICIDA 46.2 TUPI 1L;5,19;7,49;Ativo
4466;7898951180680;ALCOOL EM GEL LUAR MÁGICO 500G;6,74;9,99;Ativo
2820;7898650860814;ALCOOL EM GEL LUAR PERF 300G;3,85;5,99;Ativo
4467;7892141955805;ALCOOL EM GEL TOP 500G;8,49;9,99;Ativo
2581;7896090704507;ALCOOL EM GEL ZULU 500G;6,50;8,99;Ativo
8056;7898288820044;ALCOOL FLOPS 46 1L;5,71;8,49;Ativo
8057;7898288820051;ALCOOL FLOPS 46 500ML;3,83;5,49;Ativo
5458;7898944856110;ALCOOL GEL 70° SAFRA 1L;5,59;7,99;Ativo
6205;7898951180161;ALCOOL GEL ACENDEDOR LUAR 400G;4,79;7,49;Ativo
8884;7896090704460;ALCOOL GEL COPERALCOOL 400G;9,90;13,99;Ativo
3334;7896279121132;ÁLCOOL GEL HIGIENIZANTE 60ML STARLUX;3,22;4,99;Ativo
7735;7899673302299;ALCOOL GEL POTI 500ML;4,00;5,99;Ativo
1363;7897075133817;ÁLCOOL GEL SHOXX 70° 220ML;6,50;7,99;Ativo
7621;7898360980055;ALCOOL GEL TUPI 70 500G;4,56;6,49;Ativo
4749;7896090704491;ALCOOL GEL ZULU EUCALIPTO 500G;8,65;12,99;Ativo
4470;619205021378;ÁLCOOL LIQUIDO 70 NOVA VERA 1L;6,89;10,49;Ativo
5968;7899673300035;ALCOOL LIQUIDO 70 POTI 1L;0,00;9,99;Ativo
4653;7898255676773;ALCOOL LIQUIDO 70º;6,99;10,49;Ativo
5084;7898650860494;ALCOOL LIQUIDO BACTERICIDA 1L;5,00;7,49;Ativo
8740;609963488599;ALCOOL PERFECT 46.2 1L;5,39;7,49;Ativo
7982;7898944856035;ALCOOL SAFRA 46.2 1L;5,30;7,99;Ativo
7766;7898944856271;ALCOOL SAFRA 70%INPM 1L;6,99;9,99;Ativo
4004;7898952156080;ALCOOL SULMAR 1L;5,30;7,99;Ativo
3071;7892141955737;ALCOOL TOP 46% 1L;5,69;7,99;Ativo
1337;7898360980314;ÁLCOOL TUPI 46.2 CITRONELA 1L;0,00;5,99;Ativo
1573;7898910095376;ÁLCOOL TUPI EUCALIP. 46.2° 1L;0,00;5,99;Ativo
1045;7898910095185;ÁLCOOL TUPI NEUTRO 46.2° 1L;0,00;3,99;Ativo
2368;7896090704804;ALCOOL ZUMBI 1L;4,79;6,99;Ativo
7620;7896090704576;ALCOOL ZUMBI C/BICARBONATO 1L;3,56;4,99;Ativo
3854;7898269496688;ALCOOL/GEL 70%;5,99;7,99;Ativo
5148;7896090704767;ALCOOL+BICARBONATO ZULU  1L;4,56;7,49;Ativo
4931;7896067003671;ALECRIM CORDEIRO 10G;1,38;2,49;Ativo
1510;7897457624148;ALECRIM DESIDRATADO BAMBU 10G;0,90;1,79;Ativo
34;32;ALFACE AMERICANA CADA;4,50;6,99;Ativo
6851;736532171108;ALFACE AMERICANA MORITA;4,50;5,99;Ativo
268;3983;ALFACE BICOLOR UN;3,00;4,49;Ativo
24;22;ALFACE CRESPA CADA;2,50;3,99;Ativo
193;2513;ALFACE LISA CADA;2,00;2,99;Ativo
4531;736532171382;ALFACE LISA MINI CX;4,50;5,99;Ativo
154;1999;ALFACE LISO UNIDADE;0,00;1,99;Ativo
195;2515;ALFACE MIMOSA CADA;2,50;3,99;Ativo
194;2514;ALFACE ROXO CADA;0,80;1,99;Ativo
9726;7898527636429;ALFAJOR DELICIA DE MINAS 30G;2,40;3,49;Ativo
6857;7896224410113;ALGODÃO APOLO CX 25G;1,22;2,99;Ativo
9791;7898095296490;ALGODAO BOLA BRANCA COTTON 40G;3,20;4,99;Ativo
1287;7898108612477;ALGODÃO BOLA SAN CARE 25G;0,00;1,99;Ativo
7083;7898095296513;ALGODAO CX COTTON 25G;2,25;3,49;Ativo
7642;7898095297954;ALGODAO DISCO COTTON 37G;5,05;7,49;Ativo
2280;7898909332628;ALGODÃO EM ROLO 25G;1,39;2,49;Ativo
9038;7898095296520;ALGODAO HIDROFILO COTTON 50G;4,25;6,49;Ativo
10979;7898909332635;ALGODAO ROLO USE IT 50G;2,59;3,89;Ativo
632;7897457620003;ALHO FRITO BAMBU 20G;0,90;1,79;Ativo
6452;7896067004876;ALHO FRITO CORDEIRO 30G;2,84;3,99;Ativo
9137;7898944855137;ALHO FRITO DAI 80G;4,58;6,99;Ativo
1920;7896321150868;ALHO FRITO SUPER ALHO 100G;7,19;9,99;Ativo
23;21;ALHO GRANEL KG;18,00;19,99;Ativo
12386;7898913066564;ALHO PICADO KAMAR 200G;2,79;3,99;Ativo
617;7898273551083;ALHO POTE URSO S/ PIMENTA 200G;1,75;2,79;Ativo
615;7898273551021;ALHO POTE URSO S/ SAL 160G;2,38;3,49;Ativo
620;7898273551090;ALHO POTE URSO T. BAIANO 200G;1,75;2,79;Ativo
619;7898273551076;ALHO POTE URSO T. MINEIRO 200G;1,75;2,79;Ativo
618;7898273559065;ALHO POTE URSO TEMP. TUDO 200G;1,75;2,79;Ativo
74;1456;ALHO PURO SUPER ALHO 200G;3,39;4,79;Ativo
7536;7898944855069;ALHO TRITURADO DAI 200G;2,79;4,19;Ativo
8780;7898913066007;ALHO TRITURADO FAZENDA 160G;2,20;2,49;Ativo
8781;7898913066038;ALHO TRITURADO FAZENDA 400G;5,20;5,49;Ativo
5103;7898924867013;ALHO TRITURADO OKKER 200G;3,60;5,49;Ativo
755;7896100502499;ALIANÇA DE UVA INTG. 1L;4,99;7,49;Ativo
753;7896100501829;ALIANÇA SUCO DE UVA INT. 1.5L;8,99;11,99;Ativo
5167;7891060025439;ALICATE DE CUTICILA MUNDIAL BORBOLETA;7,12;11,99;Ativo
2827;7891060679724;ALICATE DE CUTICILA MUNDIAL CLASSIC 522;15,82;22,49;Ativo
5166;7891060773071;ALICATE DE CUTICILA MUNDIAL SANDY;7,12;11,99;Ativo
6859;7891060969504;ALICATE P/ CUTICULAS PROFISSIONAL MUNDIAL 777;25,07;35,99;Ativo
2775;7891095002498;ALIM BASE GLICOSE YOKI 350G;9,16;13,79;Ativo
7872;7894000021249;ALIM. BASE GLICOSE KARO 350G;14,51;20,99;Ativo
5963;7899306005795;ALIM. BAWWAW CARNE VEG. 50G;2,70;3,99;Ativo
3102;7896029007013;ALIM. WHISKAS S.CARNE 500G;10,86;15,99;Ativo
3101;7896029007020;ALIM. WHISKAS S.PEIXE 500G;10,86;15,99;Ativo
4838;7896000597120;ALIM.AMENDOA ZERO 1L;7,79;10,99;Ativo
1770;7891000049075;ALIM.NELTLE GEMA.OVO.LEG.115G;2,99;4,29;Ativo
2974;7891000049020;ALIM.NESTLE BANANA E AVEIA 115G;3,03;4,99;Ativo
4907;7891000049068;ALIM.NESTLE CARNE LEG.MANDIOQUINHA 115G;4,59;6,49;Ativo
2639;7891000049273;ALIM.NESTLE LAGUMES E CARNE 115G;4,59;6,49;Ativo
2640;7891000049099;ALIM.NESTLE MAC. LEG. CARN 115G;3,03;4,49;Ativo
1767;7891000049051;ALIM.NESTLE MAC.LEG.FGO 115G;3,89;4,99;Ativo
3206;7896029087336;ALIM.PEDIGREE ADULTO ESSENCIAL 900G;10,86;19,99;Ativo
2628;7896029069196;ALIM.PEDIGREE RAÇAS PEQ.1KG;17,00;23,99;Ativo
6250;7896029046746;ALIM.PEDIGREE SABOR CARNE 100G;2,32;3,99;Ativo
2463;7896029022245;ALIM.PEDIGREE SABOR CARNE 100G;2,45;3,49;Ativo
2929;7896029022276;ALIM.PEDIGREE SABOR CORDEIRO 100G;2,65;3,99;Ativo
3788;7896064104128;ALIM.SOJA CAMPO BELO 500G;4,99;7,49;Ativo
10333;7896045115365;ALIM.TRÊS CORAÇÕES.CHOCOLATTO 350G;6,91;9,99;Ativo
9553;7896013521983;ALISANTE HENE PELUCIA FORTE 180G;7,27;10,99;Ativo
9552;7896013521976;ALISANTE HENE PELUCIA MEDIO 180G;7,27;10,99;Ativo
758;7896756802677;ALMADÉN VINHO MERLOT 750ML;12,99;19,99;Ativo
4744;7896031221889;ALMONDEGA BORDON 420G;10,00;14,99;Ativo
547;9046;ALMONDEGAS CONGELADA KG;23,00;29,99;Ativo
6249;7891164020101;ALMONDENGAS DE CARNE AURORA 500G;16,01;22,99;Ativo
12233;7898933653119;BISC DO NORTE FOL FOLHADA 400G;6,40;8,99;Ativo
4413;7896023600432;BISC DUCHEN CHOCOLATE 123G;1,29;1,99;Ativo
8300;7898047045077;BISC FOLHADO S/COCO ALDA REINA 400G;6,00;8,99;Ativo
7942;7896064204576;BISC GALINHA PINTADINHA SANTA ED. 100G;1,56;2,49;Ativo
7944;7896064205559;BISC HELLO KITTY SANTA ED. 100G;1,56;2,49;Ativo
2237;7891000304839;BISC INT. NESFIT C BANANA 160G;2,95;4,49;Ativo
2236;7891000304594;BISC INT. NESFIT C/ MOR. 160G;2,79;3,99;Ativo
8325;7896283007415;BISC JASMINE CACAU E CEREAL 75G;3,39;4,99;Ativo
8324;7896283006494;BISC JASMINE MARACUJA E CHIA 75G;3,39;4,99;Ativo
8341;7898021630817;BISC KELECK MINEIRO 150G;5,91;8,99;Ativo
7044;7896058259018;BISC LEITE C/GOTAS TRIUNFO 248G;4,94;6,99;Ativo
9302;7891340365392;BISC LOOK COOKIES E CREAM 55G;2,19;3,49;Ativo
8276;7891340365576;BISC LOOK S/BRIGADEIRO 55G;2,02;2,99;Ativo
8227;7898406230823;BISC LUANITOS S/CHOCOLATE 110G;1,26;1,49;Ativo
8226;7898406230854;BISC LUANITOS S/FLORESTA NEGRA 110G;1,26;1,49;Ativo
8228;7898406230830;BISC LUANITOS S/MORANGO 110G;1,26;1,49;Ativo
10954;7891203058201;BISC MAISENA CHOCOLATE 400G;6,23;8,99;Ativo
8991;7891962032450;BISC MAIZENA BAUDUCCO 170G;2,75;3,99;Ativo
6008;7896003739138;BISC MAIZENA MARILAN 350G;0,00;5,99;Ativo
7605;7896486206837;BISC MAIZENA PRODASA 400G;3,01;4,99;Ativo
10896;7896058259360;BISC MAIZENA TORTUGUITA 170G;2,83;3,99;Ativo
4387;7896003710199;BISC MAIZENA VIVALE 300G;2,99;4,99;Ativo
6154;7896085087035;BISC MAIZENA ZABET 350G;5,19;7,29;Ativo
8024;7896213006389;BISC MARIA DE LEITE VITARRELA 350G;4,13;5,99;Ativo
5289;7896003738230;BISC MARILAN BAUNY 90G;1,19;1,99;Ativo
5287;7896003737929;BISC MARILAN CHOCOLATE 90G;1,19;1,99;Ativo
8290;7896003738568;BISC MARILAN COCO 350G;4,42;6,49;Ativo
9294;7896003738629;BISC MARILAN CREAM CRACKER 350G;3,97;5,99;Ativo
5286;7896003738247;BISC MARILAN DC DE LEITE 90G;1,19;1,99;Ativo
12136;7896003740325;BISC MARILAN MAIZENA 140GR;2,41;3,69;Ativo
5288;7896003738223;BISC MARILAN MORANGO 90G;1,19;1,99;Ativo
6471;7622210933461;BISC MINI OREO TRAD. 35G;2,14;3,49;Ativo
9119;7896004009940;BISC MINUETO CHOC 81G;1,43;2,49;Ativo
4460;7896011103730;BISC MINUETO CHOCOLATE 115G;1,79;2,99;Ativo
4461;7896011103747;BISC MINUETO MORANGO 115G;1,67;2,49;Ativo
12434;2789607984675;BISC MONT TUB IN DOCE DE LEITE 48G;1,59;2,49;Ativo
10806;7896079846631;BISC MONTE TUBIN S/LIMAO 48G;1,69;2,49;Ativo
4014;7896085086526;BISC MOUSSE ADRIA CHOC.MEIO AMARGO 130G;2,14;3,49;Ativo
4013;7896085086496;BISC MOUSSE ADRIA CHOCOLATE 130G;2,11;3,49;Ativo
4409;7896085086502;BISC MOUSSE ADRIA LIMÃO.CHOC 130G;2,14;3,49;Ativo
4410;7896085086519;BISC MOUSSE ADRIA MORANGO.CHOC  130G;2,04;2,99;Ativo
4447;7891000345658;BISC NEGRESCO NESTLE 100G;1,85;2,69;Ativo
8670;7891000376805;BISC NEGRESCO NESTLE S/MOR 90G;1,59;2,49;Ativo
4881;7622210794772;BISC OREO ORIGINAL 90G;2,60;4,29;Ativo
9777;7622202323614;BISC OREO SELENA GOMEZ 90G;3,16;4,49;Ativo
6900;7891203069924;BISC PALITOS SALGADOS PANCO 300G;3,76;5,49;Ativo
10311;7891203061485;BISC PANCO 140G RECHEADO ESTELAR;1,97;2,99;Ativo
9328;7891203063496;BISC PANCO 365 350G;7,20;9,99;Ativo
3131;7891203063243;BISC PANCO CHOCOLATE 140G;2,03;2,99;Ativo
10283;7891203061416;BISC PANCO CHOCOLATE 80G;3,11;4,49;Ativo
10467;7891203061409;BISC PANCO COCO COB CHOC 80G;3,00;4,99;Ativo
3249;7891203063274;BISC PANCO GOLDEN BLACK 140G;2,03;2,99;Ativo
3746;7891203067982;BISC PANCO GOLDEN BLACK MORANGO 140G;0,50;0,99;Ativo
3180;7891203058171;BISC PANCO MAISENA 400G;5,63;7,99;Ativo
3130;7891203063564;BISC PANCO MOUSSE DE MORANGO 140G;2,12;2,99;Ativo
5526;7891203021113;BISC PANCO S.COCO 365 500G;9,39;13,49;Ativo
6241;7891203058126;BISC PANCO S/COCO 200G;2,80;3,99;Ativo
3132;7891203063229;BISC PANCO TRUFADO 140G;2,12;2,99;Ativo
3289;7891203021120;BISC PANCO WIND 500G;6,96;9,99;Ativo
6718;7896003739312;BISC PAWTROL MARILAN CHOC 80G;1,29;1,99;Ativo
6717;7896003739329;BISC PAWTROL MARILAN MORANGO 80G;1,29;1,99;Ativo
7943;7896064205207;BISC PEPPA PIG SANTA ED. 100G;1,56;2,49;Ativo
7875;7896024761439;BISC PIRAQUE LEITE MALTADO 132G;2,80;3,99;Ativo
6698;7896024760340;BISC PIRAQUE LEITE MALTADO COCO 160G;3,16;4,69;Ativo
7659;7896024761620;BISC PIRAQUE MALTADO BLACK 85G;2,29;3,49;Ativo
8544;7896024761347;BISC PIRAQUE MALTADO CHOC/AVELA 85G;2,49;3,79;Ativo
5533;7896085086465;BISC PLUGADOS ADRIA S.CHOC 130G;1,65;2,69;Ativo
5534;7896085086489;BISC PLUGADOS ADRIA S.LIMÃO 130G;1,65;2,69;Ativo
6224;7896085076190;BISC PLUGADOS MORANGO 130G;1,92;2,99;Ativo
4399;7898931140604;BISC POLVILHO AMAVITA 50G;1,32;2,49;Ativo
3504;7898934910020;BISC POLVILHO ARGOLA QJO 130G;3,60;5,49;Ativo
5713;7898540920086;BISC POLVILHO BISCONOBRE 60G;1,89;2,99;Ativo
3111;7898934910174;BISC POLVILHO BOLINHA QUEIJO 130G;3,60;5,49;Ativo
3113;7898934910051;BISC POLVILHO ESC. MINEIRO 150G;3,60;5,49;Ativo
3110;7898934910013;BISC POLVILHO ESCALADO 130G;3,60;5,49;Ativo
8178;7898026322472;BISC POLVILHO FRITOP 180G;4,79;6,99;Ativo
9364;7898206270364;BISC POLVILHO MINASBOM 80G;2,53;3,79;Ativo
3273;7898027840104;BISC POLVILHO NATURAL 200G;5,10;7,49;Ativo
3503;7898934910372;BISC POLVILHO PALITO CEBOLA 100G;3,60;5,49;Ativo
3112;7898934910044;BISC POLVILHO PAPA OVO 150G;3,60;5,49;Ativo
3109;7898934910068;BISC POLVILHO TRADICIONAL 150G;3,60;5,49;Ativo
8172;7898950172167;BISC PORTO ALEGRE CHAMPAGNE 300G;4,00;5,99;Ativo
4630;7891962050089;BISC RECHEADINHO S.BRIGADEIRO 104G;3,20;4,99;Ativo
6422;7891962036083;BISC RECHEADO VISCONTI CHOC. 125G;1,49;2,25;Ativo
6423;7891962036090;BISC RECHEADO VISCONTI MORANGO 125G;1,49;2,25;Ativo
4595;7896022205140;BISC RENATA AGUA E SAL 200G;2,19;3,29;Ativo
4596;7896022205157;BISC RENATA CREAM CRACKER 200G;2,19;3,29;Ativo
8619;7896022208028;BISC RENATA CRISTAL 420G;5,49;7,99;Ativo
10590;7896213004835;BISC ROSQ CHOC VITARELLA 300G;0,00;5,99;Ativo
4607;7896011102702;BISC ROSQUINHA DE LEITE PARATI 335G;5,07;7,29;Ativo
9167;7891203050663;BISC ROSQUINHA MILHO VERDE 500G;7,84;10,99;Ativo
10320;7896005211069;BISC SALT PLUS GERGLIM 360G;4,68;6,99;Ativo
7047;7896005223512;BISC SALT PLUS INT SOL 360G;4,20;6,99;Ativo
10319;7896005211052;BISC SALT PLUS MANTEIGA SOL 360G;4,66;6,99;Ativo
7048;7896005223475;BISC SALT PLUS ORI SOL 360G;4,70;6,99;Ativo
7922;7896064204903;BISC SANTA EDWIGWS AVEIA/MEL 100G;1,56;1,99;Ativo
5523;7898673680048;BISC SEGR.MINAS BAMBOLE RECHEADO 150G;3,29;4,75;Ativo
5525;7898673680109;BISC SEGR.MINAS BELISCÃO 150G;3,29;4,75;Ativo
5524;7898673680147;BISC SEGR.MINAS CAVACA 150G;3,29;4,75;Ativo
5520;7898673680031;BISC SEGR.MINAS FLORZINHA 150G;3,29;4,75;Ativo
5521;7898673680079;BISC SEGR.MINAS UGA-UGA 150G;3,29;4,75;Ativo
7284;7898254930012;BISC SR BELISCAO 150G;2,76;3,99;Ativo
10901;7896003739886;BISC TEENS RECHE AVELA;0,99;1,99;Ativo
9131;7896003737394;BISC TEENS S/CHOCOLATE 80G;2,47;3,49;Ativo
3288;7891203022004;BISC TICA SORTIDOS 500G;5,93;8,49;Ativo
2613;7896071024822;BISC TODDY CHOC E BAUN 100G;1,78;2,79;Ativo
4656;7896071025393;BISC TODDY TRUFADO 94G;2,13;2,99;Ativo
4015;7896085086632;BISC TORTINHAS ADRIA CHOCOLATE 140G;2,58;3,79;Ativo
4016;7896085086649;BISC TORTINHAS ADRIA LIMÃO 140G;2,58;3,79;Ativo
8553;7896085086656;BISC TORTINHAS BRIGADEIRO 140G;2,58;3,79;Ativo
8012;7896085086601;BISC TORTINHAS CHOC/AVELA 140G;2,53;3,79;Ativo
7935;7896085086533;BISC TORTINHAS S/CHOC BRANCO 140G;2,53;3,79;Ativo
7934;7896085086625;BISC TORTINHAS S/MORANGO 140G;2,53;3,79;Ativo
7257;7896058258639;BISC TORTUGUITA BAUNILHA 120G;2,00;2,79;Ativo
7258;7896058258646;BISC TORTUGUITA BRIGADEIRO 120G;2,00;2,79;Ativo
7506;7896058258653;BISC TORTUGUITA CHOC 120G;2,00;2,79;Ativo
10892;7896058200218;BISC TORTUGUITA CHOC 43G;0,99;1,49;Ativo
7256;7896058258660;BISC TORTUGUITA MORANGO 120G;2,00;2,79;Ativo
3861;7898597270035;AMEIXA SELECIONADA UN;3,50;5,99;Ativo
1953;7896292314672;AMEIXA.CALDA SOFRUTA 150G;4,39;6,19;Ativo
1954;7896292314696;AMEIXA.SECA SOFRUTA 150G;4,75;5,99;Ativo
2349;7891089062736;AMEIXA.SECA VIOLETERA S/CAROÇO;8,65;12,49;Ativo
4300;7896025801899;AMEIXAS EM CALDA CEPERA 150G;7,65;11,49;Ativo
5228;7896336000530;AMEN SANTA HELENA MENDORADO 70G;1,95;2,99;Ativo
6893;7892840814748;AMENDOIM AEM PELE ELMA CHIPS 100G;5,96;8,49;Ativo
2100;7891965227402;AMENDOIM BRANCO HIKARI 500G;7,85;11,49;Ativo
3222;7897115100175;AMENDOIM C/PELE AMENDUPÃ 50G;1,10;1,99;Ativo
4109;7896064104012;AMENDOIM CAMPO BELO 500G;6,67;9,99;Ativo
3224;7899934400016;AMENDOIM CEB.SALSA EMP.D ÁVIL 40G;1,40;1,99;Ativo
7443;7897064812068;AMENDOIM CHOC KUKY 100G;1,53;2,49;Ativo
3743;7897115108232;AMENDOIM COLORIDO AMENDUPÃ 60G;1,10;1,99;Ativo
3225;7899934400047;AMENDOIM COM PELE EMP.D ÁVIL 40G;1,40;1,99;Ativo
4730;7896336002923;AMENDOIM CROCANTE CROKISSIMO 30G;0,83;1,25;Ativo
934;7897457620041;AMENDOIM CRU BAMBU 500G;6,99;5,99;Ativo
9805;7896067002124;AMENDOIM CRU CORDEIRO 500G;9,98;14,99;Ativo
5323;7899934400597;AMENDOIM DAVILLA SEM PELE 50G;8,50;13,49;Ativo
5324;7898331012402;AMENDOIM DAVILLA SEM PELE 50G;2,62;3,99;Ativo
3290;7899934400764;AMENDOIM DOCE 50G;1,45;1,99;Ativo
4840;7891095002160;AMENDOIM DOCE PRALINÊ 150G;6,77;9,99;Ativo
2219;7896058597752;AMENDOIM DORI TORRADO ALHO 90G;0,00;3,49;Ativo
7654;7897064811115;AMENDOIM FRITO KUKY 100G;2,39;3,49;Ativo
4839;7891095002177;AMENDOIM JAPONÊS 150G;5,90;7,99;Ativo
3221;7897115108218;AMENDOIM JAPONES AMENDUPÃ 60G;1,45;2,49;Ativo
6846;7892840821715;AMENDOIM JAPONES C/PETISQUEIRA ELMA CHIPS;0,00;9,99;Ativo
7655;7897064811610;AMENDOIM JAPONES KUKY 100G;2,39;3,49;Ativo
10839;7891095911783;AMENDOIM JAPONES YOKI 120G;4,81;6,99;Ativo
4102;7898551749720;AMENDOIM MIX EMP.DÁVILA 500G;13,43;19,99;Ativo
5532;7896058599053;AMENDOIM PETTIZ JAPONES 50G;2,29;3,49;Ativo
4891;7896058599060;AMENDOIM PETTIZ SEM PELE 50G;2,05;3,49;Ativo
3226;7899934400023;AMENDOIM SAB. PICANHA EMP.D ÁVIL 40G;1,40;1,99;Ativo
3227;7899934400337;AMENDOIM SAB.TRAD. EMP.D ÁVIL 40G;1,40;1,99;Ativo
3742;7897115108027;AMENDOIM SABOR CHURRASCO AMENDUPÃ 60G;1,10;1,99;Ativo
5322;7899934400573;AMENDOIM SABOR TRADICIONAL 400G;10,97;15,99;Ativo
7637;7891095910946;AMENDOIM SALGADO YOKI 150G;5,90;8,49;Ativo
7741;7891095002146;AMENDOIM SALGADO YOKI DESCASCADO 150G;5,33;7,99;Ativo
4836;7897115100229;AMENDOIM SEM PELE AMENDUPÃ 50G;0,86;1,99;Ativo
3223;7899934400054;AMENDOIM SEM PELE EMP.D ÁVIL 40G;1,40;1,99;Ativo
105;1689;AMENDOIM TORRADO ALHO DORI 90G;2,30;3,49;Ativo
2198;7896058597769;AMENDOIM TORRADO CEB. DORI 90G;2,30;3,49;Ativo
3744;7897115103916;AMENDOIM TORRADO COM LIMÃO 50G;1,10;1,99;Ativo
7653;7897064811122;AMENDOIM TORRADO KUKY 100G;2,39;3,49;Ativo
3197;7897115103879;AMENDOIM TORRADO PIN NUTTS 30G;0,58;1,00;Ativo
4835;7897115108263;AMENDOIM TORRADO SEM PELE 50G;0,86;1,99;Ativo
3764;7891095011605;AMENDOIM YOKI 500G;12,80;15,99;Ativo
2293;7896336006464;AMENDOIN MENDORATO 30G;0,75;1,25;Ativo
2919;7896336002862;AMENDOIN STA HELENA LEV SALGADO 90G;3,05;4,49;Ativo
2918;7896336002886;AMENDOIN STA HELENA PIM.SUAVE 90G;3,05;4,49;Ativo
2920;7896336002879;AMENDOIN STA HELENA SALSA E CEBOLA 90G;3,05;4,49;Ativo
1777;7894000010021;AMIDI DE MILHO MAIZENA 500G;9,35;13,49;Ativo
6232;7896327512615;AMIDO DE MILHO APTI 200G;2,69;3,99;Ativo
899;7897457621246;AMIDO DE MILHO BAMBU 200G;1,55;2,79;Ativo
9758;7896005212639;AMIDO DE MILHO DONA BENTA 200G;4,65;6,99;Ativo
4661;7896490288812;AMIDO DE MILHO KIMIMO 200G;3,20;4,99;Ativo
8457;7896490288805;AMIDO DE MILHO KIMIMO 500G;3,36;5,99;Ativo
10866;7896706300642;AMIDO DE MILHO MAISCERTA NEILAR 200G;0,00;3,99;Ativo
7005;7891150055070;AMIDO DE MILHO MAIZENA 200G;3,41;4,99;Ativo
897;7894000010014;AMIDO DE MILHO MAIZENA 200G;3,49;5,99;Ativo
612;789819;AMIDO DE MILHO MAIZENA 500G;6,74;9,99;Ativo
9954;7891150066106;AMIDO DE MILHO MAIZENA 500G;7,41;10,99;Ativo
9796;7898236720204;AMIDO DE MILHO MONOPOL 200G;2,50;3,99;Ativo
4662;7896102514025;AMIDO DE MILHO QUERO 200G;3,29;4,99;Ativo
6439;7898224530419;AMIDO DE MILHO TRISANTI 200G;1,85;2,99;Ativo
1253;7896902210905;AMÔNIA FARMAX 100ML;0,99;2,49;Ativo
2830;7896679220121;AMONIA IDEAL 100ML;1,32;1,99;Ativo
8354;7506309889399;AMPOLA PANTENE HIDRATACAO 3UN;15,80;22,49;Ativo
8355;7500435020442;AMPOLA PANTENE NUTRICAO 3UN;15,80;22,49;Ativo
7638;7896002311540;ANA MARIA AVELA 35G;2,12;2,99;Ativo
6701;7896002303781;ANA MARIA BAUNILHA 35G;1,73;2,79;Ativo
6428;7896002366557;ANA MARIA CENOURA C/ CHOC. 35G;1,72;2,49;Ativo
7564;7896002301510;ANA MARIA CHO/CHOC 35G;1,73;2,49;Ativo
6431;7896002310567;ANA MARIA CHURROS 35G;1,43;1,99;Ativo
6429;7896002362054;ANA MARIA COBERTA CHOC. 42G;2,12;2,99;Ativo
6427;7896002302661;ANA MARIA DP CHOC. 35G;1,61;2,49;Ativo
6702;7896002301497;ANA MARIA GOTAS DE CHOC 35G;1,72;2,49;Ativo
9984;7896002311823;ANA MARIA MORANGO 70G;2,83;3,99;Ativo
6430;7896002368230;ANA MARIA NAPOLITANO 42G;2,12;2,99;Ativo
8567;7896002311847;ANA MARIA S/BANOFFEE 70G;2,83;3,99;Ativo
12457;7896002369992;ANA MARIA S/CENOURA E CHOC 70G;2,83;3,99;Ativo
8620;7898921567794;ANEIS DE CEBOLA BEM BRASIL 1.05KG;15,90;24,99;Ativo
6338;7898921567688;ANEIS DE CEBOLA BEMBRASIL 400G;9,96;14,99;Ativo
8694;7897200606056;ANEIS DE CEBOLA CANCAO 1.100KG;18,58;27,99;Ativo
5385;7896246310910;ANT. UP CLINICAL 72H 60ML;5,79;8,49;Ativo
5384;7896246310934;ANT. UP MEN 72H 60ML;5,79;8,49;Ativo
2899;7898032680054;ANTI MOFO SAMPA CLEAN 25G;2,48;3,99;Ativo
10036;7891010987770;ANTI SEPTICO LISTERINE ANTICARIES MENTA 250ML;14,58;20,99;Ativo
4544;7899674017079;ANTITRASPIRANTE ABOVE LADY 150ML;5,43;7,99;Ativo
4543;7899674017109;ANTITRASPIRANTE ABOVE URBAN 150ML;6,36;8,99;Ativo
10493;7891060855777;AP BARBEAR DE METAL FLEX MUNDIAL;6,49;9,99;Ativo
10883;70330717534;AP BIC COMFORT;3,36;5,49;Ativo
7602;70330717541;AP BIC COMFORT 2;3,68;5,49;Ativo
7636;70330709485;AP BIC COMFORT 2 LAMINAS UN;1,58;2,99;Ativo
10158;70330727991;AP BIC COMFORT 3 BLACK NIGHT;3,68;5,49;Ativo
10159;70330717572;AP BIC COMFORT 3 PELE SENSIVEL UN;3,68;5,49;Ativo
7600;70330727984;AP BIC COMFORT BLACK 1UN;3,09;4,99;Ativo
7601;733717565;AP BIC COMFORT SENSITIVE 1UN;3,35;4,99;Ativo
7603;3079485;AP BIC COMFORT SENSITIVE 2;1,55;2,49;Ativo
7042;70330732339;AP BIC LADY LV5 PG4;4,67;6,99;Ativo
12343;7898291219538;AP BOZZANO I SHAVE C/2;9,34;15,99;Ativo
7082;7702018880409;AP GILLETE PRESTO3 1UN;4,65;6,49;Ativo
659;7891051026773;AP GILLETTE CADA;1,90;2,99;Ativo
10942;7500435167246;AP GILLETTE PRESTO 2 SENSITIVE;1,98;3,99;Ativo
9555;7500435253673;AP PREST CARVAO 1UN;4,56;6,49;Ativo
6511;7702018072392;AP VENUS GILLETE C/2UN;11,44;15,99;Ativo
9906;7500435251938;AP VENUS SUAVE 1UN;3,46;5,99;Ativo
6823;70330717565;APAR.BIC CONFORT3;0,00;4,99;Ativo
5364;70330728509;APAR.BIC SENEITIVE LV7 PG6;4,89;7,49;Ativo
4428;7898024830474;APAREL. SBP ELETRICO PASTILHA;22,90;34,99;Ativo
5629;7894650013281;APARELHO + REFIL RAID 32.9ML;14,71;21,99;Ativo
1622;6980410223159;APARELHO DE BARB. SEKICH C/2UN;1,98;3,99;Ativo
354;6586;APARELHO DE BARBEAR BIC UN;0,72;1,49;Ativo
4980;7500435141536;APARELHO DE BARBEAR RECARREGAVEL UNID;11,53;17,99;Ativo
6766;7891136065208;APERITIVO DE ALCACHOFRA CYNAR 900ML;17,99;25,99;Ativo
8941;7898964630110;APITO LOKO 15G;2,45;3,49;Ativo
10450;7891164007171;APRESUNTADO FATIADO AURORA 180G;4,74;6,99;Ativo
254;3584;APRESUNTADO GRANEL KG;14,36;24,99;Ativo
8147;7898905706034;AREIA GATISSIMO 4KG;7,60;10,99;Ativo
6186;7898961071046;AREIA P/ GATOS HIGICAT 4KG;5,07;7,99;Ativo
5391;7898252010013;AREIA P/ GATOS MAZCAT 4KG;7,42;10,49;Ativo
7237;7898905706195;AREIA P/GATOS MR MIAU 4KG;4,18;5,99;Ativo
7041;7898905706010;AREIA SANIT P/GATOS KETS 4KG;6,09;10,99;Ativo
5571;7899306004231;AREIA SANITÁRIA BEAUTY PET 4KG;6,64;11,99;Ativo
8449;7898905706584;AREIA SANITÁRIA KETS PREMIUM 4KG;7,13;10,99;Ativo
9285;7898905706102;AREIA SANITARIA TALCO KETS 4KG;7,42;11,99;Ativo
3413;7898142865099;ARGO TORTUGUITA 15.5G;1,30;1,99;Ativo
9614;7891700080354;ARISCO CALDO CARNE 57G;1,31;2,49;Ativo
9613;7891700080415;ARISCO CALDO GALINHA CAIPIRA 57G;1,50;2,49;Ativo
10606;7898236721232;AROMA ARTIFICIAL BAUNILHA MONOPOL 30ML;3,57;5,29;Ativo
5552;7896056100411;AROMA BAUNILHA ARRIFANA 30ML;2,29;4,99;Ativo
4301;7891048043035;AROMA BAUNILHA DR. OETKER 30ML;7,29;9,99;Ativo
4303;7891965521609;AROMA BAUNILHA HIKARI 30ML;2,75;4,19;Ativo
10140;7897744504160;AROMAT.AMB.COALA 120ML FLOR FIGO;9,54;13,99;Ativo
10224;7897744505914;AROMATIZADOR LAVANDA COALA 400ML;8,00;14,99;Ativo
6903;7897375134781;AROMATIZANTE LAVANDA RAMAS 140ML;5,99;8,99;Ativo
7006;7897375134897;AROMATIZANTE LIMAO SICILIANO 140ML;0,00;8,99;Ativo
6902;7897375134774;AROMATIZANTE NATURA RAMAS 140ML;5,99;8,99;Ativo
4852;7896099100010;ARROZ 5 ESTRELA T1 5KG;14,99;17,99;Ativo
1534;7896011906874;ARROZ BLUE VILLE TP1 5KG;9,90;17,99;Ativo
3647;7893500024682;ARROZ BRANCO BIJU 1KG;3,19;4,49;Ativo
4172;7896011906881;ARROZ BRANCO BLUE VILLE 1KG;2,90;4,29;Ativo
7027;7896901200235;ARROZ BRANCO BROTO LEGAL 1KG;6,12;7,99;Ativo
7538;7896086419941;ARROZ BRANCO FAMIL 5KG;15,90;20,99;Ativo
6914;7896063700109;ARROZ BRANCO GUACIRA 5KG;23,99;29,99;Ativo
4572;7896070800069;ARROZ BRANCO PANTERA 1KG;4,29;5,39;Ativo
8976;7896006711100;ARROZ BRANCO POP T1 1KG;5,25;6,39;Ativo
4113;7896290300288;ARROZ BRANCO PRATO FINO 1KG;5,50;7,49;Ativo
3648;7893500020271;ARROZ BRANCO TIO JOAO 1KG;5,90;7,99;Ativo
6636;7898252099902;ARROZ BRANCO TIO LANO 5KG;17,98;21,99;Ativo
7020;7896038321056;ARROZ BRANCO URBANO 1KG;5,31;6,99;Ativo
7028;7896038321704;ARROZ BRANCO URBANO 2KG;10,62;13,99;Ativo
8096;7896079451156;ARROZ BUTUI TIPO 1 5KG;13,39;18,99;Ativo
969;7896006751151;ARROZ CAMIL PARB. TIPO 1 5KG;18,90;27,99;Ativo
937;7896006711315;ARROZ CAMIL TIPO 1 1KG;3,80;5,49;Ativo
938;7896006712114;ARROZ CAMIL TIPO 2 1KG;0,00;2,49;Ativo
2098;7896006711254;ARROZ CAMIL TIPO1 5KG;16,89;23,99;Ativo
4220;7896084700515;ARROZ CAMPEIRO T1 5KG;6,54;15,99;Ativo
972;7896786400102;ARROZ DONA MILÚ TIPO 1 5KG;9,99;14,99;Ativo
7023;7896901200457;ARROZ INTEGRAL BROTO LEGAL 1KG;5,79;7,99;Ativo
4382;7896006755517;ARROZ INTEGRAL CAMIL 1KG;5,70;7,99;Ativo
4762;7893500018483;ARROZ INTEGRAL TIO JOÃO 1KG;4,59;5,99;Ativo
7022;7896038308057;ARROZ INTEGRAL URBANO 1KG;3,99;6,49;Ativo
1445;7896401100325;ARROZ MÁXIMO TIPO 1 5KG;14,99;20,99;Ativo
2436;7893500020318;ARROZ MEU BIJU 5KG;25,73;32,49;Ativo
7457;7896079441119;ARROZ NAMORADO PARBOLZADO 1KG;6,05;7,99;Ativo
970;7896079431158;ARROZ NAMORADO TIPO 1 5KG;15,49;21,99;Ativo
2179;7896079431318;ARROZ NAMORADO TIPO1 1KG;3,50;5,29;Ativo
7526;7897980300038;ARROZ NUTRIPAR 5KG;11,59;15,99;Ativo
10199;7896062601322;ARROZ ORIENTAL SOLITO INARI1KG;9,05;13,99;Ativo
5356;7896038304035;ARROZ P/ CAES AU AU 5KG;9,25;13,49;Ativo
9129;7893500026587;ARROZ P/COZINHA ORIENTAL NIKKOH 1KG;12,00;17,99;Ativo
971;7896070800090;ARROZ PANTERA PREM. TIPO 1 5KG;0,00;14,99;Ativo
7882;7896011900025;ARROZ PARB BLUE VILLE 1KG;3,49;5,99;Ativo
7019;7896401100554;ARROZ PARB MAXIMO 5KG;15,10;19,99;Ativo
7289;7896380200573;ARROZ PARB VILA NOVA 5KG;25,30;30,99;Ativo
1776;4789600671631;ARROZ PARBO.CAMIL 1KG;3,89;5,49;Ativo
9629;7896062699855;ARROZ PARBOILIZADO SOLITO 1KG;4,85;6,99;Ativo
10786;7896401100547;ARROZ PARBOLIZADO MAXIMO 1KG;3,05;3,99;Ativo
5363;7896086419774;ARROZ PATÉKO T1 5KG;16,99;20,99;Ativo
2894;7896290300011;ARROZ PRATO FINO 5KG;22,90;29,99;Ativo
2152;7896290300714;ARROZ PRATO FINO INT. 1KG;4,18;6,49;Ativo
10854;7896276013058;ARROZ RAROZ PARBO 5KG;12,89;19,99;Ativo
9645;7896276010057;ARROZ RAROZ TP1 5KG;14,90;20,99;Ativo
6949;7896584300352;ARROZ SABOROS T1 1KG;3,05;5,49;Ativo
12359;7896584300246;ARROZ SABOROSO 2KG;6,29;8,99;Ativo
8617;7896584300345;ARROZ SABOROSO INTEGRAL 1KG;5,39;8,49;Ativo
8618;7896584301328;ARROZ SABOROSO PARBOILIZADO 5KG;14,89;22,99;Ativo
1003;7896584300031;ARROZ SABOROSO TIPO 1 5KG;15,69;19,99;Ativo
8142;7896901200013;ARROZ SERRAZUL TIPO1 5KG;27,55;32,99;Ativo
940;7896062601063;ARROZ SOLITO INTEGRAL 1KG;3,83;5,99;Ativo
10486;7896062699893;ARROZ SOLITO PARBOILIZADO 5KG;17,50;22,99;Ativo
7422;7896062699848;ARROZ SOLITO PREMIUM 5KG;21,90;29,99;Ativo
10487;7896062699831;ARROZ SOLITO PREMIUM T1 1KG;4,30;5,99;Ativo
10488;7896062601094;ARROZ SOLITO T1 2KG;6,67;9,49;Ativo
1774;7896062699961;ARROZ SOLITO T1 5KG;14,99;20,99;Ativo
939;7896062699978;ARROZ SOLITO TIPO 1 1KG;3,39;4,99;Ativo
1775;7893500020158;ARROZ TIO JOÃO T1 5KG;28,50;35,99;Ativo
8257;7896038321032;ARROZ URBANO 5KG;24,90;32,99;Ativo
10782;7896038398058;ARROZ VITAMINADO URBANO 1KG;3,29;4,49;Ativo
4140;7891150068285;ARROZINA TRADICIONAL 180G;5,32;7,99;Ativo
570;7897606700280;ASA DE FRANGO;11,85;17,99;Ativo
6819;7893000436992;ASAS INTEIRAS SADIA 1KG;9,90;13,99;Ativo
2088;7896092505133;ASKOV ICE GIN E TONICA 275ML;3,65;4,99;Ativo
2087;7896092505140;ASKOV ICE VINHO 275ML;3,65;4,99;Ativo
2086;7896092503306;ASKOV REMIC MARACUJÁ 275ML;3,99;5,49;Ativo
6647;7896699023764;ASPIRADOR NASAL 2EM1 AZUL LOLLY;11,90;17,49;Ativo
6648;7896699023788;ASPIRADOR NASAL 2EM1 ROSA LOLLY;11,90;17,49;Ativo
1571;7891515472764;ASSA FÁCIL COXS PERDIGÃO 1.2KG;9,89;14,79;Ativo
5453;7908026000666;ASSADEIRA ALUMINIO BOMPACK 4L;5,00;7,49;Ativo
5454;7908026000673;ASSADEIRA ALUMINIO BOMPACK 7L;6,00;10,49;Ativo
10614;7898958607968;ASSADEIRA DE ALUMINIO LIFE CLEAN 4L;3,76;5,99;Ativo
10615;7898958607975;ASSADEIRA DE ALUMINIO LIFE CLEAN 7L;5,93;9,49;Ativo
8509;7898608572844;ASSADEIRA OVAL BRICOFLEX 4L;4,85;6,99;Ativo
9556;7898147772026;ASSADEIRA PANELUX 27X18CM;16,37;24,99;Ativo
9740;7896856320545;ASSADEIRA RETANGULAR;15,80;32,99;Ativo
1013;7898188094132;ASSENTO SANITÁRIO METASUL;0,00;25,00;Ativo
1012;7898188094194;ASSENTO SANITÁRIO METASUL;0,00;25,00;Ativo
1011;7896725717506;ASSENTO SANITÁRIO PLASTIBRASIL;0,00;18,50;Ativo
8356;7891800000689;ATADURA CREPOM CREMER 15CM;3,39;4,79;Ativo
8357;7891800000641;ATADURA CREPOM CREMER 6CM;1,50;2,19;Ativo
205;2565;ATEMOIA KG;12,50;18,49;Ativo
7008;7891167011717;ATUM EM PEDACOS GOMES 170G;7,75;11,99;Ativo
7267;7891167011724;ATUM PEDACOS NATURAL GOMES 170G;7,99;11,99;Ativo
7700;7896009301117;ATUM RALADO C/MOLHO COQUEIRO 160G;4,99;6,99;Ativo
2332;7896009301131;ATUM RALADO COQUEIRO 170G;7,06;10,49;Ativo
5618;7891167011748;ATUM RALADO EM OLEO GOMES 130G;5,99;11,49;Ativo
7135;7891167011779;ATUM RALADO GOMES 170G;6,49;9,49;Ativo
3572;7896009301124;ATUM RALADO NATURAL COQUEIRO 170G;3,99;5,99;Ativo
10432;7891167011960;ATUM RALADO PICANTE GOMES 170G;6,00;8,99;Ativo
7003;7891167011731;ATUM SOLIDO GOMES 170G;7,99;11,99;Ativo
9014;7891167011755;ATUM SOLIDO NATURAL GOMES DA COSTA 170G;8,29;12,49;Ativo
1876;7896009301155;ATUM. S COQUEIRO 120G;8,67;12,49;Ativo
1877;7896009301148;ATUM. SOL NAT COQUEIRO 130G;8,67;12,49;Ativo
269;3987;AUROGETTS KG;14,99;28,99;Ativo
9515;7891164110819;AUROGGETS AURORA KIDS 275G;5,16;7,49;Ativo
7400;7891164110741;AUROGGETS C/CENOURA AURORA 275G;6,72;9,49;Ativo
7227;7891164110680;AUROGGETS C/QUEIJO AURORA 900G;15,74;22,99;Ativo
7228;7891164110628;AUROGGETS CROCANTE AURORA 900G;15,83;22,99;Ativo
347;7891164110734;AUROGGETS TRAD. AURORA 1KG;14,95;29,99;Ativo
7948;7891164110703;AUROGGETS TRADICIONAL AURORA 900G;10,10;16,99;Ativo
8856;7891048046500;AVEIA CHOCOLATE+CHIA D.OETKER 67G;3,78;5,49;Ativo
1477;7891331010584;AVEIA EM F. FINOS NUTRY 170G;1,89;1,99;Ativo
900;7891095028337;AVEIA EM F. FINOS YOKI 170G;4,00;5,99;Ativo
4406;7896327501855;AVEIA EM FLOCOS APTI 150G;2,90;4,29;Ativo
4407;7896327501879;AVEIA EM FLOCOS FINOS APTI 150G;2,90;4,29;Ativo
5110;7892840815769;AVEIA EM FLOCOS FINOS QUAKER 165G;3,79;5,99;Ativo
7854;7898080642936;AVEIA EM FLOCOS ITALAC 165G;3,00;4,49;Ativo
6726;7891000370728;AVEIA EM FLOCOS NESTLE 170G;2,82;3,99;Ativo
5106;7892840815752;AVEIA EM FLOCOS QUAKER 165G;3,79;5,99;Ativo
9095;7891095028344;AVEIA EM FLOCOS YOKI 170G;4,00;5,99;Ativo
6725;7891000370643;AVEIA FLOCOS FINOS NESTLE 170G;2,82;3,99;Ativo
2103;7891000102640;AVEIA NESTLE FLOCOS 170G;3,39;4,99;Ativo
2102;7891000102626;AVEIA NESTLE FLOCOS FINOS 170G;3,39;4,99;Ativo
2104;7892840815783;AVEIA QUAKER 165G;4,49;5,99;Ativo
8855;7891048046494;AVEIA WHEY PROTEIN  D.OETKER 67G;4,15;5,99;Ativo
878;7898075649957;AZ. VER. C. BELO S/ CAROÇO 160;1,99;2,99;Ativo
683;7896286614191;AZEDINHA MORANGO 29G;0,55;0,99;Ativo
684;7896286615334;AZEDINHA UVA 29G;0,55;0,99;Ativo
1734;7898075649995;AZEI.CAM.BELO C.CAROÇO 180G;4,25;5,99;Ativo
1735;7898075649964;AZEI.CAM.BELO FATIADAS 270G;2,69;3,79;Ativo
881;7898137935219;AZEIT. VERD. FAT. TING 230G;2,49;3,99;Ativo
880;7891089100209;AZEIT. VERD. LA PREFERIDA 800G;5,99;7,99;Ativo
882;7898137933543;AZEIT. VERD. TING 160G;1,99;2,99;Ativo
1009;7898647930476;AZEIT. VERDES GRAN ROMANO 170G;1,10;2,49;Ativo
879;7898174850285;AZEIT. VERDES SABOROSAS 320G;3,49;4,99;Ativo
3076;5601216120114;AZEITE  DE OLIVA ANDORINHAS 500ML;16,90;22,99;Ativo
3920;7898935157028;AZEITE + OLÉO MISTO 500ML;8,91;13,99;Ativo
1897;5601216120152;AZEITE ANDORINHA EX.VIRG 500ML;24,89;39,99;Ativo
12274;7898919754366;AZEITE COMPOSTO TRADICAO 500ML;8,70;13,99;Ativo
2500;5601024022013;AZEITE DE OLIVA ANDORINH 500ML;22,99;29,99;Ativo
4305;5601216110016;AZEITE DE OLIVA ANDORINHA 200ML;8,30;11,99;Ativo
2601;8423243009340;AZEITE DE OLIVA ESPANHA 250ML;10,00;14,99;Ativo
872;5601252106103;AZEITE DE OLIVA GALLO 500ML;8,49;8,99;Ativo
2602;8423243009333;AZEITE DE OLIVA PORTUGAL 250ML;10,00;14,99;Ativo
4910;5601252118519;AZEITE DE OLIVA TIPO UNICO 500ML;23,03;29,99;Ativo
3307;7790070218216;AZEITE DE OLIVIA EXT. VIRGEM COCINERO;21,92;32,49;Ativo
5466;7896056100121;AZEITE DENDE ARRIFANA 200ML;7,16;10,99;Ativo
9207;7893595225186;AZEITE DENDE BAHIA 200ML;6,49;8,99;Ativo
3077;5601216120053;AZEITE EXTRA VIRGEM ANDORINHAS 250ML;22,90;29,99;Ativo
4878;5601252102433;AZEITE EXTRA VIRGEM GALLO 250ML;14,90;22,99;Ativo
3575;5601252231164;AZEITE EXTRA VIRGEM GALLO 500ML;24,90;39,99;Ativo
4552;7891167000001;AZEITE EXTRA VIRGEM GOMES.C 500ML;22,92;34,99;Ativo
2855;7896036093085;AZEITE MARIA TRAD. 200ML;9,20;14,49;Ativo
6177;7908435500153;AZEITE QUINTA 500ML;10,50;15,49;Ativo
9015;5601252106288;AZEITE SUAVE GALO PORTUGAL 250ML;14,52;21,99;Ativo
1882;7896025800106;AZEITE.DENDE CEPERA 100ML;7,71;11,99;Ativo
1226;7898016921036;AZEITE.DENDE CEPERA 100ML;3,99;5,79;Ativo
6289;7891031116906;AZEITONA C/CAROÇO HEMMER 140G;4,39;6,49;Ativo
10908;7898075649827;AZEITONA CAMPO BELO S CAROCO 160G;10,69;14,99;Ativo
2912;7896760952511;AZEITONA FAISÃO VERDE FATIADAS SACHE 280G;4,10;6,19;Ativo
2911;7896760952528;AZEITONA FAISÃO VERDE VSEM CAROÇO SACHE 280G;3,89;5,99;Ativo
9672;5601252115709;AZEITONA GALLO C/CAROCO 840G;13,77;19,99;Ativo
8817;4789108944794;AZEITONA LA VIOLETERA C/CAROCO 250G;4,67;7,49;Ativo
8816;7891089447939;AZEITONA LA VIOLETERA S/ CAROCO 250G;5,71;8,49;Ativo
12400;7891089018931;AZEITONA LA VIOLETERA S/CAROCO  160GR;7,40;10,99;Ativo
12401;7891089440572;AZEITONA PRETA  VIOLETERA 80G;6,73;9,99;Ativo
3978;7898174853361;AZEITONA PRETA TÍO PACO 150G;2,13;2,50;Ativo
6288;7891031116883;AZEITONA PRETAS HEMMER 140G;7,85;10,99;Ativo
2031;7896237902292;AZEITONA RAIOLA DESC. 150G;5,13;7,19;Ativo
2029;7896237902285;AZEITONA RAIOLA FATIADAS 150G;5,89;8,29;Ativo
2030;7896237902278;AZEITONA RAIOLA INTEIRAS 180G;3,07;4,99;Ativo
3979;7898174853316;AZEITONA RECHEADA TÍO PACO 150G;2,61;3,99;Ativo
6290;7891031116951;AZEITONA RECHEADAS HEMMER 140G;5,15;7,49;Ativo
6291;7891031116920;AZEITONA S/CAROÇO HEMMER 140G;5,15;7,49;Ativo
10884;7891089100360;AZEITONA VERDE  C/CAROCO VIOLETERA 200 G;5,29;8,49;Ativo
5108;7896183001896;AZEITONA VERDE FAT.RIVOLI 300G;6,00;8,99;Ativo
3980;7891089100018;AZEITONA VERDE LA VIOLETERA 150G;3,29;4,99;Ativo
5109;7896183001650;AZEITONA VERDE RIVOLI 160G;2,21;3,49;Ativo
5107;7896183001889;AZEITONA VERDE RIVOLI 300G;6,00;8,99;Ativo
5557;7896183001872;AZEITONA VERDE RIVOLI RECH.330G;6,43;8,99;Ativo
10434;7898137934168;AZEITONA VERDE TING C/CAROCO 150G;4,59;6,49;Ativo
10433;7898137935226;AZEITONA VERDE TING S/CAROCO 120G;4,59;7,49;Ativo
6822;7896237903145;AZEITONAS DESCAROÇADAS LOLITA 80G;2,87;3,99;Ativo
6820;7896237903138;AZEITONAS FATIADAS LOLITA 80G;2,87;3,99;Ativo
3977;7898174853309;AZEITONAS FATIADAS TÍO PACO 150G;2,62;3,99;Ativo
6821;7896237903121;AZEITONAS INTEIRAS LOLITA 80G;2,29;3,49;Ativo
8171;7896348211672;AZEITONAS JUREIA FATIADAS 130G;4,73;6,99;Ativo
8170;7896348211474;AZEITONAS JUREIA S/ CAROCO 120G;5,20;7,49;Ativo
8815;7891089447953;AZEITONAS LA VIOLETERA FATIADAS 250G;4,90;7,49;Ativo
9888;7896237903244;AZEITONAS PRETAS FATIADAS RAIOLA 150G;9,50;13,49;Ativo
12355;7896183001438;AZEITONAS RIVOLI C/CAROCO 200G;6,16;8,99;Ativo
9274;7891089100575;AZEITONAS VERDE LA VIOLETERA 100G;3,07;4,49;Ativo
8036;7898270968952;AZEITONAS VERDE PONZAN C/CAROCO 150G;2,99;4,49;Ativo
123;1818;B- READY NUTELLA;2,49;3,49;Ativo
2309;7898024398608;B- READY NUTELLA;3,38;5,49;Ativo
1019;7898093551485;BACIA AZUL BRASAMI 5.5L;0,00;15,99;Ativo
990;7898093551454;BACIA BRASAMI AZUL 2.5L;0,00;9,99;Ativo
1017;7898280070652;BACIA CANELADA 12L ARQPLAST;0,00;5,50;Ativo
997;7898280070522;BACIA CANELADA ARQPLAST 18L;0,00;7,99;Ativo
1015;7897649744005;BACIA CANELADA INPLAST 750ML;0,00;2,00;Ativo
1016;7896042014296;BACIA FLUIR 9L PLASÚTIL;0,00;9,99;Ativo
998;7897649766335;BACIA GIGANTE INPLAST;0,00;11,99;Ativo
214;7892970111465;BACON A GRANEL KG;22,90;49,99;Ativo
10734;7891515726904;BACON DEF PEDACO PERDIGAO KG;49,69;69,99;Ativo
10378;7893000401501;BACON EM PEDACOS SADIA KG;36,68;59,99;Ativo
592;7894904205158;BACON GOURMET SEARA KG;41,54;59,99;Ativo
10796;7891164130787;BACON NOBRE PEDACOS KG;40,18;59,99;Ativo
8119;7891515605643;BACON PERDIGAO EM CUBOS 400G;11,98;17,99;Ativo
3409;7892840818913;BACONZITOS 28G;1,90;2,49;Ativo
8083;7892840823450;BACONZITOS ELMA CHIPS 34G;2,73;3,99;Ativo
1890;7892840120214;BACONZITOS ELMA CHIPS 55G;6,05;7,49;Ativo
8082;7892840822774;BACONZITOS ELMA CHIPS 86G;7,39;9,99;Ativo
226;2753;BAGUETE DE PAO FC RECHEADO KG;0,00;24,99;Ativo
132;1895;BAGUETE RECHEADA PRE E QJO UN.;8,64;10,99;Ativo
133;1896;BAGUETE RECHEADA SABORES KG;21,33;39,99;Ativo
490;7891118025855;BALA 7 BELO 5G;0,10;0,25;Ativo
7742;7898396200059;BALA AMATUVIDA GENGIBRE MEL PROPOLIS 50G;2,61;3,99;Ativo
7161;7891151039727;BALA AZEDINHO UVA 27.9G;0,89;1,79;Ativo
12442;7891118027200;BALA BUTTER TOFFEES  COCO 90G;3,54;5,49;Ativo
12441;7891118027248;BALA BUTTER TOFFEES CARAMELO 90G;3,34;5,49;Ativo
12443;7891118027187;BALA BUTTER TOFFEES LEITE 90G;3,54;5,49;Ativo
12446;7891118027224;BALA BUTTER TOFFEES MARACUJA 90G;3,54;5,49;Ativo
10304;7891118027262;BALA BUTTER TOFFES;0,17;0,50;Ativo
484;7891118027255;BALA BUTTER TOFFES;0,19;0,50;Ativo
5117;7896451918079;BALA CANUDINHO DOCILE 26G;1,24;1,99;Ativo
5121;7896451912480;BALA CANUDINHO STICKS DOCILE 70G;3,37;4,99;Ativo
5118;7896451917225;BALA CANUDINHO UNIC.DOCILE 26G;1,24;1,99;Ativo
10733;7898530842671;BALA DADINHO un;0,17;0,50;Ativo
8346;602883143739;BALA DE COCO 5G;0,31;0,50;Ativo
10300;7898754690751;BALA DE GELATINA DIPLOKO OCEANO 30G;2,59;3,99;Ativo
7478;7896058507423;BALA DE GOMA C/CREME 32G;0,50;1,00;Ativo
679;7896058516104;BALA DE GOMA GOMETS 32G;0,62;1,25;Ativo
4689;7891151029452;BALA DE GOMAS YOGURTE C/10;0,73;1,25;Ativo
480;7896058591620;BALA DE HORTELÃ UN;0,12;0,30;Ativo
10412;7896058500752;BALA DELIKET FRUTAS SORTIDAS 70G;2,35;3,49;Ativo
10116;7898754690737;BALA DIP LOKO DIPPER STICK 30G;2,59;3,99;Ativo
12324;6911316003682;BALA DISP MINT KISS MENTOS 17 5G;4,92;7,49;Ativo
5293;7896451912466;BALA DOCILE CANUDINHO ACIDO 70G;2,93;4,49;Ativo
5123;7896451903235;BALA DOCILE EUCALIPTO 18G;0,58;1,00;Ativo
5294;7896451914620;BALA DOCILE GELATINAS MIX D FRUTAS 70G;3,37;4,99;Ativo
106;1701;BALA DORI GOMETS TUBO 32G;0,18;0,25;Ativo
10414;7896058596748;BALA DORI PESC DE GIRAFA S/FRAMB 30G;1,00;2,49;Ativo
10415;7896058595468;BALA DORI PESC DE GIRAFA S/MORANGO 30G;1,00;2,49;Ativo
3675;7898591453427;BALA FINI BEIJOS 15G;0,90;1,19;Ativo
4104;7908228801641;BALA FINI GIGANTE MOR 27G;1,62;2,99;Ativo
4103;7908228802075;BALA FINI GIGANTE MOR FRESCA 27G;1,57;1,99;Ativo
10418;7908228804826;BALA FINI GIGANTE TUTTI FRUTTI 27G;0,00;2,49;Ativo
4106;7908228801689;BALA FINI GIGANTE TWISTER 27G;1,57;1,99;Ativo
4105;7908228801658;BALA FINI GIGANTE YORGURT 27G;1,34;1,99;Ativo
10238;7908228807766;BALA FINI MIX SURPRESA 80G;4,23;6,49;Ativo
9765;7908228807230;BALA FINI OCEANITOS 80G;4,23;6,49;Ativo
7277;7891151039680;BALA FREEGELLS CITRUS VIT.C;0,89;1,79;Ativo
7160;7891151041591;BALA FREEGELLS MELANCIA 27.8G;0,87;1,29;Ativo
7898;7896262305075;BALA FRUIT TELLA S.MORANGO 40G;1,70;3,49;Ativo
12436;7895144900018;BALA FRUIT TELLA S/MELANCIA 40G;2,28;3,49;Ativo
8793;7898084167138;BALA GENGIBRE E MEL 40G;0,95;1,49;Ativo
6934;7891151029933;BALA GOMA ANEIS ACIDOS 64G;1,34;1,99;Ativo
6939;7891151029919;BALA GOMA GOMOS 64G;1,34;1,99;Ativo
6933;7891151030182;BALA GOMA GOMUTCHO SORTIDAS 64G;1,34;1,99;Ativo
8011;7896058506099;BALA GOMA IORGUTE DORI 32G;0,49;0,99;Ativo
6937;7891151029896;BALA GOMA MINHOCAS ACIDAS 64G;1,34;1,99;Ativo
10416;8436556395130;BALA GOMA TROLLI POP EYE;2,75;3,99;Ativo
6936;7891151029926;BALA GOMA URSINHOS 64G;1,34;1,99;Ativo
6935;7891151029902;BALA GOMA YORGUT 64G;1,34;1,99;Ativo
4115;7891151029438;BALA GOMOTCHO 10UN;0,73;1,25;Ativo
10371;7898629571673;BALA HARIBO GELATINA BEIJOS 50G;0,00;4,49;Ativo
10600;7898629571437;BALA HARIBO URSINHOS 14G;1,11;1,49;Ativo
8794;7898084167114;BALA HORTELA 42G;0,95;1,49;Ativo
9911;7897064812082;BALA JELLY BEANS KUKY 100G;1,68;2,49;Ativo
8231;7891151043359;BALA MASTIGAVEL UP IORGUTE 25G;1,29;2,49;Ativo
8230;7891151043342;BALA MASTIGAVEL UP MACA VERDE 25G;1,39;2,49;Ativo
8232;7891151043373;BALA MASTIGAVEL UP TUTTI FRUTTI 25G;1,29;2,49;Ativo
5142;7896451921796;BALA RAYSSA LEAL DOCILE 70G;2,93;4,49;Ativo
3283;7896423480894;BALA SKITTLES 38G;1,58;2,49;Ativo
10220;78945463;BALA TIC TAC FRUTAS 14,5G;1,59;2,49;Ativo
10272;78945456;BALA TIC TAC LARANJA 14,5G;1,59;2,49;Ativo
10219;78945449;BALA TIC TAC MENTA 14,5G;1,59;2,49;Ativo
10271;78945470;BALA TIC TAC MORANGO 14,5G;1,59;2,49;Ativo
8962;7897190308152;BALA TOP CLASS 50G;0,96;1,49;Ativo
12440;7898925112235;BALA TURMINHA AVIAO 15G;3,10;4,99;Ativo
3989;7891118025275;BALAS 7BELO FRAMB. 90G;1,98;3,49;Ativo
6165;7891151040570;BALAS AZEDINHAS DE UVA 57G;1,09;1,99;Ativo
6163;7891151031226;BALAS BOLA7 IORGUTE 57G;1,09;1,99;Ativo
6164;7891151031240;BALAS BOLA7 MACA VERDE 57G;1,09;1,99;Ativo
6835;7896202891903;BALAS DE BANANA OLIVEIRA 150G;4,30;5,99;Ativo
6418;7896202892108;BALAS DE BANANA OLIVEIRA 50G;1,49;2,25;Ativo
6420;78628002973;BALAS DE BANANA OLIVEIRA 50G;1,49;2,25;Ativo
6840;7896451917751;BALAS DE EUCALIPTO DOCILE 90G;1,90;2,99;Ativo
9844;7448070104823;BALAS DE GENGIBRE 40G;2,83;4,99;Ativo
3745;7897115108256;BALAS DE GOMAS SORTIDAS AMENDUPÃ 60G;1,10;1,99;Ativo
7272;7891151042222;BALAS TNT UPDATE 25G;1,39;2,49;Ativo
6690;7891151042192;BALAS UP DATE MENTA 25G;1,29;2,49;Ativo
7200;7891151042178;BALAS UP DATE SORTIDAS 25G;1,43;2,49;Ativo
5967;7891151030656;BALAS UPDATE FRUIT 34G;1,29;1,99;Ativo
5966;7891151034494;BALAS UPDATE MENTA 34G;1,39;1,99;Ativo
4880;7908439800082;BALDE ARQPLAST 08LTS;3,99;5,99;Ativo
4879;7908439800105;BALDE ARQPLAST 20LTS;9,99;13,99;Ativo
995;7898093552857;BALDE BRASAMI ROXO 15L;0,00;18,99;Ativo
996;7898093551560;BALDE BRASAMI VERDE 15L;0,00;18,99;Ativo
12242;7896359012237;BALDE ERCAPLAST REF  7LT;9,80;14,99;Ativo
994;7896042014272;BALDE FLUIR PASÍTL 12L;0,00;19,99;Ativo
993;7896042014265;BALDE FLUIR PASÍTL 8L;0,00;15,99;Ativo
8782;7896321021588;BALINHA DO CORACAO 48G;1,75;1,99;Ativo
7583;798629570904;BALLA STICKS HARIBO MORANGO 80G;2,39;3,49;Ativo
4658;7896243103409;BALOES SAO ROQUE C/50 UN;7,18;10,49;Ativo
8481;7898080665355;BALY ENERGY ABACAXI HORTELA 2L;7,06;10,49;Ativo
165;2126;BANANA DA TERRA KG;6,67;9,99;Ativo
37;35;BANANA NANICA KG;3,25;4,99;Ativo
93;1612;BANANA PRATA KG;6,25;9,49;Ativo
10874;1010;banana promoçao;0,49;2,49;Ativo
9890;7898959867507;BANANADA C/AMEIXA  25G;0,99;1,99;Ativo
9891;7898959867514;BANANADA C/CASTANHA DE CAJU  25G;0,99;1,99;Ativo
9892;7898959867552;BANANADA C/UVAS PASSAS  25G;0,99;1,99;Ativo
9893;7898959867545;BANANADA NATURAL 25G;0,99;1,99;Ativo
12334;7898775460050;BANANINHA CROCK S CLUB 30G;1,79;2,99;Ativo
9874;7898972539061;BANANINHA NUUU 30G;1,40;2,49;Ativo
7163;7896885500147;BANANINHA PARAIBUNA 23G;2,65;3,99;Ativo
10841;609963965274;BANANINHA SABOR DA ROCA;0,00;2,99;Ativo
8153;7896885500109;BANANINHA TRADICIONAL 36G;2,33;3,49;Ativo
2560;7898953335231;BANANINHA VIEIRA 30G;1,64;2,49;Ativo
7253;7898953335279;BANANINHA VIEIRA ZERO 23G;1,94;2,79;Ativo
178;2250;BANDEIJA OFERTA;2,00;2,00;Ativo
179;2251;BANDEIJA QUIABO;6,00;8,99;Ativo
180;2252;BANDEIJA VARGEM;5,00;6,99;Ativo
508;8827;BANDEJA CAJU;8,75;12,49;Ativo
9513;7891164007157;BANHA AURORA 450G;5,71;8,99;Ativo
5553;7896008910112;BARALHO COPAG 55 CARTAS;9,89;14,99;Ativo
7475;7896455003238;BARBECUE EKINA 200G;3,79;5,49;Ativo
7012;7898416524677;BARBECUE KISABOR 200G;0,00;4,99;Ativo
9621;7898932889045;BARGEL EXTERMINADOR DE BARATAS 10G;9,83;14,49;Ativo
7287;7896079861115;BARR CEREAL BANANA CORPO 25G;0,89;1,29;Ativo
8358;7891331014513;BARRA CEREAL NUTRY COCO C/ CHOC 22G;1,16;1,99;Ativo
2255;7896004004228;BARRA CEREAL SUCRILHOS 20G;1,81;2,49;Ativo
2254;7896004004495;BARRA CEREAL SUCRILHOS CH. 20G;1,81;2,49;Ativo
9292;7891000413883;BARRA CHOC ALO DOCURA 80G;2,99;4,99;Ativo
9598;7898142863835;BARRA CHOC ARCOR AMENDOIM 80G;5,83;8,49;Ativo
1599;7899970400452;BARRA CHOC. AIR HERSHEYS 85G;2,85;2,99;Ativo
1602;7899970400032;BARRA CHOC. BRANC HERSHEYS 92G;2,85;2,99;Ativo
1600;7899970400094;BARRA CHOC. COOKI HERSHEYS 87G;3,79;5,49;Ativo
1601;7899970401145;BARRA CHOC. CRIST HERSHEYS 87G;2,85;2,99;Ativo
1603;7899970400070;BARRA CHOC. M/A  HERSHEYS 92G;2,85;2,99;Ativo
5327;7891331010515;BARRA DE CEREAL NUTRY BANANA MEL.22G;1,46;2,49;Ativo
5326;7891331008369;BARRA DE CEREAL NUTRY BOLO CHOC.22G;1,46;2,49;Ativo
6860;7891331014537;BARRA DE CEREAL NUTRY CASTANHA 22G;1,16;1,99;Ativo
6542;7891331010522;BARRA DE CEREAL NUTRY MORANGO 22G;1,16;1,99;Ativo
155;2008;BARRA DE CHOC AO LEITE 80G;2,79;3,99;Ativo
2467;7898142863798;BARRA DE CHOC AO LEITE 80G;5,83;8,49;Ativo
2497;7622210961716;BARRA DE CHOC. LACTA AMARO 90G;4,29;6,49;Ativo
8510;7891331850258;BARRA DE NUTS NUTRY CACAU 25G;2,68;3,99;Ativo
12243;7891330019359;BARRA NEUGE 40% CACAU 80G;4,99;6,99;Ativo
8517;7899941202788;BARRA SUPLEMETAR WHEY BRIGADEIRO 41G;4,76;6,99;Ativo
9291;7891000413920;BARRA SURREAL CHOC/AMENDOIM 80G;2,99;4,99;Ativo
551;7894904625703;BARRIGA SUINO KG;18,31;26,99;Ativo
7663;7891772156261;BARRINHA AMENDOIM KOBBER 20G;1,19;1,69;Ativo
7279;7891772156230;BARRINHA BANANA/MEL KOBBER 20G;1,19;1,69;Ativo
7664;7891772159248;BARRINHA BOLO DE CHOC KOBBER 20G;1,19;1,69;Ativo
7109;7896079860118;BARRINHA CEREJ/CACAU CORPO 25G;0,90;1,29;Ativo
652;7898937609570;BAT. PALHA KIDELÍCIA TRAD. 80G;1,19;1,99;Ativo
1473;7892840814830;BAT. PALHA TRAD.ELMA CHIPS 70G;0,00;4,99;Ativo
1806;7898353390250;BAT.PALHA BIG TOSTY TRAD.80G;4,25;5,99;Ativo
4080;7891164026707;BATA PALITO AURORA 1.05KG;15,75;22,99;Ativo
4081;7891164026370;BATA PALITO AURORA 2KG;22,00;31,99;Ativo
12464;7892840825195;BATATA  LISA CLÁSSICA 30G;3,82;4,99;Ativo
273;4180;BATATA ASTERIX KG;6,99;9,99;Ativo
5529;7898921567985;BATATA BEM BRASIL 1.5KG;16,42;22,99;Ativo
8116;7898921567114;BATATA BEM BRASIL 1KG;14,65;20,99;Ativo
3661;7898921567121;BATATA BEM BRASIL 2.0 KG;19,80;29,99;Ativo
5057;7898921567077;BATATA BEM BRASIL 400G;5,99;8,49;Ativo
5616;7898921567404;BATATA BEM BRASIL CARINHAS 1.050KG;9,90;14,99;Ativo
1949;7898921567336;BATATA BEMBRASIL 1.05KG;11,34;16,83;Ativo
5667;7898171341014;BATATA CEBOLA BISCOITONE 40G;1,86;2,99;Ativo
10308;7898955341353;BATATA CHIPS FRITOP S/CHURRASCO 30G;1,50;2,25;Ativo
5668;7898171341021;BATATA CHURRASCO BISCOITONE 40G;1,86;2,99;Ativo
8285;7896105801269;BATATA CLASSICAS MCCAIN 1.05KG;18,93;26,99;Ativo
8284;7896105800798;BATATA CLASSICAS MCCAIN 1.5KG;24,43;34,99;Ativo
4037;7898921567565;BATATA CONG CHIC 2KG;16,90;26,99;Ativo
7510;7896105800804;BATATA CONG MC CAIN CLASSICAS 9M 2KG;27,90;39,99;Ativo
2867;7790199602965;BATATA CONG MORIXE TRAD 10MM;12,96;19,49;Ativo
3098;7790199602989;BATATA CONG MORIXE TRAD 7MM 2.5KG;18,75;25,99;Ativo
116;1761;BATATA DOCE BRANCA;5,56;8,49;Ativo
28;26;BATATA DOCE KG;3,89;4,99;Ativo
4396;7898931140376;BATATA FRITA CEBOLA.S AMAVITA 45G;2,19;3,29;Ativo
4398;7898931140512;BATATA FRITA CROCANTE AMAVITA 80G;59,47;4,49;Ativo
10245;7896105800996;BATATA FRITA ECO FRIES 2KG;7,90;26,99;Ativo
9663;7791688888273;BATATA FRITA LANBWESTON 2.25KG;30,37;42,99;Ativo
4397;7898931140369;BATATA FRITA ORIGINAL AMAVITA 45G;2,19;3,29;Ativo
10377;7898955341346;BATATA FRITOP CEBOLA E SALSA 30G;1,50;2,25;Ativo
9333;7898967580061;BATATA IMPERIO GOURMET 7MM;25,80;35,99;Ativo
17;7893590169614;BATATA LAVADA KG;5,60;5,99;Ativo
1893;7892840256449;BATATA LAYS CLAS. 96G;0,00;8,49;Ativo
3408;7892840817961;BATATA LAYS CLASSICA 40G;3,04;3,99;Ativo
6564;7892840819590;BATATA LAYS CLASSICA 45G;3,80;4,99;Ativo
7902;7892840823375;BATATA LAYS CLASSICA 70G;5,83;9,99;Ativo
239;3033;BATATA LAYS CREME DE CEBOLA 40G;3,04;3,16;Ativo
3405;7892840816773;BATATA LAYS SABOR CLASSICA 80G;7,39;9,99;Ativo
3404;7892840816780;BATATA LAYS SABOR CREME DE CEBOLA 80G;7,67;9,99;Ativo
10870;9789;BATATA MCCAIN KG;12,90;19,99;Ativo
10244;7898733710180;BATATA NOISETTES BEM BRASIL 1,05KG;8,90;13,99;Ativo
5669;7898171340901;BATATA ORIGINAL BISCOITONE 40G;1,86;2,99;Ativo
1952;7892840816063;BATATA ORIGINAL RUFFLES 84G;5,70;7,99;Ativo
3278;7898931140543;BATATA PALHA AMA VITA 140G;5,29;7,99;Ativo
7511;7898931140574;BATATA PALHA AMAVITA 300G;9,97;13,99;Ativo
9763;7898931140659;BATATA PALHA CONFRARIA TRAD 400G;10,00;14,99;Ativo
8570;7898693230674;BATATA PALHA DA TERRINHA TRAD 100G;4,28;6,49;Ativo
6160;7898956563112;BATATA PALHA DELICIAS DO BRASIL 120G;4,80;7,49;Ativo
7071;7892840820381;BATATA PALHA ELMA CHIPS 100G;6,74;9,99;Ativo
9609;7892840818241;BATATA PALHA ELMA CHIPS 215G;9,00;15,99;Ativo
3119;7892840818319;BATATA PALHA ELMA CHIPS TRAD.110G;4,59;6,49;Ativo
1984;7892840814861;BATATA PALHA ELMACHIPS 110G;4,49;5,49;Ativo
7530;7898353393008;BATATA PALHA EXT.FINA BIG TOSTY 100G;4,70;6,99;Ativo
12439;7898693230681;BATATA PALHA EXTRA FINA  TERRINHA 100G;4,28;6,49;Ativo
8577;7898931140239;BATATA PALHA EXTRA FINA AMAVITA 90G;3,99;5,99;Ativo
2342;7891095031122;BATATA PALHA EXTRAFINA YO 100G;6,01;8,99;Ativo
10012;7898026321222;BATATA PALHA FRITOP 100G;4,43;6,49;Ativo
7131;7898944639027;BATATA PALHA FRITOP 100G;4,29;6,49;Ativo
6438;7896348206852;BATATA PALHA JUREIA 80G;3,59;4,99;Ativo
1498;7898944639065;BATATA PALHA ORIG. FRITOP 50G;1,35;2,25;Ativo
3613;7898955341308;BATATA PALHA ORIG. FRITOP 80G;2,25;3,49;Ativo
8646;7891122124551;BATATA PALHA QUALIMAX EX.FINA 95G;5,42;7,49;Ativo
2562;7898994896364;BATATA PALHA SAPORE TRAD. 80G;2,00;3,49;Ativo
4390;7891095031696;BATATA PALHA TRAD YOKI 105G;5,69;8,99;Ativo
8955;7891095031177;BATATA PALHA YOKI PARMESAO 100G;5,85;8,29;Ativo
2154;5789109503111;BATATA PALHA YOKI TRAD.105G;4,99;8,99;Ativo
3386;7891164026240;BATATA PALITO AURORA 400G;7,88;10,99;Ativo
8657;7897200607671;BATATA PALITO CANCAO 2KG;19,00;32,99;Ativo
8656;7897200607695;BATATA PALITO CANCAO 400G;4,35;7,49;Ativo
10795;7897200607688;BATATA PALITO CANCAO TRAD 1.1KG;10,18;15,99;Ativo
7543;7898963763376;BATATA PALITO LUDI MIX 2KG;19,90;27,99;Ativo
12322;7797906000526;BATATA PALITO MCCAIN  2,5KG;32,25;46,99;Ativo
5082;7891164135379;BATATA PALITO NOBRE 2K;22,58;29,99;Ativo
6190;7891515547554;BATATA PALITO TRAD SADIA 2KG;19,99;27,99;Ativo
6930;7898088791643;BATATA POINT CHIPS 30G;1,46;1,99;Ativo
6946;7898088791872;BATATA POINT CHIPS CEBOLA  50G;2,34;2,49;Ativo
8915;7896004008998;BATATA PRINGLES CHEDDAR 105G;7,59;10,99;Ativo
6910;7896004006901;BATATA PRINGLES CHURRASCO 109G;8,19;13,99;Ativo
6001;7896004006956;BATATA PRINGLES CHURRASCO 120G;9,99;14,99;Ativo
6498;7896004006239;BATATA PRINGLES CREME E CEBOLA 109G;8,19;13,99;Ativo
4421;7896004006475;BATATA PRINGLES CREME E CEBOLA 114G;9,99;14,99;Ativo
10514;7896004011431;BATATA PRINGLES GALINHA CAIPIRA 100G;7,99;13,99;Ativo
9941;38000304057;BATATA PRINGLES MOSTARDA E MEL 158G;9,99;14,99;Ativo
6499;7896004006277;BATATA PRINGLES ORIGINAL 109G;8,19;13,99;Ativo
4420;7896004006482;BATATA PRINGLES ORIGINAL 114G;9,99;14,99;Ativo
9942;38000303982;BATATA PRINGLES ORIGINAL 158G;7,99;11,99;Ativo
10513;7896004011448;BATATA PRINGLES PIMENTA BIQUINHO 100G;7,99;13,99;Ativo
10269;7896004006284;BATATA PRINGLES QUEIJO 109G;8,29;13,99;Ativo
4422;7896004006499;BATATA PRINGLES QUEIJO 114G;9,49;14,99;Ativo
8652;7896004010465;BATATA PRINGLES S/LEMON PEPPER 105G;10,18;13,99;Ativo
10754;7896004011424;BATATA PRINGLES SPICY MAYO 100G;7,99;13,99;Ativo
10713;7896004011653;BATATA PRINGLES STEAK 100G;8,59;13,99;Ativo
10357;7896004011660;BATATA PRINGLES STRANGER THINGS 100G;8,59;13,99;Ativo
2561;7898994896388;BATATA RACE ORIGINAL 45G;1,61;2,29;Ativo
6892;7892840817442;BATATA RUFFLES CHEDDAR POTE 134G;10,48;14,99;Ativo
6562;7892840818210;BATATA RUFFLES CHURRASCO 76G;7,76;9,99;Ativo
7424;7892840822040;BATATA RUFFLES ORI POTE 100G;7,50;10,99;Ativo
6563;7892840818203;BATATA RUFFLES ORIGINAL 76G;7,76;9,99;Ativo
7971;7892840823559;BATATA RUFFLES OUTBACK 65G;7,80;9,99;Ativo
3407;7892840816704;BATATA RUFFLES SABOR CEB. E SALSA 92G;6,82;9,99;Ativo
3406;7892840816728;BATATA RUFFLES SABOR ORIGINAL 92G;6,82;9,99;Ativo
9448;7892840822026;BATATA RUFFLES SOUR CREAM 100G;7,50;10,99;Ativo
9662;7898921567374;BATATA RUSTICA BEM BRASIL 1.05KG;13,36;18,99;Ativo
2051;7892840215217;BATATA SENSAÇÕE PERU 45G;3,81;6,49;Ativo
12461;7892840825171;BATATA SENSACOES FRANGO 35G;4,63;5,99;Ativo
2050;7892840225711;BATATA SENSAÇÕES FRANGO 45G;7,77;8,99;Ativo
6514;7892840820183;BATATA SENSACOES FRANGO GRELHADO 40G;4,43;5,99;Ativo
6515;7892840820244;BATATA SENSACOES PEITO DE PERU 40G;4,43;5,99;Ativo
12462;7892840825218;BATATA SENSACOES PEITO DE PERU35G;4,63;5,99;Ativo
8501;7892840226015;BATATA STAX ELMA CHIPS S/CHEDDAR 156G;9,74;13,49;Ativo
2864;7898921567411;BATATA UAI PRÉ-FRITAS 2KG;17,00;25,99;Ativo
3747;7898026320027;BATATA´S CEBOLA C/ SALSA FRITOP 20G;0,75;1,25;Ativo
3946;7898026320034;BATATA´S CHURRASCO FRITOP 20G;0,78;1,25;Ativo
3749;7898955341735;BATATA´S TRADICIONAL FRITOP 20G;0,75;1,25;Ativo
4868;7898955341339;BATATAS CHI´PS TRAD.FRITOP 30G;1,49;2,25;Ativo
1999;41333001043;BATERIA 9V DURACELL;20,25;29,99;Ativo
2000;7896009725012;BATERIA 9V RAYOVAC;16,55;24,99;Ativo
5988;7896009762208;BATERIA 9V RAYOVAC ALCALINA;22,60;34,99;Ativo
4462;41333038865;BATERIA DE LITIO CR2032;5,67;8,99;Ativo
2212;41333030104;BATERIA DURACELL CÓD 2025;8,71;12,99;Ativo
2637;7896092501302;BATIDA BAIANINHA AMENDOIN 900ML;14,00;20,99;Ativo
2636;7896092501326;BATIDA BAIANINHA CÔCO 900ML;14,00;20,99;Ativo
2638;7896092501340;BATIDA BAIANINHA MARACUJÁ 900ML;13,40;17,99;Ativo
2364;7891999002662;BATIDO VIGOR 900G;6,25;8,99;Ativo
1976;78912359;BATOM GAROTO AO.LEITE 16G;1,60;2,19;Ativo
198;2558;BATTA BOLINHA KG;0,00;1,99;Ativo
7158;7898405063170;BATUQUE MANIA C/CONFETE 12G;10,56;14,99;Ativo
2189;7891962007366;BAUDUCO BARRINHA CHOCOLATE 30G;1,00;1,49;Ativo
2188;7891962003894;BAUDUCO BARRINHA GOIABINHA 30G;1,00;1,79;Ativo
10448;7896002312349;BAUNILITAS PULLMAN 74G;3,82;5,49;Ativo
5881;7891991296502;BEATS GT 269ML;3,12;4,49;Ativo
5880;7891991300865;BEATS MINT MOJITO 269ML;3,59;5,49;Ativo
8704;7891991307192;BEATS RED MIX 269ML;3,12;4,49;Ativo
5869;7891991304849;BEATS SABOR CAIPIRINHA 269 ML;5,51;7,99;Ativo
3415;7891991305129;BEATS SENSES 269 ML;5,75;8,49;Ativo
7829;7897110000630;BEB AGUARD PEDRA 90 305ML;2,14;2,99;Ativo
8758;7896273100126;BEB AGUARDENTE VILLA VELHA 600ML;5,00;7,49;Ativo
10428;7898080665737;BEB BALY KIDS S/MORANGO 220ML;2,59;3,99;Ativo
10426;7898080665706;BEB BALY KIDS S/TUTTI FRUTTI 220ML;2,59;3,99;Ativo
10427;7898080665713;BEB BALY KIDS S/UVA 220ML;2,59;3,99;Ativo
7222;7891991306232;BEB BEATS TROPICAL LT 269ML;3,12;4,49;Ativo
10421;7896010006315;BEB CAMPARI 998ML;48,89;69,99;Ativo
9117;7896045113675;BEB CAPPUCCINO CARAMELO SALGADO 260ML;6,20;8,99;Ativo
6496;7896354100823;BEB CHOKYNHO 200ML;0,85;1,25;Ativo
5943;7896336810429;BEB COQ OUSADIA BLUEBERRY 350ML;3,21;4,99;Ativo
8868;7896547501260;BEB COROTE MARACUJA 500ML;3,89;5,99;Ativo
10318;7898994026983;BEB DAMARE KIDS S/ MORANGO 200ML;1,06;1,59;Ativo
2658;7894900086003;BEB DE SOJA ORIGINAL ADES 1L;8,10;11,99;Ativo
9864;7896005312605;BEB DESINCHA S/ ABACAXI E HORTELA 250ML;5,61;7,99;Ativo
9865;7896005312650;BEB DESINCHA S/ LARANJA E GENGIBRE 250ML;5,61;7,99;Ativo
10260;70847033301;BEB ENERGY MONSTER S/MANGO 473ML;6,99;10,99;Ativo
6217;7896862001216;BEB FRUTILAC COCO 800G;4,70;6,49;Ativo
6218;7896862001223;BEB FRUTILAC FRUTAS VERM 800G;4,75;6,99;Ativo
9934;7896862001247;BEB FRUTILAC SALADA DE FRUTRAS 800G;4,70;6,99;Ativo
10535;7891991308007;BEB GREEN MIX BEATS 269ML;3,12;4,49;Ativo
8109;7896051217008;BEB JURUBEBA 600ML;9,77;13,99;Ativo
7965;7898280628150;BEB JURUBEBA VAQUEIRO.NORTE 600ML;7,69;10,99;Ativo
4534;7896629641051;BEB LACTEA CAN.MINAS COCO 850G;3,99;5,69;Ativo
8010;7896691104454;BEB LACTEA CAROLINA MOR/COCO 360G;1,99;2,99;Ativo
8009;7896691104362;BEB LACTEA CAROLINA MOR/MOR 360G;1,99;2,99;Ativo
8005;7896051166986;BEB LACTEA ITAMBE MORANGO 540G;4,50;6,49;Ativo
3156;7898215151807;BEB LACTEA PIRAKIDS S.CHOCOLATE 200ML;1,00;1,49;Ativo
7733;7894321242521;BEB LACTEA TODDYNHO LEVINHO 200ML;2,19;3,49;Ativo
3356;7891097101854;BEB LACTES BATAVO MOR E COCO 540G;3,29;4,49;Ativo
4717;7891098000682;BEB LEÃO GUARANA ADOÇADO 300ML;2,07;2,99;Ativo
8190;7891030003016;BEB MOCOQUINHA S/CHOC 200ML;0,79;1,49;Ativo
10534;7891991308168;BEB MYSTERY BEATS 269ML;6,35;8,99;Ativo
10193;7891000388860;BEB NESCAU CHOC 180ML;1,29;2,49;Ativo
7202;7896336810672;BEB OUSADIA BLUBERRY 300ML;2,30;3,49;Ativo
7480;7896336810658;BEB OUSADIA GREEN FRUITS 300ML;2,30;3,49;Ativo
7622;7896336810641;BEB OUSADIA MORANGO 300ML;2,54;3,99;Ativo
6847;7896336810467;BEB OUSADIA MORANGO 350ML;2,80;4,49;Ativo
9920;7896336810481;BEB OUSADIA PINK LIMONADE 350ML;2,80;4,49;Ativo
7623;7896336810689;BEB OUSADIA TROPICAL 300ML;2,54;3,99;Ativo
10166;7898215157854;BEB PIRACANJUBA WHEY CHOC 250ML;3,33;5,49;Ativo
9770;7898215159117;BEB PIRAKIDS CHICLETIN 200ML;1,80;2,99;Ativo
9862;7896005312469;BEB PLEY GREENGROOV 250ML;3,99;5,99;Ativo
9863;7896005312483;BEB PLEY MANGOFUNK 250ML;3,99;5,99;Ativo
10775;7899914200667;BEB VIBE ENERGY MELANCIA 2L;6,92;9,99;Ativo
10519;7891141029493;BEB VINHO COUNTRY WINE BORDO SV 750ML;14,38;21,99;Ativo
5464;7896092500282;BEB XAROPE ASTECA 900ML;10,34;14,99;Ativo
6312;7896002111829;BEB. 51 LATA 269ML;2,51;3,99;Ativo
4511;7899914200278;BEB. ABUSADO ABACAXI 500ML;3,69;5,99;Ativo
4507;7899914200254;BEB. ABUSADO FRUTAS TROPICAIS 500ML;3,69;5,99;Ativo
4508;7899914200285;BEB. ABUSADO FRUTAS VERMELHAS 500ML;3,69;5,99;Ativo
4510;7899914200292;BEB. ABUSADO LIMAO 500ML;3,69;5,99;Ativo
4509;7899914200261;BEB. ABUSADO TANGERINA 500ML;3,69;5,99;Ativo
745;7896072901405;BEB. AGUARD. OLD CESAR 88 965ML;12,67;18,99;Ativo
3888;7896092503559;BEB. ASKOV BLUEBERRY 900ML;10,75;15,99;Ativo
3889;7896092503368;BEB. ASKOV FRU.ROXAS 900ML;10,39;15,99;Ativo
3890;7896092503276;BEB. ASKOV FRU.VERMELHAS 900ML;10,90;15,99;Ativo
3891;7896092503283;BEB. ASKOV KIWI 900ML;10,90;15,99;Ativo
3893;3789609250326;BEB. ASKOV LIMÃO 900ML;10,90;15,99;Ativo
3892;7896092503252;BEB. ASKOV MARACUJÁ 900ML;10,50;15,99;Ativo
6004;7891991304252;BEB. CAIPI BEATS 269ML;3,36;6,49;Ativo
5306;7896005809518;BEB. CAPPUCCINO CLASSIC 3CORAC 260ML;6,20;8,99;Ativo
3887;7896741649041;BEB. CATUABA RANDON 900ML;4,96;7,49;Ativo
5860;7891164026721;BEB. CHOC DO GUGUINHA AURORA 200ML;1,21;1,75;Ativo
10221;7898080643216;BEB. CHOCKY ITALAC 190ML;1,39;2,49;Ativo
1415;7898994686354;BEB. DE GOIABA SU BELLO 200ML;0,89;1,49;Ativo
1418;7898994686361;BEB. DE LARANJA SU BELLO 200ML;0,89;1,49;Ativo
1417;7898963998020;BEB. DE LIMÃO SU BELLO 200ML;0,89;1,49;Ativo
1414;7898994686347;BEB. DE PÊSSEGO SU BELLO 200ML;0,89;1,49;Ativo
1416;7898994686330;BEB. DE UVA SU BELLO 200ML;0,89;1,25;Ativo
4502;7896685200728;BEB. KRISKOF LEMON 900ML;8,04;11,99;Ativo
4501;7896685200681;BEB. KRISKOF PURPLE 900ML;8,04;11,99;Ativo
723;7894321722016;BEB. LÁCTEA TODDYNHO 200ML;2,19;3,49;Ativo
5725;7896336810443;BEB. OUSADIA LIMAO 350ML;3,22;4,99;Ativo
5727;7896336810498;BEB. OUSADIA MACA VERDE 350ML;2,99;4,49;Ativo
5724;7896336810450;BEB. OUSADIA MELANCIA 350ML;3,22;4,99;Ativo
5726;7896336810474;BEB. OUSADIA PEDACIN CEU 350ML;2,80;4,49;Ativo
5876;7896045104482;BEB. PINGADO 3CORACOES 260ML;6,20;8,99;Ativo
6386;7894900184334;BEB. SCHWEPPES SPRITZ 310ML;5,58;7,99;Ativo
6387;7894900184235;BEB. SCHWEPPES VODKA E CITRUS 310ML;5,58;7,99;Ativo
2052;7898963998105;BEB. UVA SU.BELLO 200ML;0,89;1,25;Ativo
5412;7896002111898;BEB.51 ICE MAÇA VERDE 275ML;4,79;6,99;Ativo
3883;7896002110921;BEB.AGUARD. 51 OURO 965ML;17,58;24,99;Ativo
2917;7896931614316;BEB.CHA DE HIBISCO+CRANBERNRY 9000ML;5,60;8,49;Ativo
6415;7891098041753;BEB.CHA PRETO C/ LIMÃO 290ML;3,27;4,99;Ativo
5362;7891098040848;BEB.CHA TEA LIMÃO 450ML;3,09;4,99;Ativo
2916;7896931614446;BEB.CHA VD GENGIBRE LIMÃO 900ML;5,60;8,49;Ativo
2915;7896931615238;BEB.CHA VERDE CAPIM LIMÃO ABACAXI 900ML;5,60;8,49;Ativo
6383;7898422679392;BEB.GIN ETERNITY MAÇÃ VERDE 900ML;15,79;24,99;Ativo
5267;7898422678272;BEB.GIN ETERNITY MELANCIA 900ML;15,83;24,99;Ativo
5268;7898422679231;BEB.GIN ETERNITY STRAWBERRY 900ML;15,50;24,99;Ativo
6302;7898422679224;BEB.GIN ETERNITY TROPICAL 900ML;15,83;24,99;Ativo
6247;7894900184037;BEB.GIN TÔNICA SCHWEPPES 310ML;5,58;7,99;Ativo
3291;7898080640826;BEB.ITALAKINHO VITAMINA 200ML;1,29;2,49;Ativo
5139;7896185310750;BEB.LACTEA ACHOCOLATADO SHEFA 1L;5,99;7,79;Ativo
5133;7891000067048;BEB.LACTEA ALPINO 280ML;4,02;5,99;Ativo
5861;7891164027346;BEB.LACTEA AURORA COCO 170G;1,10;1,99;Ativo
5644;7891164028183;BEB.LACTEA AURORA FRUTAS VERM.170G;1,56;2,25;Ativo
5645;7891164027353;BEB.LACTEA AURORA MORANGO.170G;1,72;2,49;Ativo
3824;7896629641099;BEB.LACTEA C MINAS MOR COCO 540G;4,62;6,49;Ativo
3825;7896629641075;BEB.LACTEA C MINAS MORANGO 540G;4,67;6,49;Ativo
3823;7896629641068;BEB.LACTEA C MINAS VITAMINA 850ML;4,39;6,29;Ativo
3129;7891097088346;BEB.LACTEA ELEGÊ 6/UN 540G;2,99;4,49;Ativo
5131;7891000101926;BEB.LACTEA NESCAU 270ML;4,02;4,99;Ativo
5132;7891000090732;BEB.LACTEA NESTON 280ML;4,93;6,99;Ativo
4030;7897110000395;BEB.LENOFF ICE 275 ML;3,39;4,99;Ativo
3609;7897110001965;BEB.LENOFF ICE 483ML;3,73;5,49;Ativo
5238;7894900508024;BEB.POWER ADE TROPICAIS 500ML;3,67;5,49;Ativo
3594;7894900501001;BEB.POWER ADE UVA 500ML;3,67;5,49;Ativo
2629;7891149105571;BEB.SKOL BEATS SENSES 269 ML;2,99;5,49;Ativo
5411;7896002111799;BEB.XVT 51 ICE 269ML;3,62;2,99;Ativo
6666;7891203055262;BEBEZINHO PANCO CHOC 70G;2,72;4,29;Ativo
6665;7891203059475;BEBEZINHO PANCO CHOC SUICO 70G;2,72;4,29;Ativo
9607;7891203063427;BEBEZINHO PANCO S/BRIGADEIRO 70G;2,72;4,29;Ativo
9608;7891203055248;BEBEZINHO PANCO S/MORANGO 70G;2,72;4,29;Ativo
6989;7891203055934;BEBEZINHO TRAD PANCO 56G;2,16;4,29;Ativo
3043;2789109804181;BEBI. GUARANA LEAO ACAI 450ML;2,27;3,49;Ativo
8032;7896010006308;BEBIDA CAMPARI 748ML;39,19;58,99;Ativo
2659;7894900087123;BEBIDA DE SOJA ADES UVA 1L;5,53;9,49;Ativo
2657;7894900087000;BEBIDA DE SOJA AEDES ABACAXI 1L;6,51;9,49;Ativo
2968;7894900087109;BEBIDA DE SOJA PESSEGO 1L;6,51;9,49;Ativo
1757;7891000379103;BEBIDA LACTA NESCAU 200ML;1,59;2,49;Ativo
2655;7894900087048;BEBIDA LACTEA AEDES LARANJA 1L;6,51;8,99;Ativo
12227;7896005809495;BEBIDA LACTEA CAPPUCCINO ZERO 260ML;6,20;8,99;Ativo
4972;7896354100175;BEBIDA LACTEA CHOCO MARAJOARA 1L;4,73;6,79;Ativo
4971;7898215151814;BEBIDA LACTEA CHOCO PIRA KIDS 1L;6,00;8,25;Ativo
3154;7896862001353;BEBIDA LACTEA FRUTILAC S.MORANGO 540G;2,60;3,99;Ativo
3383;7896862001230;BEBIDA LACTEA FRUTILAC S.MORANGO 800G;4,70;6,99;Ativo
3926;7896629641006;BEBIDA LÁCTEA MORANGO CANTO DE MINAS 850G;4,39;6,29;Ativo
1758;7891000389201;BEBIDA LACTEA NESQUIK 200ML;1,99;2,69;Ativo
12473;7896625211265;BEBIDA LACTEA POLPA MOR VIGOR 510G;5,68;8,49;Ativo
4649;7896185310910;BEBIDA LACTEA SHEFA CHOCO  200ML;1,09;1,49;Ativo
3107;7894900113563;BEBIDA POWER ADE LIMÃO 500ML;3,07;4,49;Ativo
2656;7894900087062;BEBIDA SOJA ADES MAÇÃ 1L;6,51;9,49;Ativo
7781;7891048001950;BEIJINHO DR OETKER 350G;12,36;17,99;Ativo
7433;7896492201420;BEIJINHO ROSSETO 370G;7,80;9,99;Ativo
3988;7898953335644;BEIJO DE LEITE VIEIRA 23G;1,37;1,99;Ativo
10876;7898720330179;BEIJO DE MOCA COM CHOCOLATE;2,09;2,99;Ativo
5182;7898953335378;BEIJO DE MOÇA VIEIRA 23G;1,45;1,99;Ativo
8799;7896066766348;BEL COCO 25G;1,29;1,99;Ativo
8798;7896066766324;BEL MARSHMALOW 30G;1,29;1,99;Ativo
866;7896090500901;BELMONT V. DE ÁLC. COL. 750ML;0,75;0,99;Ativo
4446;7622210661814;BELVITA MEL E CACAU 75G;4,87;6,99;Ativo
81;1587;BERINGELA KG;4,38;6,49;Ativo
21;19;BETERRABA KG;5,22;7,49;Ativo
10169;70330727984;BIC COMFORT BLACK;3,36;5,49;Ativo
10168;70330717565;BIC COMFORT SENSITIVE;3,36;5,49;Ativo
4547;70330638341;BIC MINI 4UN;7,97;11,99;Ativo
646;7891095154258;BICARB. DE SÓDIO KITANO 30G;1,70;2,49;Ativo
5901;7898236722185;BICARBONATO D SODIO MONOPOL 80G;3,25;5,49;Ativo
4575;7897389309571;BICARBONATO DE SODIO 150G;3,68;5,49;Ativo
1644;7897457621062;BICARBONATO DE SÓDIO BAMBU 50G;0,90;1,79;Ativo
4927;7896067000014;BICARBONATO DE SODIO CORDEIRO 20G;0,98;1,49;Ativo
3268;7891095604753;BICARBONATO DE SÓDIO KITANO 80G;1,50;2,99;Ativo
4229;7898416523311;BICARBONATO KI SABOR 60G;2,15;3,19;Ativo
8958;7898432470064;BICARBONATO YOGI 60G;0,85;1,99;Ativo
6412;7898557241822;BICO DE MAMADEIRA SILICONE;4,99;6,49;Ativo
6411;7898557241815;BICO DE MAMADEIRA SILICONE;4,99;6,49;Ativo
3518;7898908237924;BICO SILICONE ORTO MURANO;4,35;0,00;Ativo
3524;7898908237108;BICO SILICONE REDONDO MURANO;3,30;4,99;Ativo
7025;7894904285679;BIFE DE PANELA SEARA 90G;2,25;3,49;Ativo
6045;7898396117807;BIFINHO CARNE PETISCAO 60G;2,86;4,49;Ativo
6044;7898396117791;BIFINHO FRANGO PETISCAO 60G;3,00;4,49;Ativo
10274;7898363312150;BIFINHO QUALIDY CAES AD S/CARNE 55G;2,38;3,49;Ativo
10386;7898363313393;BIFINHO QUALIDY S/CARNE 55G;3,39;4,99;Ativo
7744;7622210575982;BIS LACTA BRANCO 100.8G;5,79;7,99;Ativo
1683;7622300807283;BIS LACTA BRANCO 126 G;5,00;6,99;Ativo
9778;7622202280689;BIS LACTA BRANCO 63G;3,46;4,99;Ativo
8566;7622210535016;BIS LACTA LIMAO 100.8G;6,49;8,99;Ativo
2223;7622300989316;BIS LACTA OREO 16UN 100.8G;6,49;8,99;Ativo
7745;7622210576064;BIS LACTA ORIGINAL 100.8G;5,15;7,99;Ativo
9902;7622202280665;BIS LACTA ORIGINAL 63G;0,00;4,99;Ativo
1684;7622300807399;BIS LACTA TRAD.126 G;5,69;6,99;Ativo
57;1132;BIS XTRA 45G;1,99;2,99;Ativo
1689;7622300988470;BIS XTRA 45G;3,24;4,79;Ativo
3295;7622210566409;BIS XTRA BLACK 45G;3,24;4,79;Ativo
9721;7622210534569;BIS XTRA BRANCO 45G;3,24;4,79;Ativo
3294;7622300988517;BIS XTRA OREO 45G;3,24;4,79;Ativo
7024;7896085087240;BISC ADRIA AGUA E SAL 170G;2,84;3,99;Ativo
7395;796085087257;BISC ADRIA CRACKER 170G;2,71;3,79;Ativo
6951;7896085087257;BISC ADRIA CRACKER 170G;2,89;4,49;Ativo
10431;7896085087417;BISC ADRIA PLUGADOS S/CHOC 120G;1,78;2,59;Ativo
10429;7896085087431;BISC ADRIA PLUGADOS S/LIMAO 120G;1,78;2,59;Ativo
10430;7896085087424;BISC ADRIA PLUGADOS S/MORANGO 120G;1,78;2,59;Ativo
7718;7896085086571;BISC ADRIA TORTINHAS DUE F/VERM 140G;3,00;4,19;Ativo
8427;7896003710175;BISC AGUA E SAL VIVALE 300G;2,99;4,29;Ativo
5707;7896003738940;BISC AMANTEIGADO CHOC MARILAN 280G;4,89;6,99;Ativo
7507;7896058259032;BISC AMANTEIGADO CHOC TRIUNFO 248G;5,11;7,29;Ativo
5708;7896003738957;BISC AMANTEIGADO TRAD MARILAN 280G;4,89;6,99;Ativo
10565;7891962079585;BISC BAUDUCCO CHOCO BISCUIT BRANC 8OG;5,03;7,49;Ativo
10569;7891962077802;BISC BAUDUCCO CHOCO BROWNIE 80G;6,49;9,49;Ativo
9054;7622210661852;BISC BELVITA CACAU 75G;4,87;6,99;Ativo
5709;7622210661746;BISC BELVITA LEITE C/ AVEIA  75G;4,66;6,49;Ativo
7404;7896004010052;BISC BOM DE BOLA DUO 110G;1,09;1,59;Ativo
9512;7896004010823;BISC BOM DE BOLA FLOCOS 101G;1,19;1,79;Ativo
9164;7896004010793;BISC BOM DE BOLA PARATI CHOC 101G;1,19;1,79;Ativo
7773;7896011102412;BISC BOM DE BOLA PARATI CHOC 110G;1,09;1,59;Ativo
9951;7896004010809;BISC BOM DE BOLA PARATI MOR. 101G;1,19;1,79;Ativo
7772;7896011102436;BISC BOM DE BOLA PARATI MORANGO 110G;1,09;1,59;Ativo
1696;7891000305232;BISC BONO CHOCOLATE 140G;2,08;2,99;Ativo
7746;7891000376843;BISC BONO CHOCOLATE 90G;1,69;2,49;Ativo
6801;7891000376928;BISC BONO DOCE DE LEITE 90G;1,79;2,49;Ativo
6802;7891000376881;BISC BONO LIMAO 90G;1,59;2,49;Ativo
7747;7891000376959;BISC BONO MORANGO 90G;1,79;1,97;Ativo
9759;7891000377017;BISC BONO S/COCO 90G;2,59;2,49;Ativo
3151;7891000305317;BISC BONO TORTA DE LIMÃO 126G;2,05;2,99;Ativo
1695;7891000277928;BISC BONO TORTA LIMÃO 140G;1,98;2,79;Ativo
10187;7896058258349;BISC CERAL ARCOR CACAU E CEREAIS 135G;2,92;4,29;Ativo
10186;7896058258356;BISC CEREAL ARCOR BANANA E CANELA 135G;2,92;4,29;Ativo
10188;7896058258363;BISC CEREAL ARCOR MIX AVEIA E MEL 135G;2,92;4,29;Ativo
1651;7898950172150;BISC CHAMPAGNE 150G PORTO ALEG;3,89;3,89;Ativo
8810;7622210565556;BISC CHOCOLICIA S/CHOCOLATE 132G;4,37;5,99;Ativo
6719;7622300990749;BISC CLUB SOCIAL LVMAIS PGMENOS 288G;7,79;10,99;Ativo
9744;7891962076669;BISC COOKIES BAUDUCCO FINI TUBES 96G;3,01;4,99;Ativo
9327;7891203063502;BISC CORN DROP 350G;5,97;8,99;Ativo
6242;7891203058935;BISC CRACKER GERGELIM PANCO 200G;3,46;4,99;Ativo
8107;7896022207946;BISC CRACKER GERGELIM RENATA 170G;2,59;3,79;Ativo
6063;7891203069900;BISC CRACKER VIDA PANCO 200G;3,09;4,49;Ativo
8988;7891962075228;BISC CREAM CRACKER BAUDUCCO 165G;2,32;3,29;Ativo
8026;7896213006303;BISC CREAM CRACKER CROCKS VITARELLA 350G;5,04;6,99;Ativo
7873;7896253401489;BISC CREAM CRACKER RANCHEIRO 300G;2,69;2,49;Ativo
7585;7891203050427;BISC CREAM SODA QUEIJO 400G;5,87;8,29;Ativo
7679;7896486206844;BISC DE LEITE PRODASA 400G;3,01;4,99;Ativo
10282;7898965988432;BISC DE POLVILHO AVOADOR DO GE 180G;4,80;7,49;Ativo
4430;7891203020307;BISC DELICIOSOS QUEIJO PANCO 200G;3,48;4,99;Ativo
10019;7891203061607;BOLO PANQ. FRUTAS VERMELHAS PANCO 70G;2,72;4,49;Ativo
1546;7891203058041;BOLO PANQ. MORANGO PANCO 70G;2,99;4,49;Ativo
2815;7891203068118;BOLO PANQ.BAQUNILHA 35G;1,72;1,99;Ativo
2612;7891203059413;BOLO PANQ.BRIGADEIRO PANCO 70G;2,99;4,49;Ativo
2817;7891203068101;BOLO PANQ.CHOCOLATE 35G;1,42;1,99;Ativo
2611;7891203058058;BOLO PANQ.DOCE DE LEITE PANCO 70G;2,99;4,49;Ativo
9670;7891203061393;BOLO PANQ.GALAXIA 70G;3,15;4,49;Ativo
2816;7891203068125;BOLO PANQ.MORANGO 35G;1,15;1,99;Ativo
5824;7896002369787;BOLO PINGUINOS BAUNILHA 80G;3,49;5,49;Ativo
5823;7896002302135;BOLO PINGUINOS CHOCOLATE 80G;3,49;5,49;Ativo
4145;736532803559;BOLO PISCINA CEN.BRIG.425G;10,00;15,00;Ativo
1808;7896002361002;BOLO PULLMAN ABACAXI 250G;6,71;8,99;Ativo
5829;7896002361026;BOLO PULLMAN COCO 250G;6,70;9,49;Ativo
1809;7896002360982;BOLO PULLMAN FRAPÊ 250G;7,93;10,99;Ativo
1810;7896002362146;BOLO PULLMAN GOTAS CHOC.250G;7,93;10,99;Ativo
1807;7896002361033;BOLO PULLMAN LARANJA 250G;7,93;9,49;Ativo
3620;751320284112;BOLO SABORES  BOLARIA 300G;5,50;7,69;Ativo
10363;7895382403555;BOLO SABORES COM COBETURA 550G;0,00;13,99;Ativo
2377;7896064203562;BOLO SANTA EDWERGES CHOC 200G;3,95;5,79;Ativo
2886;7896064205245;BOLO SANTA EDWIGES LARANJA 200G;3,95;5,99;Ativo
2885;7896064203579;BOLO SANTA EDWIGES MESCLADO 200G;3,95;5,79;Ativo
11037;7891193020400;BOLO SEVEN BOYS S/LARANJA 250G;5,83;8,49;Ativo
2376;7896064203586;BOLO STA EDWEGES GOT.CHOC 200G;3,95;5,99;Ativo
3349;7896064202923;BOLO STA EDWIGES CHOCOL CM CENOURA 200G;3,69;5,29;Ativo
4146;736532803597;BOLO TRAD MANDIOCA 425G;7,99;11,25;Ativo
11070;7898947741079;BOLOS S/MINAS FUBA C/QUEIJO 250G;4,99;7,49;Ativo
11071;7898119126024;BOLOS S/MINAS NORTE 250G;4,99;7,49;Ativo
2747;7891035539602;BOM AR AR CLICK LAVANDA AP+REF 12ML;13,22;19,99;Ativo
2748;7891035539404;BOM AR AR CLICK TALCO AP+REF 12ML;13,22;19,99;Ativo
4748;7891035537936;BOM AR CHEIRINHO DE TALCO 432ML;9,57;14,99;Ativo
8013;7891035534072;BOM AR FLOR DE ALGODAO 360ML;11,99;16,99;Ativo
2749;7891035539701;BOM AR REFIL LAVANDA 12ML CLICK;6,22;9,29;Ativo
2750;7891035539503;BOM AR REFIL TALCO 12ML CLICK;6,22;9,29;Ativo
5909;602883466449;BOMBA AUTOMATICA CADA;27,00;40,00;Ativo
5908;7896704705876;BOMBA BELLA PARA GALÃO 10 E 20L;23,00;35,00;Ativo
499;7898957402182;BOMBA DE CHOCOLATE DINIZ KG;55,47;79,99;Ativo
367;6847;BOMBA ELETRICA DE LUXO;30,00;50,00;Ativo
2572;78924888;BOMBOM ARCOR AMARGO 1UNI 15G;0,00;0,99;Ativo
2571;7898142859180;BOMBOM ARCOR BEIJINHO 1UNI 15G;0,51;1,49;Ativo
7891;7896079823717;BOMBOM AVELA MONTEVERGINE 55G;4,49;6,49;Ativo
8320;78931244;BOMBOM BRIGADEIRO 15G;0,66;0,99;Ativo
9132;7891000388754;BOMBOM CROCRIBE 215.2G;14,54;20,99;Ativo
9634;7898530842725;BOMBOM DADINHO 198G;7,21;10,99;Ativo
3668;7896079820518;BOMBOM DE CHOCOLATE COM RECHEIO DE CEREJA 55G;4,49;4,99;Ativo
6144;7899934401105;BOMBOM EMPORIO BEIJINHO 30G;1,25;1,99;Ativo
6143;7899934401167;BOMBOM EMPORIO BRIGADEIRO 30G;1,25;1,99;Ativo
6145;7899934401143;BOMBOM EMPORIO CHOCOVELA 30G;1,25;1,99;Ativo
6149;7899934401075;BOMBOM EMPORIO COOCKIES 30G;1,25;1,99;Ativo
6142;7899934401099;BOMBOM EMPORIO FRUTRAS 30G;1,25;1,99;Ativo
6146;7899934401112;BOMBOM EMPORIO MARACUJA 30G;1,25;1,99;Ativo
6148;7899934401136;BOMBOM EMPORIO MORANGO 30G;1,25;1,99;Ativo
6147;7899934401129;BOMBOM EMPORIO TRUFADO 30G;1,25;1,99;Ativo
3270;7891008116632;BOMBOM GAROTO CX 250G;10,69;16,49;Ativo
12168;7891000457092;BOMBOM GAROTO SORTIDOS 220G;9,95;14,99;Ativo
1681;7622210596420;BOMBOM LACTA 250.6 G;11,49;14,99;Ativo
9049;7622202258046;BOMBOM LACTA OREO 20.1G;1,09;1,99;Ativo
10295;7622202298189;BOMBOM LACTA OURO BRANCO 20G;0,69;1,49;Ativo
7059;7622210568601;BOMBOM LACTA SONHO/OURO 220G;12,90;15,99;Ativo
7892;7896079826619;BOMBOM MARACUJA MONTEVERGINE 55G;4,49;4,99;Ativo
8321;78925229;BOMBOM MORANGO 15G;0,66;0,99;Ativo
1682;7891000325148;BOMBOM NELTLE 251G;11,99;14,99;Ativo
12298;7891000457467;BOMBOM NESTLE ESPECIALIDADES 220G;9,79;14,99;Ativo
2315;78939318;BOMBOM OURO BRANCO 20G;0,98;1,49;Ativo
3621;7891008414127;BOMBOM SERENATA DE AMOR 16.5G;0,60;0,99;Ativo
2588;7622210531773;BOMBOM SONHO DE VALSA 20G;0,69;1,49;Ativo
8741;7896306624650;BOMBOM TRENTO MOMENTOS 192G;9,90;14,99;Ativo
6540;7896079827616;BOMBOM TRUFAS MONTEVERGINE 55G;4,69;6,49;Ativo
10449;7891022868043;BOMBRIL 1/1200 6 UNIDADES;1,69;2,99;Ativo
1743;7891022861075;BOMBRIL SAPÓLIO C/CLORO 250ML;8,09;11,49;Ativo
7584;7891022861051;BOMBRIL SAPÓLIO LIMAO 250ML;8,09;11,49;Ativo
1744;7891022861044;BOMBRIL SAPÓLIO S/CLORO 250ML;6,60;10,49;Ativo
10192;7898142863118;BON O BON  S/MORANGO 15G;0,79;1,49;Ativo
10191;78948341;BON O BON PISTACHE 15G;0,79;1,49;Ativo
10190;7898142867161;BON O BON S/BRIGADEIRO 15G;0,81;1,49;Ativo
10189;7898142862821;BON O BON S/DARK 15G;0,79;1,49;Ativo
9597;7898142867123;BONOBON PACOCA 15G;0,89;1,49;Ativo
5026;7897474154444;BONY ACAI 290ML;5,65;8,99;Ativo
1314;7891035325595;BOR AR AIR WICK LAVANDA 360ML;9,99;15,99;Ativo
1313;7891035325625;BOR AR AIR WICK TALCO 360ML;0,00;7,99;Ativo
1352;7898906196094;BOR. DE P. DE P. EXPLENDOR 2.5;0,00;3,99;Ativo
1351;7898906196070;BOR. DE P. DE P. EXPLENDOR 2.5;0,00;3,99;Ativo
1350;7898906196087;BOR. DE P. DE P. EXPLENDOR 7L;0,00;3,99;Ativo
1349;7898906196100;BOR. DE P. DE P. EXPLENDOR 7L;0,00;3,99;Ativo
1353;7890374001443;BOR. P/ PANELA DE PRESSÃO 7L;0,00;3,99;Ativo
10878;7898148910274;BORRACHA MULTIUSO 7LTS;0,99;3,89;Ativo
10877;7898148910809;BORRACHA MULTIUSO 7LTS SILICON;0,00;3,99;Ativo
3541;7898148910793;BORRACHA SILICONE BONSUCESSO 4.5L;2,70;3,99;Ativo
3542;7898148910748;BORRACHA SILICONE PRETA BONSUCESSO 4.5L;0,95;1,99;Ativo
3881;7891991295277;BRAHMA DUPLO MALTE 269ML;2,89;3,99;Ativo
2542;7891991295321;BRAHMA LN DUPLO.MALTE CX C/ 6;18,00;25,49;Ativo
2541;7891991295314;BRAHMA LONG NECK DUPLO M.330ML;3,78;5,49;Ativo
3348;7898081560055;BRANKINHO SEQUILHOS 126G;1,99;2,99;Ativo
9606;760532364338;BRIGADEIRAO REBEKA 80G;2,68;3,99;Ativo
7782;7891048001943;BRIGADEIRO DR OETKER 350G;12,69;17,99;Ativo
10702;7898720330162;BRIGADEIRO GOSTOSO E CIA 48G;2,29;2,99;Ativo
12267;7891000339398;BRIGADEIRO MOCA NESTLE 1,01KG;45,90;65,99;Ativo
8556;7896492201390;BRIGADEIRO PRONTO ROSSETTO 370G;5,90;6,99;Ativo
5089;7898953335620;BRIGADEIRO VIEIRA 23G;1,37;1,99;Ativo
340;7898049437412;BRIGADEIRO/BEIJINHO KG;30,75;44,99;Ativo
12098;7908487332597;BRINQUEDO ANIMAL PLÁSTICO;15,00;19,99;Ativo
10401;7908261044456;BRINQUEDO BONECA C/ACESSORIOS;0,00;9,99;Ativo
10391;793573266545;BRINQUEDO NINE TOYS UN;30,00;39,99;Ativo
10395;793573266538;BRINQUEDO NINE TOYS UN;3,75;4,99;Ativo
10393;793573252739;BRINQUEDO NINE TOYS UN;11,25;14,99;Ativo
10397;742832832632;BRINQUEDO NINE TOYS UN;15,00;19,99;Ativo
10400;7908261036192;BRINQUEDO NINE TOYS UN;22,50;29,99;Ativo
10394;793573266507;BRINQUEDO NINE TOYS UN;22,50;29,99;Ativo
10399;7899958256668;BRINQUEDO NINE TOYS UN;22,50;29,99;Ativo
10396;793573266569;BRINQUEDO NINE TOYS UN;7,50;9,99;Ativo
10398;7908487332634;BRINQUEDO NINE TOYS UN;15,00;19,99;Ativo
7831;7908405901461;BRINQUEDO VINIL GALINHA;6,39;9,99;Ativo
143;1957;BROA CAXAMBU C/ CHOCOLATE UNID;0,00;1,49;Ativo
126;1878;BROA CAXAMBU KG;12,85;19,99;Ativo
8873;7891515551223;BROCOLIS CONGELADO SADIA 300G;4,14;6,49;Ativo
3066;7894904574209;BROCOLIS CONGELADO SEARA 300G;3,49;4,99;Ativo
8279;7896519233069;BROCOLIS DEMARCHI CONGELADO 300G;5,74;8,29;Ativo
9881;7898582040032;BROCOLIS FLORETE ARRICO 2KG;18,60;26,99;Ativo
12486;631911140464;BROCOLIS FLORETE CONG 2KG;15,00;24,99;Ativo
211;2571;BROCOLIS MAÇO UNIDADE;3,50;5,99;Ativo
33;31;BROCOLIS NINJA;5,00;6,99;Ativo
8872;7891515551230;BROCOLIS SADIA CONGELADO 1.05KG;12,30;19,99;Ativo
609;789811;BROCOLIS SADIA CONGELADO 300 KG;3,82;5,99;Ativo
5753;7898950172297;BROINHA DE MILHO PORTO ALEGRE 100G;2,29;3,49;Ativo
8569;7896002312233;BROWMIE COBERTO PULLMAN 35G;3,20;4,49;Ativo
8568;7896002312226;BROWNIE COM NOZES PULLMAN 30G;2,81;4,49;Ativo
9618;7898914683036;BUCHA VEGETAL;4,29;6,29;Ativo
1198;7898527525228;BUCHA VEGETAL AMAZON;0,00;2,49;Ativo
1199;7893657008566;BUCHA VEGETAL ASA DO BRASIL;0,00;3,49;Ativo
1201;7898356980014;BUCHA VEGETAL KI-LEGAL;0,00;3,49;Ativo
5415;7898032680153;BUCHA VEGETAL SAMPA CLEAN;4,25;5,99;Ativo
1200;7898347860011;BUCHA VEGETAL SÍTIO ST ANTÔNIO;3,60;5,49;Ativo
545;9044;BUCHO BOV S/OSSO KG;11,00;18,99;Ativo
336;6013;BUTIJAO COMPLETO CONSIGAS GLP 13KG;150,00;255,00;Ativo
334;6011;BUTIJAO COMPLETO COPGAZ GLP 13KG;150,00;260,00;Ativo
335;6012;BUTIJAO COMPLETO SUPERGAS GLP 13KG;150,00;255,00;Ativo
482;7681;BUTIJÃO VASILHAME GLP13;125,00;170,00;Ativo
5756;7896064205702;BUTTER CHOCOLATE SANTA EDWIGES 90G;1,56;2,49;Ativo
451;7264;c;0,00;0,00;Ativo
2802;7891024136478;C B GOLG FRESH L500 P350+250ML;13,62;19,99;Ativo
10515;7896494209615;C DRAFT LINE PEACH 600 ML 1/6;7,83;12,99;Ativo
10516;7896494208342;C DRAFT LINE WHITE 600 ML 1 6;7,94;12,99;Ativo
764;7896336800758;C. DA SERRA COQ. COMPOS. 880ML;2,49;3,99;Ativo
986;7898380620085;C. DE CAFÉ KN CONFECÇ. TAM. G;0,00;3,99;Ativo
987;7898037541435;C. DE CAFÉ SAC. THOMAZ TAM. P;0,00;3,49;Ativo
1083;7898215151784;C. LEITE PIRACANJUBA UHT 200G;2,24;2,99;Ativo
784;7896005801529;C. TRÊS CORAÇÔES E. FORTE 500G;25,98;33,99;Ativo
785;7896005800010;C. TRÊS CORAÇÔES TRADIC. 500G;23,90;32,99;Ativo
373;6909;caad;0,00;0,00;Ativo
6552;7898377661862;CABARE ICE LIMAO 275ML;6,66;9,99;Ativo
5767;7898936774385;CABIDE PRETO C/3 ARQPLAST;2,45;3,99;Ativo
108;1731;CABO CONDOR DE VASSOURA/RODO;2,79;2,99;Ativo
2373;7891055219201;CABO DE VASSOURA/RODO CONDOR;4,64;6,99;Ativo
8499;7896005212691;CACAU EM PO 100% DONA BENTA 200G;13,85;19,99;Ativo
10613;7896327515012;CACAU EM PO APTI 100G;15,01;21,99;Ativo
7230;751320339874;CACHA CANA BOA CRANBERRY 470ML;2,09;2,99;Ativo
5153;751320294777;CACHA CANA BOA S/CÔCO;1,99;2,99;Ativo
5151;751320706201;CACHA CANA BOA S/MARACUJA;2,09;2,99;Ativo
5152;751320706195;CACHA CANA BOA S/MORANGO;2,09;2,99;Ativo
5851;7896002109017;CACHA. TERRA BRAZILIS 750ML;25,18;37,49;Ativo
5849;7896050200865;CACHA. VELHO BARREIRO CAFE 910ML;30,22;46,99;Ativo
1449;7896002100014;CACHAÇA 51 965ML;9,49;13,99;Ativo
2795;7896002110006;CACHAÇA 51 PIRASSUNUNGA 350ML;3,50;5,99;Ativo
6812;7898377661954;CACHAÇA CABARE AMBURANA 700ML;20,05;28,99;Ativo
6813;7898706420016;CACHAÇA CABARE FIRE CANELA 1L;20,05;29,99;Ativo
6811;7898377661978;CACHAÇA CABARE OURO 700ML;20,05;28,99;Ativo
6810;7898939469363;CACHAÇA CABARE PRATA 700ML;20,50;28,99;Ativo
2610;7898906467286;CACHAÇA CANA BOA 470ML;1,89;2,99;Ativo
2914;7897110000609;CACHAÇA CANINHA DA ROÇA 500ML;1,99;2,99;Ativo
1943;7896547500089;CACHAÇA COROTE 500ML;3,89;5,99;Ativo
1443;7898099393867;CACHAÇA COSTA BRAVA 500ML;1,99;3,49;Ativo
1079;7896273100171;CACHAÇA DO BARRIL 500ML;3,57;4,99;Ativo
1483;7897110000500;CACHAÇA PEDRA 90 500ML;2,79;4,49;Ativo
3721;7896607100174;CACHAÇA PITÚ 965 ML;8,99;14,99;Ativo
8944;7896023021534;CACHACA PRESIDENTE 900ML;5,43;19,99;Ativo
4443;7891050001108;CACHAÇA SÃO FRANCISCO 970ML;20,78;29,99;Ativo
8293;7896050201572;CACHACA TATUZINHO 750ML;6,99;9,99;Ativo
4494;7896050200261;CACHAÇA VELHO BARREIRO 600ML;8,07;11,49;Ativo
300;5218;CACHACA VILLA VELHA 600ML;2,99;4,99;Ativo
2862;7896383700681;CACHAÇA YPIOCA OURO 965ML;15,80;24,99;Ativo
11080;7896383730152;CACHACA YPIOCA PRATA GARRAFA 965ML;11,40;17,99;Ativo
420;7140;cad;0,00;0,00;Ativo
411;7089;cad;0,00;0,00;Ativo
472;7335;cad1;0,00;0,00;Ativo
401;7029;cad3;0,00;0,00;Ativo
361;6819;cad3;0,00;0,00;Ativo
421;7144;cad4;0,00;0,00;Ativo
398;7016;cad5;0,00;0,00;Ativo
412;7098;cad6;0,00;0,00;Ativo
405;7040;cadas;0,00;0,00;Ativo
356;6750;cadastro 6750;0,00;0,00;Ativo
364;6837;cadastro 6837;0,00;0,00;Ativo
382;6930;cadastro 6930;0,00;0,00;Ativo
383;6931;cadastro 6931;0,00;0,00;Ativo
413;7110;cadastro 7110;0,00;0,00;Ativo
425;7170;cadastro 7170;0,00;0,00;Ativo
436;7209;cadastro 7209;0,00;0,00;Ativo
439;7224;cadastro 7224;0,00;0,00;Ativo
441;7228;cadastro 7228;0,00;0,00;Ativo
452;7265;cadastro 7265;0,00;0,00;Ativo
457;7297;cadastro 7297;0,00;0,00;Ativo
470;7333;cadastro 7333;0,00;0,00;Ativo
462;7318;cadd;0,00;0,00;Ativo
10549;7891194000319;CADEADO PAPAIZ CR 20;12,30;19,99;Ativo
10287;7898934289140;CADEIRA PLASTICA;35,99;51,99;Ativo
10153;7898204020688;CAFE  JARAGUA TRADICIONAL 500G;19,95;25,99;Ativo
2954;7898968707009;CAFE 100% ARABICA ESPRESSIATA 500G;19,92;29,99;Ativo
1672;7896005801512;CAFÉ 3 CORAÇÕES EX.FOR 250G;12,99;17,99;Ativo
3707;7896045102396;CAFE 3 CORAÇÕES EXT FORTE VACUO 500G;23,90;32,99;Ativo
4618;7896005800027;CAFE 3 CORAÇOES TRAD 250G;12,99;17,99;Ativo
3708;7896045102440;CAFE 3 CORAÇÕES TRAD. VACUO 500G;28,29;16,99;Ativo
1749;7891018003175;CAFÉ BRASI. EXTRAFORTE 250G;3,29;4,49;Ativo
2432;7891018427599;CAFE BRASILEIRO EXT FORTE 250G;11,68;16,49;Ativo
3709;7891018000105;CAFÉ BRASILEIRO EXT FORTE VACUO 500G;12,28;14,49;Ativo
1471;7891018003182;CAFÉ BRASILEIRO EXT. FORT 500G;6,65;6,99;Ativo
2431;7891018001393;CAFE BRASILEIRO EXT.FORTE.500G;19,90;31,99;Ativo
1753;7891018000013;CAFÉ BRASILEIRO TRAD 250G;3,30;4,49;Ativo
3779;7891018427582;CAFE BRASILEIRO TRAD.250G;11,68;16,49;Ativo
2430;7891018001386;CAFE BRASILEIRO TRAD.500G;19,90;31,99;Ativo
1941;7891018000020;CAFÉ BRASILEIRO TRAD.500G;6,49;6,99;Ativo
5302;7896005804520;CAFÉ C/ LEITE 3CORACOES 100G;5,01;7,49;Ativo
7847;7891018427681;CAFE C/LEITE CAFE BRASILEIRO 300G;9,69;14,99;Ativo
5883;7891021007573;CAFE C/LEITE SOLUVEL MELITA 200G;8,86;13,49;Ativo
6520;7896089016215;CAFE CABLOCO EXTRA FORTE VACUO 500G;12,49;16,99;Ativo
5467;7896089016239;CAFE CABOCLO EXT.FORTE 500G;22,27;28,99;Ativo
4040;7896089011203;CAFÉ CABOCLO TRADICIONAL 250G;12,07;16,99;Ativo
3726;7896089012460;CAFÉ CABOCLO TRADICIONAL 250G;12,07;16,99;Ativo
4262;7896089011470;CAFÉ CABOCLO TRADICIONAL 500G;23,80;29,99;Ativo
5093;7896089010916;CAFÉ CABOCLO VACUO TRAD.500G;12,59;15,99;Ativo
5303;7896005800577;CAFE DESCAFEINADO 3CORECOES 250G;23,90;31,99;Ativo
8186;7891021006309;CAFE DESCAFEINADO MELITTA 250G;14,08;19,99;Ativo
2953;7898968707023;CAFE EX. FROTE ESPRESSIATA 500G;21,39;27,99;Ativo
2994;7896005800539;CAFÉ FORT TORRADO E MOIDO 250G;11,74;16,99;Ativo
1444;7896005800546;CAFÉ FORT TRÊS CORAÇÕES 500G;19,90;31,99;Ativo
10152;7898204020695;CAFE JARAGUAEX FORTE 500G;19,95;25,99;Ativo
2455;7896054600012;CAFÉ JARDIM (EXTRA FORTE) 500G;9,99;8,99;Ativo
807;7896054600029;CAFÉ JARDIM TRADICIONAL 500G;4,19;5,99;Ativo
4261;7898286200039;CAFÉ MARATÁ TRAD 250G;5,99;7,49;Ativo
1525;7898286200046;CAFÉ MARATÁ TRADICIONAL 500G;11,98;15,99;Ativo
3248;7891021005067;CAFE MELITA EXT.FORTE 500G;24,90;32,99;Ativo
3214;7891021006088;CAFÉ MELITA TRAD. 250G;13,97;18,99;Ativo
3706;7891021006071;CAFE MELITA TRAD.250G;8,74;10,99;Ativo
10770;7891021006095;CAFE MELITTA EXTRA FORTE 250G;14,61;18,99;Ativo
1524;7891021006934;CAFÉ MELITTA EXTRA FORTE 500G;9,68;11,99;Ativo
1875;7891021005043;CAFÉ MELITTA POUCH 500G;24,90;32,99;Ativo
8521;7891021005555;CAFE MELITTA POUCH S/FAZENDA 500G;31,24;39,49;Ativo
8310;7891021007177;CAFE MELITTA SOLUVEL TRADICIONAL 200G;24,69;34,99;Ativo
1874;7891021006125;CAFÉ MELITTA TRADICIONAL 500G;24,90;35,99;Ativo
4690;7898598210825;CAFE MINAS MAIS EXTRAFORTE 500G;12,26;14,99;Ativo
3931;7898373582505;CAFE MOKA EXT FORTE 500G;21,29;26,99;Ativo
5092;7898373581508;CAFÉ MOKA TRADICIONAL 500G;21,29;26,99;Ativo
2503;7892222300500;CAFE PELE 500G EXT FORTE VACUO;23,29;30,99;Ativo
3170;7892222310523;CAFE PELE 500G TRADICIONAL;15,49;23,99;Ativo
2339;7892222310257;CAFÉ PELÉ EX. FORTE 250G;11,70;15,99;Ativo
2735;7892222100544;CAFÉ PELÉ EX.FORT 250G;12,23;16,49;Ativo
182;2290;CAFÉ PELE EXT FORTE 250G;4,29;5,29;Ativo
786;7892222310509;CAFÉ PELÉ EXTRA FORTE 500G;21,45;29,99;Ativo
7162;7896067001684;CANJIDA BRANCA CORDEIRO 500G;4,59;7,49;Ativo
6178;7896333200681;CANJIQUINHA BONOMLHO 500G;2,89;4,25;Ativo
9787;7896064105903;CANJIQUINHA CAMPO BELO 500G;2,00;3,99;Ativo
4722;7891095100316;CANJIQUINHA YOKI 500G;6,99;9,99;Ativo
3639;7896451914583;CANUDINHO GREGO IOGURTE DOCILE 70G;3,37;4,99;Ativo
6908;7896451922915;CANUDINHO SUPER AZEDINHOS DOCILE 70G;3,37;4,99;Ativo
3640;7896451912473;CANUDINHO TUTTI FRUTTI DOCILE 70G;2,56;3,99;Ativo
3643;7896451913845;CANUDINHO UNI ACIDO 70G;3,37;4,99;Ativo
522;9009;CAPA DE CONTRA FILE BOVINA KG;30,00;39,99;Ativo
3853;7896216100534;CAPELETTI MEZZANI DE CARNE 400G;7,99;11,99;Ativo
5004;7896216100541;CAPELETTI MEZZANI DE FRANGO 400G;10,90;13,99;Ativo
5307;7896005809501;CAPPUCCINO CHOC. 3CORAC 260ML;6,20;8,99;Ativo
8188;7896005807613;CAPPUCCINO IGUAÇU 100G;3,37;4,99;Ativo
10247;7896089015072;CAPPUCCINO LOR CHOC DUBAI 19,5g;2,86;4,49;Ativo
8458;7896045113668;CAPPUCCINO LOVERS 3CORACOES 260ML;6,20;8,99;Ativo
9720;7896005802892;CAPPUCCINO TRES CORACOES S/CHOC 200G;14,58;20,99;Ativo
2163;7896005804513;CAPUCCINO CLASISC REFIL 100G;8,71;12,49;Ativo
2967;7896005800157;CAPUCCINO CLASSIC 3 CORACOES 200G;14,58;20,99;Ativo
3490;7891021007108;CAPUCCINO MELITA TRAD.200G;14,01;20,99;Ativo
4834;7891021007290;CAPUCCINO SABOR CHOCOLATE MELITTA 200G;9,82;14,99;Ativo
266;3941;CAQUI A GRANEL KG;3,33;7,99;Ativo
199;2559;CARA KG;7,86;11,99;Ativo
249;3368;CARAMBOLA GRANEL KG;6,67;9,99;Ativo
558;7896648621171;CARCACA SUINA KG;9,80;19,99;Ativo
601;7899638367561;CARNE BOV.CONTRA FILE KG;40,56;49,99;Ativo
8266;7891164110697;CARNE DE FRANGO AUROGGETS AURORA 275G;5,43;7,69;Ativo
10047;4789116411073;CARNE DE FRANGO EMPANADO CONG - AUROGGETS GRAN - 2,0 KG;16,59;28,99;Ativo
10926;7898373970128;CARNE DE FRANGO MOIDA, TEMPERADA, EMPANADA, COZIDA E CONGELA;15,90;24,99;Ativo
9998;7896031213075;CARNE DE PANELA BORDON 400G;11,08;15,99;Ativo
10081;9586;CARNE DE SOL KG;25,00;49,99;Ativo
503;8762;CARNE DE SOL KG;20,00;49,99;Desativado
540;9039;CARNE MOIDA 2º;25,00;29,99;Ativo
6976;7899567209536;CARNE MOIDA FRIBOI 500G;10,00;13,99;Ativo
6325;7898924474648;CARNE MOIDA FRIMASTER 500G;6,49;9,99;Ativo
6827;7899567218118;CARNE SECA SALGADA FRIBOI 400G;15,12;21,99;Ativo
478;7389;CARNE SECA SALGADA FRIBOI KG;36,90;49,98;Ativo
190;7898957402014;CAROLINA DOCE DE LEITE KG;55,47;79,99;Ativo
100;1667;CARTELA DE OVO C/ 12;0,00;6,99;Ativo
99;1666;CARTELA DE OVO C/ 30;0,00;11,99;Ativo
101;1668;CARTELA DE OVO C/ 6;0,00;3,49;Ativo
90;1599;CARVÃO 2KG;9,00;12,99;Ativo
1496;7898118640026;CARVÃO SÃO JORGE 2KG;9,00;12,99;Ativo
8795;7898254930326;CASADINHO DE GOIABADA 150G;2,76;3,99;Ativo
355;6749;casd;0,00;0,00;Ativo
12333;7896029609637;CASTANHA CAJU CARAMELIZADAS 40G;3,57;5,99;Ativo
4388;7891151041287;CASTANHA DE CAJU IRACEMA 30G;2,99;5,99;Ativo
12331;7896029603864;CASTANHAS CAJU SALG CROCKS 50G;5,67;7,99;Ativo
869;7896048258038;CASTELO V. DE VINHO BRANCO 750;5,19;7,49;Ativo
9194;7898925110392;CATAVENTO BALAS 15G;3,10;4,49;Ativo
7157;7898656683264;CATAVENTO C/CONFEITO 18G;2,13;3,99;Ativo
6167;7896332722825;CATCHUP ACCERT 180G;2,33;3,49;Ativo
6170;78933725062;CATCHUP ACCERT 900G;4,49;8,49;Ativo
6931;7896332725062;CATCHUP ACCERT TRAD. 900G;5,69;7,99;Ativo
3942;7891080147845;CATCHUP ETTI 380G;5,99;8,99;Ativo
4074;7891080147852;CATCHUP ETTI PICANTE 380G;5,99;8,99;Ativo
8923;7896220200114;CATCHUP KONSUMO 200G;1,99;2,99;Ativo
7528;7896220200329;CATCHUP KONSUMO TRAD.380G;2,95;4,49;Ativo
1945;7896336802189;CATUABA SELVAGEM 1L;9,99;14,99;Ativo
1764;7896336809379;CATUABA SELVAGEM 750ML;7,50;9,99;Ativo
6413;7896336810740;CATUABA SELVAGEM 900ML;12,49;18,49;Ativo
4049;7896336807429;CATUABA SELVAGEM AÇAI 1L;10,90;15,49;Ativo
7307;7891055394212;CD BARBIE CONDOR 50G;3,72;5,49;Ativo
7302;7891528038810;CD COLGATE TANDY MORANGO 50G;5,44;7,99;Ativo
7300;7509546684048;CD COLGATE TOTAL12 ADVANCED 90G;8,22;11,49;Ativo
7301;7891024135020;CD COLGATE TOTAL12 WHITENING 90G;6,59;9,99;Ativo
5572;7891024132128;CD COLGATE TRIPLA ACAO 90G;4,49;6,49;Ativo
4350;7500435150279;CD ORAL-B ANTIAÇUCAR 70G;2,83;3,99;Ativo
10454;7896009400049;CD SENSODYNE ORIGINAL 50G;9,01;13,99;Ativo
7308;7891528038025;CD SORRISO DENTES BRANCOS 50G;2,37;3,49;Ativo
9000;7891528038827;CD TANDY S/TUTTIFRUTTI 50G;6,40;9,99;Ativo
1010;7898647930513;CEB. EM CONS. GRAN ROMANO 170G;1,10;2,49;Ativo
22;20;CEBOLA KG;4,25;6,49;Ativo
200;7893590169652;CEBOLA ROXA KG;3,00;5,99;Ativo
5396;7896067003282;CEBOLA. ALHO E SALSA CORDEIRO 30G;4,29;5,99;Ativo
1652;7898009490532;CEBOLINHA CONSERVA RECALL 300G;9,99;9,99;Ativo
4424;7898016923276;CEBOLINHA CRISTAL IMPERADOR 335G;8,70;12,99;Ativo
86;1594;CEBOLINHA MAÇO CADA;1,00;1,49;Ativo
1113;7892840255541;CEBOLITOS 110G;9,57;12,99;Ativo
7250;7892840822255;CEBOLITOS 36G;2,75;3,99;Ativo
12467;7892840824808;CEBOLITOS 36G;3,50;4,49;Ativo
7233;7892840822804;CEBOLITOS 91G;7,41;9,99;Ativo
183;2350;CEDA SOLTA;0,00;0,50;Ativo
750;7896072911022;CELEBRATE COQ. GASEIF. 660ML;3,49;4,99;Ativo
18;16;CENOURA KG;8,33;12,49;Ativo
4996;7896102501698;CENOURA QUERO CONS.280G;3,69;4,99;Ativo
10998;7896714292885;CEPACOL CITRUS  S/ALCOOL 250ML;7,00;11,99;Ativo
10997;7896714292922;CEPACOL CITRUS SEM ALCOOL 500ML;12,80;18,49;Ativo
6705;7896714275475;CEPACOL KIDS TUTTI FRUTTI 250ML;6,94;9,99;Ativo
3919;7891058016043;CEPACOL MENTA 500ML;7,58;11,49;Ativo
3918;7891058011437;CEPACOL ORI. 250ML;6,78;9,99;Ativo
1706;7891000100721;CER.INT.SNOW FLAKES 300G;6,50;5,99;Ativo
8179;7896040701129;CERA BRILHO FACIL AMARELA 750ML;11,50;16,49;Ativo
8180;7896040701105;CERA BRILHO FACIL INCOLOR 750ML;13,49;19,49;Ativo
8181;7896040701112;CERA BRILHO FACIL VERMELHA 750ML;11,50;16,49;Ativo
9065;7894650112014;CERA COM SILICONE CARNU 200G;12,97;19,99;Ativo
6997;6183413022112;CERA INFINITY UVA 160G;10,00;13,99;Ativo
5863;7891242480018;CERA INGLEZA INCOLOR 60ML;8,86;13,99;Ativo
5862;7891242480025;CERA INGLEZA MARROM 60ML;9,73;14,49;Ativo
1629;7891242072428;CERA LIQ. INCOLOR BRY 750ML;0,00;4,99;Ativo
1631;7891242062429;CERA LIQ. ING. MAXX INCO 750ML;8,97;12,99;Ativo
1632;7891242412453;CERA LIQ. ING. MAXX VERD 750ML;9,00;13,99;Ativo
1630;7891242072459;CERA LIQ. VERDE BRY 750ML;0,00;4,99;Ativo
3560;7896040701136;CERA LIQUIDA AUTOBRILHO ARDÓSIA 700ML;11,50;16,49;Ativo
10351;7899389156186;CERA MOD CARAMELO KINGS 150G;10,20;14,99;Ativo
10338;7893055081048;CERA MOD MATTE PREMIUM KINGS 80G;13,99;20,99;Ativo
10350;7897791838843;CERA MOD MILLION KINGS 150G;10,20;14,99;Ativo
10349;70341129586;CERA MOD OLD MAN BARBER 160;7,99;13,99;Ativo
10222;70341129579;CERA MOD. OLD MAN EFEITO BRILHO 160G;7,99;13,99;Ativo
12338;7898055421719;CEREAIS BRIGADEIRO E AVEIA 22G;1,13;2,99;Ativo
4685;7891000098950;CEREAIS NESTON 3CEREAIS 210G;6,54;9,49;Ativo
1747;7891000050880;CEREAIS SNOW FLAKES 120G;4,40;5,49;Ativo
4589;7898931140413;CEREAL AMABALL CHOCOLATE 200G;4,19;5,99;Ativo
1955;7898931140390;CEREAL AMAVITA C.F AÇUCAR 270G;4,49;6,99;Ativo
7512;7897393601036;CEREAL CHOCO BOLL CHOCOLATE 200G;4,29;6,49;Ativo
2464;7898931140420;CEREAL CORN FLAKES 270G L.C;4,49;6,99;Ativo
5550;7898931140406;CEREAL CORN FLAKES CHOCOLATE 270G;3,69;5,49;Ativo
3238;7898931140383;CEREAL CORN FLAKES NATURAL 200G;3,80;2,49;Ativo
7392;7896079862112;CEREAL CORPO/SABOR CASTANHA 25G;1,19;1,99;Ativo
7393;7896079863119;CEREAL CORPO/SABOR MACA 25G;0,90;1,29;Ativo
6590;7891000255445;CEREAL CRUNCH NESTLE 120G;5,19;7,25;Ativo
8888;7896004010977;CEREAL KELLOGGS FROOT LOOPS 100G;4,20;6,99;Ativo
10842;7896004011608;CEREAL KELLOGGS OVOMALTINE 200GR;11,39;16,99;Ativo
7291;7891000394939;CEREAL KITKAT NESTLE 210G;11,59;16,49;Ativo
10966;7891000370384;CEREAL MAT NESTLE NESCAU L770 PG620G;15,99;24,99;Ativo
4091;7892222500276;CAFÉ PELÉ SOLÚVEL 50G;2,91;4,99;Ativo
2948;7892222310547;CAFÉ PELE TORRADO 500G;15,49;19,99;Ativo
2801;7896089012637;CAFÉ PILÃO 250G VACÚO;13,60;20,99;Ativo
8550;7896089012118;CAFE PILAO DESCAFEINADO VACUO 250G;17,99;22,99;Ativo
5714;7896089016291;CAFE PILÃO EXT.FORTE 250G;13,60;20,99;Ativo
5710;7896089013399;CAFE PILÃO EXT.FORTE 500G;24,84;34,99;Ativo
9511;7896089013658;CAFE PILAO EXTRAFORTE REFIL 250G;32,90;39,99;Ativo
3727;7896089013405;CAFÉ PILÃO EXTRAFORTE VACUO 500G;25,89;34,99;Ativo
7985;7896089012927;CAFE PILAO INTENSO 500G;17,99;21,99;Ativo
7986;7896089012880;CAFE PILAO INTENSO VACUO 500G;18,99;22,99;Ativo
9509;7896089013634;CAFE PILAO REFIL 500G;26,89;34,99;Ativo
6737;7896089088649;CAFE PILAO SOLUVEL 40G;2,63;3,99;Ativo
6738;7896089088656;CAFE PILAO SOLUVEL 40G;3,98;5,99;Ativo
5242;7896089013849;CAFÉ PILÃO TORRADO 500G;15,98;21,99;Ativo
1673;7896089011982;CAFÉ PILÃO TRAD 250G;12,89;17,99;Ativo
9510;7896089013641;CAFE PILAO TRAD REFIL 250G;17,27;21,99;Ativo
834;7891910012015;CAFÉ PILÃO TRADICIONAL 500G;23,90;32,99;Ativo
2722;7896089011357;CAFÉ PILÃO TRADICIONAL VACUO 500G;25,89;34,99;Ativo
12122;7896053600013;CAFE SELETO EXTRA FORTE 500G;20,94;27,99;Ativo
5305;7896005801154;CAFÉ SOL EF. 3CORACOES 50G;5,73;8,49;Ativo
7045;7891000315507;CAFE SOL MATINAL NESCAFE 100G;12,25;17,49;Ativo
7140;7896045103003;CAFE SOLUVEL 3CORACOES 40G;6,06;8,99;Ativo
7688;7896045111398;CAFE SOLUVEL 3CORACOES EXTRA 40G;6,06;8,99;Ativo
6730;7891018000679;CAFÉ SOLUVEL BRASIEIRO 50G;4,58;6,49;Ativo
8187;7896005800706;CAFE SOLUVEL GRANULADO DESCAFEINADO 50G;4,46;6,49;Ativo
10511;7896089089905;CAFE SOLUVEL LOR CLASSIQUE 40G;6,39;9,49;Ativo
10510;7896089089868;CAFE SOLUVEL LOR ESPRESSO 40G;6,39;9,49;Ativo
10512;7896089089912;CAFE SOLUVEL LOR INTENSE 40G;6,39;9,49;Ativo
9669;7896348300918;CAFE SOLUVEL MELITTA DESCAFEINADO 40G;9,63;14,49;Ativo
9668;7896348300901;CAFE SOLUVEL MELITTA EXT FORTE 40G;6,34;8,99;Ativo
9667;7896348300895;CAFE SOLUVEL MELITTA TRAD 40G;5,70;8,49;Ativo
4829;7891021007429;CAFE SOLUVEL MELLITA TRAD 50G;4,92;6,99;Ativo
3737;7891000029329;CAFÉ SOLUVEL NESCAFE 100G;19,54;28,99;Ativo
4831;7891000306703;CAFÉ SOLUVEL NESCAFE EXT FORTE 50G;4,56;6,49;Ativo
4830;7891000315200;CAFÉ SOLUVEL NESCAFE MATINAL 50G;4,56;6,49;Ativo
6589;7891000300503;CAFE SOLUVEL NESCAFE ORI 100G;19,54;28,99;Ativo
7188;7891000307120;CAFE SOLUVEL NESCAFE ORI 40G;6,34;9,49;Ativo
6588;78910029329;CAFE SOLUVEL NESCAFE TRAD 100G;9,89;13,99;Ativo
6157;7891000307090;CAFÉ SOLUVEL NESCAFE TRD FORTE 40G;6,09;8,99;Ativo
2778;7892222500962;CAFÉ SOLUVEL PELE 50G CREMOSO;3,84;5,49;Ativo
4896;7892222500023;CAFE SOLUVEL PELE VIDRO 100G;9,08;12,99;Ativo
4735;7896089088496;CAFE SOLUVEL PILAO 50G;3,85;5,49;Ativo
11053;7896089088472;CAFE SOLUVEL PILAO CAFETERIA VIDRO 70G;12,94;19,99;Ativo
6033;7896089088489;CAFE SOLUVEL PILAO VIDRO 100G;12,94;19,99;Ativo
2618;7896005800683;CAFÉ SOLUVEL TRAD 3 COR 50G;3,29;4,59;Ativo
2939;7898286200060;CAFE TRAD MARATA 250G;5,99;7,49;Ativo
2938;7898286200077;CAFE TRAD MARATA 500G;16,98;21,99;Ativo
12232;7896053600044;CAFE TRAD SELETO 500G;21,36;27,99;Ativo
2952;7898968707016;CAFÉ TRAD. ESPRESSIATA 500G;21,41;27,99;Ativo
1472;7896641000249;CAFÉ UBER UBA 500G;3,89;5,99;Ativo
8851;7891910030484;CAFE UNIAO EXTRAFORTE 250G;8,66;13,99;Ativo
5465;7891910030354;CAFÉ UNIAO EXTRAFORTE 500G;20,90;28,99;Ativo
4897;7891910030347;CAFE UNIÃO TRAD.500G;19,98;28,99;Ativo
8850;7891910030477;CAFE UNIAO TRADICIONAL 250G;10,55;15,99;Ativo
3715;7896080902043;CAIXA DE FÓSFORO PARANÁ;2,40;3,99;Ativo
5020;7896100900011;CAIXA DE FÓSFORO QUELUZ;2,89;3,99;Ativo
6881;7891149107773;CAIXA DE SKOL LATA 350ML C/18;48,42;3,99;Ativo
10857;619205317884;CAJU BOM SABOR 350G;7,50;10,99;Ativo
275;4331;CALABRESA PERDIGAO;24,99;28,99;Ativo
276;4332;CALABRESA SADIA;15,96;28,99;Ativo
277;4333;CALABRESA SEARA;20,28;28,99;Ativo
4369;7891000242452;CALDO DE CARNE MAGGI;0,46;0,99;Ativo
4576;7897389307263;CALDO DE CARNE PENINA 100G;1,53;2,49;Ativo
4368;7891000242483;CALDO DE GALINHA MAGGI;0,46;0,99;Ativo
2705;7897389308277;CALDO DE GALINHA PENINA 100G;1,53;2,19;Ativo
10083;7891132165964;CALDO EM PO SAZON CARNE 11G;0,40;1,99;Ativo
2528;7894000033860;CALDO KNORR BACON 57G;1,60;2,49;Ativo
2530;7891150079366;CALDO KNORR BRASILEI. 57G;1,08;1,99;Ativo
639;7891150012318;CALDO KNORR CARNE 57;1,60;2,49;Ativo
2529;7894000033808;CALDO KNORR COSTELA 57G;1,62;2,49;Ativo
640;7894000000275;CALDO KNORR GALINHA 57;1,60;2,49;Ativo
2526;7894000000268;CALDO KNORR LEGUMES 57G;1,60;2,49;Ativo
2527;7891700200523;CALDO KNORR PICANHA 57G;1,08;1,69;Ativo
5271;7891000285800;CALDO MAGGI  EM PÓ CARNE 35G;1,19;1,99;Ativo
5272;7891000285848;CALDO MAGGI  EM PÓ GALINHA 35G;1,19;0,75;Ativo
4767;7891000249932;CALDO MAGGI BACON 57G;1,50;2,79;Ativo
2531;7891000250150;CALDO MAGGI CARNE 57G;1,70;2,79;Ativo
2533;7891000250174;CALDO MAGGI GALINHA 57G;1,70;2,79;Ativo
4048;7891000249963;CALDO MAGGI LEGUMES 57G;1,50;2,79;Ativo
2532;7891000249901;CALDO MAGGI PICANHA 57G;1,35;0,99;Ativo
4094;7891132110216;CALDO SAZON CARNE 32.5G;1,70;2,49;Ativo
12309;7891132165926;CALDO SAZON GALINHA  11G;0,40;1,99;Ativo
4092;7891132082186;CALDO SAZON LEV CARNE 37.5G;1,34;1,99;Ativo
7406;7891132165209;CALDO SAZON LEV CARNE 37.5G;3,09;4,49;Ativo
4093;7891132110278;CALDO SAZON LEV GALINHA 32.5G;1,34;1,99;Ativo
1515;7897457621086;CAMOMILA BAMBU 15G;0,90;1,79;Ativo
4922;7896067000045;CAMOMILA CORDEIRO 6G;1,93;2,99;Ativo
752;7896931611940;CAMPO LARGO SUCO INTG. 1.5L;8,99;11,99;Ativo
4185;7898153860014;CAN. DANADINHA 600ML;2,79;4,49;Ativo
761;7896780900196;CANÇÃO VINHO TINTO SUAVE 750ML;7,99;11,99;Ativo
8503;7896105500414;CANDURA MULTIUSO ORIGINAL 500ML;0,00;4,99;Ativo
1516;7897457620508;CANELA EM CASCA BAMBU 10G;0,90;1,79;Ativo
4928;7896067000038;CANELA EM CASCA CORDEIRO 8G;2,10;3,49;Ativo
3079;7891965430840;CANELA EM CASCA HIKARI 8G;2,95;4,49;Ativo
2823;7891095154098;CANELA EM CASCA KITANO 20G;4,89;6,99;Ativo
645;7891095154296;CANELA EM CASCA KITANO 8G;1,91;2,99;Ativo
9806;7898432470095;CANELA EM CASCA YOGI 5G;1,10;1,99;Ativo
4925;7896067000021;CANELA EM PÓ 10G;2,10;3,49;Ativo
4577;7897389309519;CANELA EM PÓ 40G;2,99;4,49;Ativo
628;789745721103;CANELA EM PÓ BAMBU 30G;0,90;1,79;Ativo
3067;7891965430871;CANELA EM PÓ HIKARI 30G;2,35;3,49;Ativo
2825;7891095154074;CANELA EM PÓ KITANO 50G;3,85;3,99;Ativo
9953;7898432470101;CANELA EM PO YOGI 5G;1,10;1,99;Ativo
4288;7891095154272;CANELA KITANO EM PÓ 8G;1,91;2,99;Ativo
7955;7898270960086;CANELA RAMA PONZAN 10G;2,13;2,99;Ativo
12294;7897110001552;CANELINHA DA ROÇA 900ML;9,92;14,99;Ativo
9520;7896685201077;CANELINHA DA ROCHA 275ML;2,93;4,49;Ativo
4495;7896685200223;CANELINHA DA ROCHA 900ML;10,00;15,99;Ativo
9944;70330129627;CANETA BIC CRISTAL AZUL;0,79;1,49;Ativo
9945;70330129665;CANETA BIC CRISTAL PRETA;0,70;1,49;Ativo
8243;7896327515937;CANJAO APTI C/ ARROZ 180G;3,69;5,29;Ativo
4304;7891000582305;CANJAO MAGGI 200G;4,73;6,99;Ativo
9126;7891122111803;CANJAO QUALIMAX S/GALINHA 160G;5,49;7,99;Ativo
6055;7896064102551;CANJICA AMARELA CAMPO BELO 500G;2,00;3,49;Ativo
936;7898416522024;CANJICA AMARELA KISABOR 500G;3,69;5,99;Ativo
1719;7891095100118;CANJICA AMARELA YOKI 500G;5,32;7,49;Ativo
8135;7896200116541;CANJICA BRANCA BROTO LEGAL 500G;3,50;4,47;Ativo
6056;7896064102513;CANJICA BRANCA CAMPO BELO 500G;3,50;5,49;Ativo
8144;7898416520655;CANJICA BRANCA KISABOR 400G;3,00;3,97;Ativo
10783;7896401183168;CANJICA BRANCA URBANO 500G;2,73;3,99;Ativo
7153;7891095911264;CANJICA CRISTAL YOKI 500G;4,82;7,29;Ativo
6673;7896067001691;CANJICA DE MILHO CORDEIRO 500G;3,15;4,99;Ativo
2336;7891965220113;CANJICA DE MILHO HIKARI 500G;2,49;3,99;Ativo
1834;7891095100293;CANJICA YOKI 500G;7,49;11,99;Ativo
6691;7622210573919;BISC TRAKINAS BUBBALOO 126G;1,95;1,99;Ativo
9599;7896058258837;BISC TRIUNFO AGUA E SAL 345G;4,74;6,99;Ativo
10891;7896058259001;BISC TRIUNFO AMANT COCO 248G;4,94;6,99;Ativo
10890;7896058259025;BISC TRIUNFO AMANT LEITE  248G;4,93;6,99;Ativo
9600;7896058258844;BISC TRIUNFO CREAM CRACKER 345G;4,74;6,99;Ativo
9601;7896058258554;BISC TRIUNFO LEITE 345G;4,09;5,99;Ativo
4590;7896058253917;BISC TRIUNFO LEITE 375G;4,41;6,49;Ativo
8327;7896058259100;BISC TRIUNFO MAIZENA 170G;1,98;2,99;Ativo
4591;7896058251241;BISC TRIUNFO MAIZENA 375G;4,41;6,49;Ativo
1691;7896079846228;BISC TUBIN AVELA 48G;1,59;2,49;Ativo
6981;7896079846471;BISC TUBIN BRIGADEIRO 48G;1,59;2,49;Ativo
2176;7896079846525;BISC TUBIN CHOCOLATE 48G;1,59;2,49;Ativo
6980;7896079846730;BISC TUBIN MORANGO 48G;1,59;2,49;Ativo
9200;7896079893109;BISC TUBONBON CHOC 30G;1,89;2,79;Ativo
9201;7896079893123;BISC TUBONBON LIMAO 30G;1,89;2,79;Ativo
6235;7896061301339;BISC TUC´S S/BACON 100G;1,30;1,99;Ativo
6236;7896061300189;BISC TUC´S S/QUEIJO 100G;1,26;1,99;Ativo
3174;7896213002091;BISC VITARELLA CROCKS TRAD.400G;4,39;2,99;Ativo
5317;7896213006426;BISC VITARELLA MAIZENA LEITE 350G;4,13;3,99;Ativo
5941;7896213006358;BISC VITARELLA MARIA TRAD 350G;4,67;6,99;Ativo
5517;7891962036991;BISC WAFER BAUDUCCO CHOC.AVELÃ 140G;2,90;4,49;Ativo
9742;7891203061256;BISC WAFER PANCO RED VELVET 112G;3,23;4,49;Ativo
1429;7896085053269;BISC. ADRIA C. CRAC. AG/S 200G;2,80;3,99;Ativo
1428;7896085009839;BISC. ADRIA C. CRACKER 200G;2,80;3,99;Ativo
1433;7896085055782;BISC. ADRIA CHOC. E AVELÃ 160G;1,79;2,89;Ativo
1430;7896085074448;BISC. ADRIA CHOC. SUÍÇO 160G;1,79;2,89;Ativo
1432;7896085055829;BISC. ADRIA CHOCOLATE 160G;1,79;2,89;Ativo
774;7896085053832;BISC. ADRIA FOLHATA 200G;2,49;3,49;Ativo
1437;7896085076121;BISC. ADRIA PLUG. CHOC. 140G;0,00;2,49;Ativo
1439;7896085076152;BISC. ADRIA PLUG. LIMÃO 140G;0,00;2,49;Ativo
1438;7896085076138;BISC. ADRIA PLUG. MORANGO 140G;0,00;2,49;Ativo
1431;7896085056840;BISC. ADRIA T. DE LIMÃO 160G;1,79;2,89;Ativo
1434;7896085073915;BISC. ADRIA WAFER CHOC. 100G;0,00;2,95;Ativo
1435;7896085073953;BISC. ADRIA WAFER LIMÃO 100G;0,00;2,95;Ativo
1436;7896085073946;BISC. ADRIA WAFER MORANGO 100G;0,00;2,95;Ativo
6032;7896022205232;BISC. AGUA E SAL RENATA 360G;2,50;4,99;Ativo
10029;7899934401495;BISC. AMAN EMPORIO DAVILLA BAMBOLE RECHEADO 250G;7,00;9,99;Ativo
10028;7899934401464;BISC. AMAN EMPORIO DAVILLA COCO 250G;7,00;9,99;Ativo
10027;7899934401518;BISC. AMAN EMPORIO DAVILLA FLOCOS 250G;7,00;9,99;Ativo
9913;7899934401501;BISC. AMAN EMPORIO DAVILLA LEITE CONDENSADO 250G;7,00;9,99;Ativo
10030;7899934401488;BISC. AMAN EMPORIO DAVILLA NATA 250G;7,00;9,99;Ativo
6331;7891962066073;BISC. BAUDUCCCO BAUNILHA 140G;1,65;2,79;Ativo
1345;7891962026138;BISC. BAUDUCCCO DP.CHOC. 140G;1,65;2,79;Ativo
781;7891000018750;BISC. BONO CHOCOLATE 140G;1,79;2,89;Ativo
2711;7891000284568;BISC. BONO CHURRUS 140G;1,79;2,69;Ativo
1367;7891000086193;BISC. BONO DECE DE LEITE 140G;1,89;2,89;Ativo
1344;7896023600340;BISC. C. CRACK SPECIALAT 400G;0,00;3,69;Ativo
6027;7898959179334;BISC. CHIBA´S AMENDOIM 300G;6,30;8,99;Ativo
6026;7898959179938;BISC. CHIBA´S BEIJINHO 300G;6,30;8,99;Ativo
6024;7898959179150;BISC. CHIBA´S COCO 300G;6,30;8,99;Ativo
6025;7898959179181;BISC. CHIBA´S NENEM 300G;6,30;8,99;Ativo
5338;7896022204624;BISC. CHOCOLATE RENATA 330G;5,96;8,49;Ativo
5340;7896022204631;BISC. COCO RENATA 330G;5,55;7,99;Ativo
1423;7896486202884;BISC. COQUINHO PRODASA 400G;3,32;5,99;Ativo
1579;7891203051103;BISC. CRACKER INT. PANCO 200G;1,99;2,99;Ativo
2687;7891203056146;BISC. CRACKER PANCO 400G;7,61;10,79;Ativo
4155;7891203056139;BISC. CRACKER PANCO INT. 400G;4,80;6,99;Ativo
2495;7891203058966;BISC. CRACKER PANCO MANTE 400G;3,90;5,49;Ativo
654;7898937826861;BISC. DE POVILHO LOBITS 40G;0,55;0,99;Ativo
773;7896023600074;BISC. DUCHEN C.CRACKER 200G;0,00;1,99;Ativo
791;7896023600111;BISC. DUCHEN MAIZENA 200G;1,39;1,99;Ativo
6332;7896024760319;BISC. LEITE MALTADO PIRAQUE 160G;3,16;4,69;Ativo
5339;7896022204648;BISC. LEITE RENATA 330G;5,55;7,99;Ativo
6002;7891203058119;BISC. MAISENA PANCO 200G;2,92;5,29;Ativo
1050;7896023600364;BISC. MAIZ. SPEC. DUCHEN 400G;2,52;3,59;Ativo
5989;7891203058225;BISC. MAIZENA LEITE PANCO 400G;5,39;7,69;Ativo
6028;7893590718553;BISC. MAMA DELICIA DE COCO 300G;6,30;8,99;Ativo
864;7896003703245;BISC. MARILAN ÁGUA E SAL 400G;0,00;2,99;Ativo
792;7896003700800;BISC. MARILAN MAIZENA 200G;1,49;2,49;Ativo
4672;7896003738582;BISC. MARILAN MAIZENA LEITE 350G;4,42;6,49;Ativo
1368;7891000023808;BISC. NEGRESCO 140G;1,98;2,99;Ativo
846;7891000287231;BISC. NESTLE SÃO LUIZ 130G;1,45;1,99;Ativo
775;7896111421895;BISC. NINFA C. CRACKER 370G;2,35;3,49;Ativo
5493;7622210565938;BISC. OREO CHOCOLATE 100G;2,57;3,99;Ativo
3108;7898934910310;BISC. PALITO DE QUEIJO 100G;3,60;5,49;Ativo
4650;7891203063250;BISC. PANCO MORANGO 140G;2,03;2,99;Ativo
5401;7896085086472;BISC. PLUGADOS MORANGO 130G;1,65;2,69;Ativo
2011;7898171340017;BISC. POLVILHO BISCOITONE 100G;2,29;3,49;Ativo
6463;7898171341090;BISC. POLVILHO BISCOITONE 70G;2,99;4,49;Ativo
5761;7898171340208;BISC. POLVILHO BISCOITONE 80G;2,39;3,49;Ativo
5337;2789841678002;BISC. POLVILHO CASSINI 100G;3,19;4,99;Ativo
4628;7896003711905;BISC. TEENS CHOC 30G;1,48;2,49;Ativo
1049;7896071024433;BISC. TODDY MOR. E CHOC. 100G;1,78;2,79;Ativo
844;7896058256406;BISC. TRIUNFO SALPET TRAD 100G;0,75;0,99;Ativo
1048;7896058257182;BISC. TRORTUG. CHOCOLATE 86G;1,29;1,99;Ativo
1047;7896058257199;BISC. TRORTUGUITA MORANGO 86G;0,90;1,39;Ativo
845;7896061301575;BISC. TUC´S INTEGRAL 100G;0,75;0,99;Ativo
1466;7896061300677;BISC. TUC´S ORIG. 100G;1,15;1,99;Ativo
5900;7896061301865;BISC. TUCS PIZZA 100G;1,30;1,99;Ativo
1908;7896213001803;BISC. VITA.INTEGRAL CREAM CRAC;4,40;3,99;Ativo
1427;7896213000448;BISC. VITARELLA C. CRACK 400G;3,85;4,99;Ativo
1593;7891962036984;BISC. WAFER BAUDUCCO CHOC 140G;2,90;4,49;Ativo
1594;7891962037028;BISC. WAFER BAUDUCCO CHOC 140G;2,90;4,49;Ativo
1595;7891962037004;BISC. WAFER BAUDUCCO MOR 140G;2,90;4,49;Ativo
5670;7891340303615;BISC. WAFER LOOK ATREVIDOS 55G;2,31;3,49;Ativo
6212;7891340303332;BISC. WAFER LOOK MORANGO 55G;2,31;3,49;Ativo
849;7896111426227;BISC. WAFER NINFA AVELÃ 100G;1,35;1,99;Ativo
850;7896111426234;BISC. WAFER NINFA CH. BRA 100G;1,35;1,99;Ativo
848;7896111426210;BISC. WAFER NINFA CH. SUI 100G;1,35;1,99;Ativo
851;7896111425992;BISC. WAFER NINFA CHOC. 100G;1,35;1,99;Ativo
2956;7891203058584;BISC. WAFER PANCO ABACAXI C COCO 140G;2,95;4,49;Ativo
2492;7891203057075;BISC. WAFER PANCO CHOC 140G;2,95;4,49;Ativo
3282;7891203058614;BISC. WAFER PANCO CHOCO.+SUIÇO 140G;2,95;4,49;Ativo
847;7896003710083;BISC. WAFER VIVALE LIMÃO 80G;0,75;0,99;Ativo
2970;7896071025409;BISC. WAFFER  TODDY BROWNIE 94G;1,60;2,39;Ativo
790;7896085052088;BISC. ZABET LEITE 400G;3,10;4,99;Ativo
789;7896085052163;BISC. ZABET MAIZENA 400G;3,10;4,99;Ativo
6905;7896085087189;BISC.ADRIA FOLHATA 170G;2,84;3,99;Ativo
1690;7896085076183;BISC.ADRIA PLUGADOS 130G;1,69;2,49;Ativo
2883;7896213000677;BISC.AGUA E SAL 400G;3,19;2,99;Ativo
1703;7891962003559;BISC.AMANT.BAUDUCCO CHOC.335G;3,35;2,99;Ativo
1704;7891962003566;BISC.AMANT.BAUDUCCO CHOC.335G;3,35;4,89;Ativo
8674;7899934400986;BISC.AMANT.IMP.DÁVILLA GOIABINHA 100G;4,95;6,99;Ativo
9848;7899934401471;BISC.AMANT.IMP.DÁVILLA GOIABINHA 250G;8,50;12,49;Ativo
8675;7899934400993;BISC.AMANT.IMP.DÁVILLA L.COND.100G;4,95;6,99;Ativo
6925;7891962068053;BISC.BANANA C/CANELA BAUDUCCO 375G;5,33;7,99;Ativo
3488;7891962051062;BISC.BAUDUCCO CEREALE LARANJA DAMASCO 141G;2,29;3,49;Ativo
3487;7891962051079;BISC.BAUDUCCO CEREALE UVA P MAÇA 141G;2,29;3,49;Ativo
6926;7891962068022;BISC.CHOCOLATE BAUDUCCO 375G;6,78;9,49;Ativo
5513;7622210641151;BISC.CLUBE SOCIAL PIZZA 141G;4,68;6,99;Ativo
7790;7891203069917;BISC.CRACKER VIDA  PANCO  400G;4,49;7,49;Ativo
4415;7896213006235;BISC.CRACKER VITARELLA TRAD.400G;4,65;6,49;Ativo
9716;7896213006327;BISC.CREAM CRACKER CROCKS TRAD.350G;5,28;7,99;Ativo
5056;7896213006266;BISC.CREAM CRACKER INT.VITARELLA 367.5G;5,28;7,49;Ativo
5981;7896058257274;BISC.DANIX CHOCO CHOCO 130G;2,10;2,99;Ativo
5049;7896058257298;BISC.DANIX CHOCO SHAKE 130G;2,02;2,99;Ativo
5048;7896058257281;BISC.DANIX CHOCOLATE 130G;2,02;2,99;Ativo
5065;7893595129644;BISC.FLORZINHA DE GOIABADA 300G;5,70;7,99;Ativo
5066;7893590718607;BISC.GOIABINHA 300G;5,70;7,99;Ativo
3200;7891203067975;BISC.GOLDEN BLACK PANCO 42G;0,42;0,99;Ativo
4962;7896058258530;BISC.MAIZENA TRIUNFO 345G;4,09;5,99;Ativo
5064;7893590718584;BISC.MAMA FLOR DO CAMPO 300G;5,70;7,99;Ativo
4237;7896003738520;BISC.MARILAN MAIZENA 350G;3,49;5,99;Ativo
2323;7896085075667;BISC.MOUSSE BLACK 145G;2,29;3,39;Ativo
5016;7891000345801;BISC.NEGRESCO MORANGO 100G;2,69;2,50;Ativo
4973;7891000304754;BISC.NESFITE LAR E CENOURA 160G;3,00;4,49;Ativo
5512;7622300989408;BISC.OREO MILKSHAKE MORANGO 90G;2,85;4,49;Ativo
4610;7891203021700;BISC.PANCO CORN DROP 500G;7,69;10,99;Ativo
2692;7891203050441;BISC.PANCO MARIA 400G;5,69;8,49;Ativo
2494;7891203021601;BISC.PANCO SALG DE QUEIJO 500G;7,05;10,49;Ativo
2689;7891203020253;BISC.PANCO SEQUILHOS 200G;5,83;8,49;Ativo
2693;7891203021250;BISC.PANCO SEQUILHOS 500G;11,74;16,49;Ativo
2197;7898171341076;BISC.POLV.SALG.BISCOITONE 80G;2,39;3,49;Ativo
2694;7898171340024;BISC.POLVILHO BISCOITONE 200G;4,59;6,49;Ativo
9715;7898953566017;BISC.POLVILHO SAPEQUINHA 150G;7,00;9,99;Ativo
4327;7898230897506;BISC.PREDILLETO CHOCOLATE 120G;0,99;1,49;Ativo
4328;7898230897490;BISC.PREDILLETO MORANGO 120G;0,99;1,49;Ativo
842;7891962008332;BISC.RECH. BAUDUCCO BRIG. 140G;0,85;1,29;Ativo
843;7891962008387;BISC.RECH. BAUDUCCO CHOC. 140G;1,65;2,79;Ativo
840;7896023600197;BISC.RECH. DUCHEN MORANGO 135G;0,75;0,99;Ativo
841;7897426030000;BISC.RECH. GLUB MORANGO 115G;0,75;0,99;Ativo
58;1138;BISC.RECHEADO BAUDUCCO 140G;0,98;1,49;Ativo
1694;7891962008325;BISC.RECHEADO BAUDUCCO MORANGO 140G;1,65;2,79;Ativo
4078;7896022205355;BISC.RENATA GERGILIM 200G;2,69;3,99;Ativo
4391;7896022207076;BISC.RENATA TWITTER BAUN.112G;1,69;2,49;Ativo
2691;7891203021168;BISC.ROSQ.PANCO CHOC 500G;8,70;12,49;Ativo
5140;7891203020154;BISC.ROSQ.PANCO COCO 200G;3,22;4,79;Ativo
2690;7891203021908;BISC.ROSQ.TICA COCO 500G;6,44;9,99;Ativo
2688;7891203063465;BISC.ROSQUINHA COCO 350G;2,09;4,99;Ativo
5062;7898959179426;BISC.TARECO DE COCO 300G;5,70;7,99;Ativo
5063;7898959179303;BISC.TARECO DE L.CONDESADO 300G;5,70;7,99;Ativo
5511;7896003737455;BISC.TEENS BAUNY 30G;1,48;2,49;Ativo
2479;7896071024839;BISC.TODDY CHOCOLATE 100G;1,78;2,79;Ativo
5752;7622210592675;BISC.TRAKINAS CHOC. BRANCO 126G;1,97;2,99;Ativo
1697;7622210592767;BISC.TRAKINAS CHOC.126G;1,97;2,99;Ativo
1698;7622210592798;BISC.TRAKINAS MORANGO.126G;1,97;2,99;Ativo
6282;7622210573926;BISC.TRAKINAS TORTA DE LIMAO 126G;1,97;2,99;Ativo
1909;7896213003791;BISC.VITA DELICITA 450G;5,20;7,29;Ativo
5549;7896213006419;BISC.VITARELLA MAIZENA CHOC 350G;4,13;3,00;Ativo
7143;7896085087202;BISC.VITARELLA MOUSSE LIMAO 130G;2,21;3,29;Ativo
4201;7896003710205;BISC.VIVALE LEITE 300G;3,95;5,59;Ativo
8067;7896079846396;BISC.WAFER BRIGADEIRO 30G;1,25;1,99;Ativo
9937;7896079846594;BISC.WAFER CHOCOLATE 30G;1,25;1,99;Ativo
8068;7896079846693;BISC.WAFER MORANGO 30G;1,25;1,99;Ativo
603;789792;BISC.WAFER MORANGO 30G;1,19;1,75;Ativo
1665;7896085075551;BISC.ZABET MOUSSE CHOC 145G;2,29;3,39;Ativo
1664;7896085075575;BISC.ZABET MOUSSE LIMAO 145G;1,00;1,99;Ativo
4848;7896213006396;BISCO.VITARELLA MAIZENA 350G;4,65;6,99;Ativo
2245;7891962010175;BISCOITO  BAUDUCO BANANA 375G;0,00;5,29;Ativo
10057;7891203056122;Biscoito Agua Sal 400;5,76;8,49;Ativo
2989;7891962047560;BISCOITO BAUDUCCO CEREALE 170G;3,05;4,29;Ativo
2990;7891962045160;BISCOITO BAUDUCCO CEREALE 170G;3,05;4,29;Ativo
8990;7891962076348;BISCOITO BAUDUCCO S/BANANA CANELA 354G;5,93;7,99;Ativo
8989;7891962068039;BISCOITO BAUDUCCO S/LEITE 335G;5,46;7,99;Ativo
188;2469;BISCOITO BEIJINHO FREIRA KG;20,00;29,99;Ativo
3272;7891000305270;BISCOITO BONO DOCE DE LEITE 126G;0,00;2,99;Ativo
3271;7891000305195;BISCOITO BONO MORANGO 126G;1,98;2,99;Ativo
10757;7891962035451;BISCOITO CHAMPANHE ACUCAR CRISTAL B 30X150G;12,49;18,99;Ativo
2913;7622300990732;BISCOITO CLUBE SOCIAL 24G;3,59;0,75;Ativo
189;2470;BISCOITO DE LEITE CONDENSADO KG;28,47;44,99;Ativo
8335;7898416780035;BISCOITO DE POLVILHO CASSINI 200G;5,79;9,99;Ativo
187;2468;BISCOITO DINIZ BEM CASADO KG;32,51;45,49;Ativo
2235;7891000289709;BISCOITO INTEGRAL NESFIT 140G;2,65;3,79;Ativo
1754;7896213000691;BISCOITO MAIZE.TRAD 400G;3,79;5,49;Ativo
3199;7896003738506;BISCOITO MAIZENA MARILAN 170G;1,79;2,99;Ativo
7716;7896024761651;BISCOITO MAIZENA PIRAQUE 175G;2,00;2,99;Ativo
10976;7896003740240;BISCOITO MARILAN DE LEITE 300G;4,12;5,99;Ativo
10975;7896003740226;BISCOITO MARILAN MAIZENA 300G;4,12;5,99;Ativo
223;2750;BISCOITO MORENINHA KG;27,95;39,99;Ativo
7765;7896085087219;BISCOITO MOUSSE CHOC. VITARELLA 130G;2,21;3,29;Ativo
2022;7891000304556;BISCOITO NESFIT CHOC.CER 160G;2,98;4,49;Ativo
7721;7891203050526;BISCOITO PANCO AGUA E SAL 200G;2,79;3,99;Ativo
10337;7896004009964;BISCOITO PARATI WAFER BRIGADEIRO 73G;1,34;2,49;Ativo
3244;7891000051443;BISCOITO PASSATEMPO LEITE  150G;2,29;3,49;Ativo
4771;7898931140635;BISCOITO POLVILHO AMAVITA 100G;2,79;3,99;Ativo
3363;7898171341281;BISCOITO POLVILHO BISCOITONE 40G;1,25;1,99;Ativo
3245;7896486202853;BISCOITO PRODASA CREAM CRACKER 400G;3,12;2,99;Ativo
8086;7896071030021;BISCOITO ROSQUINHAS MABEL S/LEITE 300G;2,89;4,29;Ativo
3391;7892840818760;BISCOITO TODDY CHOCOX SABOR BAUNILHA 75G;2,49;3,49;Ativo
5206;7896061302251;BISCOITO TUCS SABOR CHURRASCO 100G;1,30;1,99;Ativo
9331;7896061300875;BISCOITO TUCS SABOR PRESUNTO 100G;1,37;1,99;Ativo
2963;7896061301872;BISCOITO TUCS SABOR SALAME 100G;1,30;1,99;Ativo
2119;7898953566031;BISCOTO DE POLVILHO QUIJO 500G;7,00;9,99;Ativo
2120;7898953566369;BISCOTO DE POLVILHO SAPEQ.500G;7,50;10,49;Ativo
2752;7896029043387;BISCROCK PEDIGREE ADULTO RAÇA PEQ. 500G;13,00;19,99;Ativo
2751;7896029041949;BISCROCK PEDIGREE FILHOTES 300G;8,90;12,99;Ativo
4866;7896029043271;BISCROCK PEDIGREE RAÇAS GD 500G;13,00;19,99;Ativo
6551;7891962056500;BISCUIT CHOCO. BAUDUCCO 80G;5,03;7,49;Ativo
8972;7891000402931;BISCUIT CHOCOLATE GAROTO 78G;3,80;6,49;Ativo
6550;7891962056678;BISCUIT MEIO AMARGO BAUDUCCO 80G;4,99;7,49;Ativo
8683;7891000402979;BISCUIT MILK CHOC NESTLE 78G;4,02;5,99;Ativo
3103;7891203060082;BISNACK PANCO CHURRASCO 80G;1,62;2,49;Ativo
15;7898952391276;BISNAGA;7,99;11,99;Ativo
6889;7896002311687;BISNAGA ARTESANO NA CHAPA PULLMAN 300G;8,24;11,49;Ativo
6888;7896002311663;BISNAGA ARTESANO ORI PULLMAN 300G;8,24;11,49;Ativo
338;7896072694079;BISNAGA DE CREME KG;1,85;12,99;Ativo
288;7891030300276;BISNAGA DE LEITE C/CREME;1,15;16,99;Ativo
12458;7896002312745;BISNAGUINHA BRIOCHE PULLMAN 300G;8,24;11,49;Ativo
5803;7896002301077;BISNAGUINHA CENOURA C/MANDIOQUINHA 300G;8,59;11,99;Ativo
4296;7897972007723;BISNAGUINHA KIM INTEGRAL 300G;6,10;8,49;Ativo
7598;7898933653058;BISNAGUINHA MASTER PAES 300G;5,11;7,49;Ativo
7130;7891203069719;BISNAGUINHA PANCO INTEGRAL 300G;6,66;8,99;Ativo
6782;7891193010012;BISNAGUINHA SEVEN BOYS 300G;4,87;6,99;Ativo
5283;7896002311434;BISNAGUINHA TRADICIONAL 280G;4,89;6,99;Ativo
497;8391;BISNAGUINHAS DOCE KG;10,99;15,99;Ativo
2669;7891203063366;BISNAGUINHAS INT PANCO 300G;6,05;8,49;Ativo
3605;7897972001103;BISNAGUINHAS KIM  300G;5,59;7,99;Ativo
1555;7891203010605;BISNAGUINHAS ORIGI. PANCO 300G;6,85;9,99;Ativo
7388;7891962071879;BISNAGUINHAS VISCONT 240G;3,87;5,49;Ativo
2277;7896002360234;BISNAGUITO PULMMAN TRAD. 300G;7,71;10,99;Ativo
12384;7891515516314;BISTECA CONG SADIA KG;13,60;19,99;Ativo
150;2789300001877;BISTECA SUINA KG;12,05;15,99;Ativo
7096;7894904223640;BISTECA SUINA SEARA 800G;11,06;15,99;Ativo
552;7892970210021;BISTECA SUINO KG;14,50;19,99;Ativo
10413;7798040464137;BL DE GOMA FUNDIPPERZ MINIONS 54G;4,89;7,49;Ativo
1634;7891242221505;BLINDEX UAU LIMPA VIDROS 500ML;0,00;3,99;Ativo
1291;7898032680771;BLOCO SNT RF. SAMPA CLEAN 35G;2,95;4,49;Ativo
1290;7898032680795;BLOCO SNT RF. SAMPA CLEAN 35G;2,95;4,49;Ativo
1289;7898032680788;BLOCO SNT RF. SAMPA CLEAN 35G;2,95;4,49;Ativo
2865;7896071001953;BOLAC. MABEL MAISENA 400G;4,50;4,99;Ativo
2374;7896213002619;BOLAC. MAIZENA VITARELLA 400G;3,99;5,29;Ativo
7046;7898047045046;BOLACHA 7 CAPAS ALDA 400G;6,50;9,49;Ativo
8769;7898047045114;BOLACHA DO NORTE CHAMPAGNE 400G;6,50;9,49;Ativo
4902;7898933653065;BOLACHA DO NORTE CHAMPAGNE 400G;6,20;8,79;Ativo
7251;7898047045190;BOLACHA DO NORTE PALITO 400G;6,50;9,49;Ativo
7946;7898047045169;BOLACHA DO NORTE PALITO AMARELO 400G;6,50;9,49;Ativo
4900;7898933653072;BOLACHA DO NORTE PALITO BRANCO 400G;6,40;8,99;Ativo
8770;7898047045213;BOLACHA DO NORTE REGALIA 450G;6,00;8,49;Ativo
4901;7898933653126;BOLACHA SETE CAPAS MASTER PÃES 400G;6,40;8,99;Ativo
7252;7898047045176;BOLACHAO DO NORTE 400G;6,00;8,99;Ativo
8564;7898254930333;BOLACHINHA DE NATA SR LORENZO 150G;2,00;3,99;Ativo
8159;7896372400165;BOLAMEL CHO AO LEITE 75G;2,92;3,49;Ativo
5033;7896372411055;BOLAMEL PAO D´MEL ACHOCOLATADO 240G;4,60;6,49;Ativo
5034;7896372411048;BOLAMEL PAO D´MEL ACUCARADO 240G;4,60;6,49;Ativo
5035;7896372410843;BOLAMEL PAO D´MEL CHOC AO LEITE 38G;1,39;1,99;Ativo
6856;7896224409995;BOLAS DE ALGODÃO APOLO 25G;1,31;2,49;Ativo
6446;7898909332352;BOLAS DE ALGODAO USE 20G;1,60;2,49;Ativo
1517;7897457623387;BOLDO DO CHILE BAMBU 10G;0,90;1,79;Ativo
1829;7896002363259;BOLIN ANA MARIA.GOTA.CHOC 70G;2,83;3,99;Ativo
12137;7896299609306;BOLINHA DE CHOC BATE BOLA UN;0,20;0,75;Ativo
10584;4156;BOLINHA DE CHOCOLATE;0,28;0,25;Ativo
1827;7896002362412;BOLINHO ANA MARIA BAUN.70G;2,83;3,99;Ativo
1828;7896002362436;BOLINHO ANA MARIA CHOCOLAT 70G;2,83;3,99;Ativo
8557;7896002312066;BOLINHO ANA MARIA PAO DE MEL 45G;2,07;2,99;Ativo
9358;7896002311830;BOLINHO ANA MARIA TRIPLO CHOC 70G;2,83;3,99;Ativo
6150;7891962067346;BOLINHO BAUDUCCO CHOC/BAUNILHA 40G;1,50;2,19;Ativo
4503;7891962031170;BOLINHO BAUDUCCO CHOCOLATE 40G;1,50;2,19;Ativo
5980;7891962000725;BOLINHO BAUDUCCO CHOCOLATE 40G;1,48;2,19;Ativo
2969;7891962051383;BOLINHO BAUDUCCO DUO 27G;1,10;1,99;Ativo
6151;7891962067889;BOLINHO BAUDUCCO LARANJA 40G;1,50;2,19;Ativo
9933;7891962015620;BOLINHO BAUDUCCO MORANGO 40G;1,50;2,19;Ativo
5471;7897972007853;BOLINHO BAUNILHA SABOR BAUNILHA 80G;1,79;2,49;Ativo
9706;7891962074665;BOLINHO GOTAS DE CHOC BAUDUCCO 40G;1,46;1,99;Ativo
5846;7897972007990;BOLINHO KIM BAUN.MORAN 80G;1,79;2,49;Ativo
5469;7897972007839;BOLINHO KIM BAUN.SABOR CHOC 80G;1,79;2,49;Ativo
5468;7897972007846;BOLINHO KIM CHOC.SABOR BAUNILHA 80G;1,79;2,49;Ativo
5470;7897972007822;BOLINHO KIM CHOC.SABOR CHOC 80G;2,06;2,49;Ativo
11036;7891193007005;BOLINHO SEVEN BOYS choc 35G;1,38;1,99;Ativo
6794;7891193049210;BOLINHO SEVEN BOYS CHOCOLATE 30G;1,52;2,19;Ativo
6793;7891193049203;BOLINHO SEVEN BOYS LARANJA 30G;1,52;2,19;Ativo
12433;7891193006992;BOLINHO SEVENBOYS GOTAS 35G;1,58;2,29;Ativo
12432;7891193006886;BOLINHO SEVENBOYS S/MOR 35G;1,58;2,29;Ativo
3342;7896064202381;BOLINHO STA EDWIRGES BRIG.40G;0,72;0,99;Ativo
3343;7896064205566;BOLINHO STA EDWIRGES CHOC BAU.40G;0,72;0,99;Ativo
3345;7896064202367;BOLINHO STA EDWIRGES CHOC.40G;0,72;0,99;Ativo
3344;7896064205542;BOLINHO STA EDWIRGES MOR E MARS.40G;0,72;0,99;Ativo
9175;7891962066868;BOLO BAUDUCCO CENOURA/CHOC 280G;9,48;13,49;Ativo
9176;7891962066851;BOLO BAUDUCCO CHOCOLATE 280G;9,48;13,49;Ativo
10916;7891962076362;BOLO BAUDUCCO DUPLO CHOC 200G;6,69;9,99;Ativo
9174;7891962066844;BOLO BAUDUCCO LARANJA/CHOC 280G;9,48;13,49;Ativo
6228;7891203055279;BOLO BEBEZINHO CHOC PANCO 210G;7,87;11,49;Ativo
6227;7891203063434;BOLO BEBEZINHO CHOC SUIÇO PANCO 210G;7,87;11,49;Ativo
8117;7891203068071;BOLO BEBEZINHO PANCO CHOC 35G;1,65;2,29;Ativo
8118;7891203068095;BOLO BEBEZINHO PANCO CHOC/SUICO 35G;1,58;2,29;Ativo
10266;7898951665132;BOLO CAROL S/AIPIM 330G;7,79;10,99;Ativo
10437;7897495676574;BOLO CAROL S/COCO 330G;7,79;10,99;Ativo
10436;7898951665040;BOLO CAROL S/FORMIGUEIRO 330G;7,79;10,99;Ativo
10281;7898951665125;BOLO CAROL S/FUBA 330G;7,79;10,99;Ativo
10265;7898951665033;BOLO CAROL S/LARANJA 330G;7,79;10,99;Ativo
10438;70341875131;BOLO CAROL S/LEITE CONDENSADO 330G;7,79;10,99;Ativo
4983;736532803641;BOLO CENOURA C/ COBERT.CHOC 470G;11,99;16,99;Ativo
1576;7891203059345;BOLO CHOCOBOY PANCO 300G;8,60;11,49;Ativo
6895;7891193020363;BOLO CHOCOLATE SEVEN BOYS 250G;5,37;8,49;Ativo
10256;7898951665026;bolo chocoleite;7,79;10,99;Ativo
6898;7891193020394;BOLO COCO SEVEN BOYS 250G;5,37;8,49;Ativo
6397;7897474138543;BOLO DE ABACAXI 300G;6,49;9,99;Ativo
1540;7891203059321;BOLO DE ABACAXI PANCO 300G;7,82;10,99;Ativo
6396;7897474138505;BOLO DE AIPIM 300G;7,15;9,99;Ativo
3930;736532803702;BOLO DE BRIGADEIRO 450G;11,99;16,99;Ativo
7263;7897474138512;BOLO DE CENOURA C/CHOC PANAMOR 300G;7,15;9,99;Ativo
4984;736532803535;BOLO DE CHOCOLATE 430G;7,99;11,25;Ativo
6392;7897474138550;BOLO DE CHOCOLATE PANAMOR 300G;6,49;9,99;Ativo
1543;7891203059352;BOLO DE CHOCOLATE PANCO 300G;7,82;11,49;Ativo
3929;736532803672;BOLO DE CHURROS 440G;11,00;17,00;Ativo
6394;7897474138529;BOLO DE COCO PANAMOR 300G;7,15;9,99;Ativo
1539;7891203059338;BOLO DE COCO PANCO 300G;7,82;10,99;Ativo
7262;7897474138574;BOLO DE FUBA PANAMOR 300G;6,49;9,99;Ativo
6393;7897474138536;BOLO DE LARANJA PANAMOR 300G;6,49;9,99;Ativo
1541;7891203059314;BOLO DE LARANJA PANCO 300G;7,82;10,99;Ativo
4981;736532803566;BOLO DE LARANJA PARIS 450G;7,99;11,25;Ativo
6391;7897474138598;BOLO DE LEITE COND. PANAMOR 300G;7,15;9,99;Ativo
6390;7897474138567;BOLO DE MILHO PANAMOR 300G;6,49;9,99;Ativo
1542;7891203059482;BOLO DE MILHO PANCO 300G;7,92;10,99;Ativo
5825;7896002361019;BOLO DE PULLMAN CHOC.250G;7,93;10,99;Ativo
4982;736532803528;BOLO FORMIGUEIRO 430G;7,99;11,25;Ativo
1577;7891203063359;BOLO FORMIGUEIRO PANCO 300G;8,27;11,49;Ativo
6897;7891193020370;BOLO FORMIGUEIRO SEVEN BOYS 250G;5,37;8,49;Ativo
1578;7891203063342;BOLO GOTAS DE CHOC. PANCO 300;8,70;11,49;Ativo
6894;7891193007265;BOLO GOTAS SEVEN BOYS 250G;5,75;7,99;Ativo
3900;7891203059444;BOLO INT.CAST E CANELA 250G;8,37;12,75;Ativo
5134;7891203063410;BOLO INT.MACA C/ CANELA E CHIA 250G;8,49;11,49;Ativo
4500;7891203063403;BOLO INTE. BANANA C/ AVEIA PANCO 250G;7,90;10,99;Ativo
663;7896023600388;BOLO KID LAT RECH. DE CHOC.38G;0,89;1,49;Ativo
664;7896023600371;BOLO KID LAT. DE CHOC. BRA 38G;0,89;1,49;Ativo
5730;7897972000618;BOLO KIM MESCLADO 250G;6,49;9,49;Ativo
5845;7897972002711;BOLO KIM MILHO 250G;6,99;9,49;Ativo
5844;7897972000588;BOLO KIM S/ABACAXI 250G;5,98;9,49;Ativo
5732;7897972000595;BOLO KIM S/CHOCOLATE 250G;6,49;9,49;Ativo
5729;7897972000571;BOLO KIM S/COCO 250G;5,98;9,49;Ativo
5731;7897972000489;BOLO KIM S/LARANJA 250G;6,49;9,49;Ativo
5253;7899985000340;BOLO MADELEINE TRAD. 200G;10,54;14,99;Ativo
6013;7899985001132;BOLO MADELEINE TRAD. CHOC. 200G;8,81;10,99;Ativo
6896;7891193020387;BOLO MARMORE SEVEN BOYS 250G;5,37;8,49;Ativo
6395;7897474138604;BOLO MESCLADO 300G;6,49;9,99;Ativo
10257;7898951665019;bolo milho verde;7,79;10,99;Ativo
1544;7891203056627;BOLO PANQ. BAUNILHA PANCO 70G;3,08;4,49;Ativo
1547;7891203059406;BOLO PANQ. CH. BAUN. PANCO 70G;3,15;4,49;Ativo
1545;7891203057778;BOLO PANQ. CHOCOLATE PANCO 70G;3,08;4,49;Ativo
4941;7891024182970;COND DARLING TÍLIA 350ML;6,95;9,49;Ativo
12153;7891150102743;COND DOVE UV REPAIR 150ML;15,17;22,99;Ativo
5682;7899706197564;COND ELSEVE CACHOS DOS SONHOS 200ML;12,32;17,99;Ativo
8360;7908615055145;COND ELSEVE GLYCOLIC GLOSS 200ML;12,32;17,99;Ativo
5684;7899706187404;COND ELSEVE HIDRA 200ML;12,06;16,99;Ativo
5683;7899706180962;COND ELSEVE LISO DOS SONHOS 200ML;10,00;14,99;Ativo
9418;7908785461654;COND ELSEVE LISOS DOS SONHOS 200ML;12,32;17,99;Ativo
6512;7899706170857;COND ELSEVE LONGO DOS SONHOS 200ML;11,71;16,99;Ativo
5936;7898587774352;COND ELSEVE NUTRICAO 200ML;11,71;16,99;Ativo
9587;7509546681146;COND HYDRATE PALMOLIVE 350ML;6,98;10,49;Ativo
10668;7898639301307;COND ISABABY BRILHO E MACIEZ 230ML;6,00;9,49;Ativo
7134;7891150063457;COND MICELAR/HIALU SEDA 325ML;9,18;11,99;Ativo
8219;7896235353447;COND MONANGE BOOST 325ML;9,28;12,99;Ativo
6656;7896235353430;COND MONANGE RESTAURA 325ML;7,28;10,99;Ativo
7336;7891024174715;COND PALMOLIVE CERAMIDAS FORCE 350ML;7,13;10,49;Ativo
4605;7891024034156;COND PALMOLIVE HIDRATACAO 350ML;6,55;9,49;Ativo
4606;7891024170335;COND PALMOLIVE LISOS RAD. 350ML;7,13;10,49;Ativo
9696;7500435154260;COND PANTENE BAMBU 150ML;12,07;17,49;Ativo
9698;7500435232784;COND PANTENE QUERATINA 150ML;12,07;17,49;Ativo
10820;7896012877715;COND POMPOM SUAVE 200ML;9,58;14,99;Ativo
10231;7891150101586;COND SEDA AMINO SILK 250ML;9,89;13,99;Ativo
8639;7891150099838;COND SEDA GLYCOL+VITA C 300ML;8,38;11,99;Ativo
12150;7891150083608;COND SEDA JUNTINHOS 300ML;9,89;13,99;Ativo
6477;7891150037632;COND SEDA LISO EXTREMO 325ML;8,99;11,99;Ativo
10232;7891150101715;COND SEDA REGENERACAO 250ML;9,89;13,99;Ativo
5361;7899026420571;COND. ELSEVE REP.TOTAL 5 200ML;10,00;14,99;Ativo
1265;7898916841694;COND. INF. A H. DO BANHO 240ML;0,00;2,99;Ativo
1272;7896115703577;COND. INF. TRÁ LÁ LÁ 480ML;0,00;4,99;Ativo
1273;7896115700194;COND. INF. TRÁ LÁ LÁ 480ML;0,00;4,99;Ativo
1275;7898919412068;COND. MONANGE EX. QUINOA 350ML;0,00;6,49;Ativo
1271;7891024161821;COND. PALMOLIVE  CACHOS 350ML;0,00;5,99;Ativo
1270;7891024172537;COND. PALMOLIVE 350ML;7,13;10,49;Ativo
1274;7891024174432;COND. PALMOLIVE ANT 350ML;0,00;5,99;Ativo
1280;7891150037441;COND. SEDA ANTI-QUEBRA 325ML;0,00;7,99;Ativo
1281;7891150060722;COND. SEDA BABOSA+ÓLEOS 325ML;9,14;12,99;Ativo
1278;7891150049604;COND. SEDA BOMBA DE NUT. 325ML;0,00;7,99;Ativo
1279;7891150037465;COND. SEDA CACHOS DEF. 325ML;10,52;14,99;Ativo
1276;7891150037250;COND. SEDA CERAMIDAS 325ML;9,89;13,99;Ativo
1282;7891150037618;COND. SEDA KERAFORCE 325ML;10,34;11,99;Ativo
6474;791150037632;COND. SEDA LISO EXTREMO 325ML;9,27;12,99;Ativo
6476;7891150037328;COND. SEDA LISO PERFEITO 325ML;7,75;11,99;Ativo
1277;7891150037427;COND. SEDA REST. INSTAN. 325ML;0,00;7,99;Ativo
64;1215;COND.KOLENE CRESPOS 300ML;6,50;8,99;Ativo
1765;7898994844150;COND.KOLENE CRESPOS 300ML;6,50;6,99;Ativo
4942;7896235353416;COND.MONANGE CACH.OLEO DE COCO 325ML;9,28;12,99;Ativo
4943;7896235353454;COND.MONANGE DETOX 325ML;9,28;12,99;Ativo
5476;7896235353423;COND.MONANGE QUIMICA 325ML;9,28;12,99;Ativo
5474;7891024158708;COND.PALMOLIVE PRETOS VIBRANTES 350ML;7,49;10,49;Ativo
5652;7891150080096;COND.SEDA COLAGENO+VITAMINA C 325ML;7,86;11,99;Ativo
5651;7891150037342;COND.SEDA PRETOS LUMINOSOS 325ML;7,69;11,99;Ativo
1760;7898994844129;CONDI. KOLENE CACHOS 300ML;7,15;8,99;Ativo
2743;7891176117578;CONDI. KOLENE CACHOS 300ML;4,66;6,99;Ativo
1357;7891150008816;CONDIC. DOVE RESC. COMP. 200ML;13,10;17,99;Ativo
10985;7891150102491;CONDICIONADOR DOVE 190ML RECONSTRUCAO AMINOACIDO,;16,13;24,99;Ativo
2773;7896235353393;CONDICIONADOR MONANGE HIDRATA 325ML;9,28;12,99;Ativo
2774;7896235353409;CONDICIONADOR MONANGE LISO 325ML;9,28;12,99;Ativo
10880;7891024042915;CONDICIONADOR PALMOLIVE NATURALS DETOX ENERGIZANTE FRASCO 350ML;0,00;10,49;Ativo
9191;7891024172339;CONDICIONADOR PALMOLIVE NUTRICAO EXTRAORDINARIA 35;8,81;11,99;Ativo
8123;7500435125376;CONDICIONADOR PANTENE HIDRATACAO 175ML;12,52;17,99;Ativo
9991;7891150083615;CONDICIONADOR SEDA JUNTINHOS 300ML;8,38;11,99;Ativo
110;1734;CONE TRUFADO;0,00;3,49;Ativo
8402;7898405068625;CONFEITO CARRINHO 12G;2,80;3,99;Ativo
8857;7891048014066;CONFEITO CHOC BOLA D.OETKER 80G;5,92;8,49;Ativo
8858;7891048014073;CONFEITO COLOR BOLINHAS D.OETKER 80G;5,92;8,49;Ativo
8158;7898656683288;CONFEITO PIAO UN;2,13;3,99;Ativo
5325;7898656683271;CONFEITOS PIROMANIA;2,13;3,99;Ativo
2564;7898142863132;CONFEITOS TORTUGUITA ARCOR 40;2,81;3,99;Ativo
3208;7896023080029;CONHAQUE PRESIDENT 900ML;11,01;17,99;Ativo
328;6005;CONSIGAZ BOTIJAO 13K;73,00;98,00;Ativo
8030;7892840818708;COOKIE TODDY CHOCOLATE 57G;1,58;2,49;Ativo
2181;7891962050713;COOKIES BAUD CHOC 40G;0,99;1,49;Ativo
2180;7891962050706;COOKIES BAUD ORIGINAL 40G;0,99;1,49;Ativo
1692;7891962054117;COOKIES BAUDUCCO CHOC 100G;3,11;4,99;Ativo
6153;7891962054476;COOKIES BAUDUCCO CHOC 60G;2,00;2,99;Ativo
9315;7891962076676;COOKIES BAUDUCCO FINI DENTADURAS 96G;3,01;4,99;Ativo
1693;7891962054100;COOKIES BAUDUCCO GT CHOC 100G;3,11;4,99;Ativo
6152;7891962054810;COOKIES BAUDUCCO ORI 60G;2,00;2,99;Ativo
3612;7891962054124;COOKIES COM GOTAS DE CHOC. 96G;3,11;4,99;Ativo
8189;7891962067629;COOKIES MAXI CHOC BRANCO 96G;3,01;4,99;Ativo
3305;7896058200379;COOKIES S.CHOC TORTUGUITA ARCOR 60G;1,39;1,99;Ativo
2563;7896058200393;COOKIES TORTUGUITA ARCOR 60G;1,39;1,99;Ativo
6330;7891962050942;COOKIES VISCONT CHOCOLATE 60G;1,65;2,49;Ativo
6329;7891962050751;COOKIES VISCONT ORI. 60G;1,65;2,49;Ativo
326;6003;COPAGAZ BOTIJAO 13K;73,00;100,00;Ativo
267;7891155003663;COPO AMERICANO 200ML;0,89;1,99;Ativo
4385;7898557241990;COPO COM ALÇA MURANO;0,00;5,99;Ativo
4617;7896030894022;COPO COPOBRAS 180ML C/100UN;3,69;5,49;Ativo
2168;7891155033356;COPO DE VIDRO 280ML;1,00;2,99;Ativo
5865;7897147500233;COPO DESC COPOMAIS C/50 400ML;8,49;11,99;Ativo
4006;7896424100036;COPO DESC COPOSUL C/100 180ML;3,79;5,49;Ativo
7138;7898904062650;COPO DESC DUDIGO 180ML C/100UN;3,99;5,99;Ativo
2804;7897844391608;COPO DESC ECONOBOM 200ML C/100;5,05;6,99;Ativo
6556;7897844399772;COPO DESC ECONOBOM C/100 180ML;0,00;5,99;Ativo
7476;742832318938;COPO DESC FONPLAST 180ML C/100UN;3,99;5,99;Ativo
2837;7898918330387;COPO DESC KERO COPO 200ML C/100;4,30;5,99;Ativo
8677;7898918330370;COPO DESC KEROCOPO 180ML 100UN;3,39;5,99;Ativo
6667;7898597033647;COPO DESC TOPFORM C/100 180ML;3,99;5,99;Ativo
2728;7892141951524;COPO DESC TOPFORM C/100 180ML;4,90;6,89;Ativo
5014;7898597033654;COPO DESC TOPFORM C/100 180ML;3,70;5,49;Ativo
1607;7898918330394;COPO DESC. KEKRO COPO 200ML;2,61;3,99;Ativo
1606;7898918330417;COPO DESC. KEKRO COPO 300ML;3,86;4,59;Ativo
2378;7898918330363;COPO DESC.KEROCOPO 180ML;3,39;4,99;Ativo
3555;7898949834021;COPO DESCART. 180ML CM 100UN;3,99;5,99;Ativo
5390;7896030892639;COPO DESCART. COPOBRAS C/100UN;4,20;5,99;Ativo
9044;7898939720068;COPO DESCARTAVEL CRISTAL 180ML;3,49;5,99;Ativo
9717;7898939720013;COPO DESCARTAVEL CRISTAL 50ML;2,21;3,49;Ativo
6696;7898939720051;COPO DESCARTAVEL CRISTALCOPO C/100UN 180ML;3,99;5,99;Ativo
12218;742832318891;COPO DESCARTAVEL FONPLAST 50ML;2,69;5,49;Ativo
8467;7898339100446;COPO DESCARTAVEL ULTRA COPOS 300ML;6,99;9,99;Ativo
3522;7898557241075;COPO INFANTIL C/ALÇA 300ML;6,99;11,49;Ativo
3998;7897147500936;COPO PLAST. COPOMAIS 180ML 100UN;4,30;6,49;Ativo
7245;7898339100453;COPO PP ULTRA COPOS 770ML C/25UN;6,46;9,99;Ativo
3009;7898558440330;COPO SUNDAE CHOCOLATE 80G;4,43;5,50;Ativo
8265;619205109472;COPO SUNDAE MORANGO 85G;5,70;5,50;Ativo
7726;7898597033661;COPO TOPFORM C/100 200ML;3,49;5,49;Ativo
5234;7897147500172;COPOMAIS 50ML 100UN;2,49;3,99;Ativo
3480;7897147500905;COPOMAIS DESCARTAVEL 100UNID.;3,89;5,99;Ativo
1128;7898569030087;COPOS DESCAR. COPOREAL DE 50ML;0,00;1,99;Ativo
10947;7891000423776;CEREAL MATINAL KITKAT 25G;1,55;2,49;Ativo
10405;7891000070673;CEREAL NESCAU 120G;3,89;5,99;Ativo
6591;7891000111161;CEREAL NESCAU 210G;9,97;13,99;Ativo
1707;7891000008119;CEREAL NESCAU 270G;10,07;14,99;Ativo
9713;7891000357644;CEREAL NESTLE NESCAU DUO 400G;11,42;15,99;Ativo
8422;7898931140598;CEREAL RAINDOW RINGS 200G;4,41;6,29;Ativo
7673;7891000357460;CEREAL SNOW FLAKES NESTLE 230G;6,88;9,99;Ativo
5715;7896004007380;CEREAL SUCRILHOS KELLOGGS CHOC. 200G;8,92;12,49;Ativo
747;7896072911145;CERESER SIDRA DOCE 660ML;11,90;19,99;Ativo
10278;8412598009389;CERV  ESTRELLA GALICIA 0,0% TOSTADA 330ML;5,51;7,99;Ativo
3053;7896045506316;CERV AMSTEL LAGER 269ML C/12;29,88;36,99;Ativo
12254;7891991307048;CERV ANTARTICA ORIGINAL 269ML C15;42,97;59,99;Ativo
3724;7891991010900;CERV ANTARTIVA SUB-ZERO 269ML;1,99;2,99;Ativo
3720;7896045506101;CERV BAVARIA PILSEN 350ML;2,42;3,49;Ativo
6632;7897395000769;CERV BLACK PRINCES PURO M. 330ML;3,22;4,79;Ativo
6814;7898377661060;CERV BLACK PRINCESS GOLD 350ML;3,39;4,79;Ativo
5358;7891991299732;CERV BOHEMIA PACK C/6 310ML;15,28;21,49;Ativo
4715;7891149840915;CERV BOHEMIA PURO MALTE 350ML;2,82;3,99;Ativo
5051;7891149104956;CERV BRAHMA 0 ALCOOL LG NC 355ML;3,74;5,49;Ativo
4245;7891149010509;CERV BRAHMA CHOPP 350ML;3,09;4,29;Ativo
5836;7891149010301;CERV BRAHMA CHOPP LONG NECK 355ML;3,66;5,49;Ativo
351;6500;CERV BRAHMA DUPLO 310ML;0,00;3,75;Ativo
6138;7891991297738;CERV BRAHMA DUPLO MALTE C/15;35,85;44,99;Ativo
7648;7891991305518;CERV BRAHMA DUPLO TOSTADA 350ML;3,49;4,99;Ativo
7067;7891991305150;CERV BRAHMA DUPLO TRIGO 350ML;3,49;4,99;Ativo
5357;7891991303880;CERV BRAHMA ESCURA 350ML;3,66;5,29;Ativo
316;5857;CERV BUDWEISER 310ML;2,18;4,25;Ativo
7173;7891991014779;CERV BUDWEISER LN CX C/6UN;20,82;27,99;Ativo
5540;7891991298445;CERV BUDWEISER ZERO 330ML;4,28;5,99;Ativo
9637;7898295301437;CERV BURGUESA 269ML;1,89;2,79;Ativo
6630;7897395007256;CERV CACILDIS PURO MALTE 350ML;3,32;4,69;Ativo
2876;7898605253272;CERV COLORADO RIBEIRÃO LAGER 350ML;3,99;5,49;Ativo
3293;7891149108732;CERV CORONA EXTRA 330ML;5,58;8,99;Ativo
8779;7891991295055;CERV CORONA EXTRA LT 350ML;4,99;6,99;Ativo
5359;7891149108749;CERV CORONITA 210ML;4,50;6,29;Ativo
10279;7898367980072;CERV EISENBAHN PALE ALE 355ML;5,43;7,99;Ativo
4051;7898367984285;CERV EISENBAHN PILSEN 269ML;2,64;3,79;Ativo
7818;7898367984292;CERV EISENBAHN PILSEN 269ML C/12;31,67;39,99;Ativo
6030;7898367980010;CERV EISENBAHN PILSEN 355ML LONG NECK;4,46;6,49;Ativo
5605;7898367984384;CERV EISENBAHN UNFILTERED 350ML;3,47;5,49;Ativo
6578;7898367984353;CERV EISENBAHN UNFILTERED LN 355ML;3,75;5,79;Ativo
10280;7898367980089;CERV EISENBAHN WEIZENBIER 355ML;5,43;7,99;Ativo
7176;7898367980058;CERV EISENBANHN LN CX C/6UN;4,46;5,99;Ativo
10270;8412598009358;CERV ESTRELLA GALICIA 0,0% 330ML;5,29;7,99;Ativo
8370;8412598003370;CERV ESTRELLA GALICIA 0.0 330ML;4,42;6,49;Ativo
7998;7898953990287;CERV ESTRELLA GALICIA 355ML;4,83;6,99;Ativo
6577;7898953990034;CERV ESTRELLA LAGER 269ML;3,22;4,79;Ativo
10837;7897395000936;CERV GO DRAFT ITAIPAVA 330ML;4,42;6,99;Ativo
3095;7896045505357;CERV HEINEK LATA 250ML;3,13;4,49;Ativo
5258;7896045506590;CERV HEINEKEN 269ML;3,99;5,49;Ativo
7817;7896045506606;CERV HEINEKEN 269ML C/8;31,92;39,99;Ativo
7212;78935495;CERV HEINEKEN LN 250ML;4,16;5,99;Ativo
7172;7896045505371;CERV HEINEKEN LN CX C/6UN;34,14;44,99;Ativo
8649;7896045506859;CERV HEINEKEN O.0 ALCOOL 269ML;3,59;4,99;Ativo
5541;7896045523412;CERV HEINEKEN ORIGINAL 350ML;3,79;5,49;Ativo
7174;7896045506057;CERV HEINEKEN ZERO LN CX C/6UN;34,14;41,99;Ativo
6182;7898915949872;CERV IMPERIO 269ML CX C/15;31,35;44,99;Ativo
9484;7898915949414;CERV IMPERIO LAGER 210ML;2,74;3,99;Ativo
7264;7898738660107;CERV IMPERIO LAGER LN 330ML;3,72;5,49;Ativo
7453;7898738660053;CERV IMPERIO LAGER LN 355ML;3,65;5,49;Ativo
7266;7898738660084;CERV IMPERIO PILSEN LN 355ML;3,38;4,99;Ativo
6633;7897395001766;CERV ITA-DRAFT TARDEZINHA 350ML;3,07;4,49;Ativo
8914;7897395000882;CERV ITAIPAVA 0.0 ALCOOL 330ML;2,77;3,99;Ativo
6686;7897395020224;CERV ITAIPAVA 473ML;3,73;5,49;Ativo
6772;7897395040741;CERV ITAIPAVA GARRAFA 300ML;1,94;2,99;Ativo
6628;7897395020200;CERV ITAIPAVA MALZBIER 350ML;4,12;5,49;Ativo
6629;7897395040406;CERV ITAIPAVA ZERO ALCOOL 350ML;3,42;4,79;Ativo
5918;7896045500116;CERV KAISER LAGER 350ML;2,59;3,99;Ativo
12238;7898953990072;CERV LATA ESTRELLA GALICIA 350 ML;4,42;6,49;Ativo
8686;7891991304207;CERV LN CORONA CERO 330ML;5,38;8,99;Ativo
7405;7896371000175;CERV LN THEREZOPOLIS 355ML;4,53;6,49;Ativo
3882;7891149101535;CERV MALZBIER BRAHMA 350ML;3,71;5,49;Ativo
4587;7898942053948;CERV MOEMA PILSEN 350ML;1,79;2,49;Ativo
3411;7898099396271;CERV PABST BLUE RIBBON LATA 350ML;2,49;3,99;Ativo
10533;7891991300964;CERV PATAGONIA IPA 355ML;6,40;8,99;Ativo
6631;7897395020651;CERV PETRA PREMIUM 350ML;4,32;4,99;Ativo
8573;7898213320205;CERV PROIBIDA 269ML;1,75;2,49;Ativo
8571;7898945987035;CERV PROIBIDA 350ML;2,32;3,29;Ativo
8572;7898213320793;CERV PROIBIDA 550ML;2,55;3,99;Ativo
8574;7898213320656;CERV PROIBIDA PURO MALTE 269ML;1,59;1,99;Ativo
6880;7891149100828;CERV SKOL LATA 473ML;2,86;5,29;Ativo
5960;7891149108428;CERV SKOL PURO MALTE 473ML;1,93;2,49;Ativo
10053;7896045507375;CERV SOL PREMIUM 0,0 LN 330ML;4,13;6,49;Ativo
5542;7891991303347;CERV SPATEN 269ML;2,67;4,29;Ativo
4555;7891991297424;CERV SPATEN PURO MALTE 350ML;3,15;4,99;Ativo
5365;7891991297431;CERV SPATEN PURO MALTE 350ML CX12;39,90;49,99;Ativo
4557;7891991297479;CERV SPATEN PURO MALTE 355ML LONG NECK;4,18;5,99;Ativo
4336;7891149103065;CERV STELLA ARTOIS 269ML;2,82;4,49;Ativo
4036;7891991015462;CERV STELLA ARTOIS 330ML;4,59;6,99;Ativo
2875;7891991016223;CERV STELLA ARTOIS LATA 350ML;3,02;4,49;Ativo
4309;7896371000328;CERV THEREZOPOLIS 350ML;3,25;3,99;Ativo
7175;7896371000168;CERV THEREZOPOLIS GOLD LN CX C/6UN;26,52;34,99;Ativo
12426;7896371000380;CERV THEREZOPOLIS WITBIER 350ML;4,30;6,49;Ativo
4153;7891991000796;CERV. ANTARCTICA 350ML;3,00;4,29;Ativo
2053;7891991295086;CERV. ANTARCTICA ORIGINAL;2,99;4,49;Ativo
6012;7891991304214;CERV. ANTARCTICA SILVER 350ML;2,54;3,49;Ativo
4154;7891991010023;CERV. ANTARCTICA SUBZERO 350ML;2,83;3,99;Ativo
4034;7891991015912;CERV. BOHEMIA PURO. MALT 269ML;2,16;3,99;Ativo
2019;7891149103287;CERV. BRAHMA CHOOP 269ML;2,50;3,79;Ativo
2769;7891149104932;CERV. BRAHMA ZERO ALCOOL 350ML;3,17;4,49;Ativo
1486;7891991011877;CERV. BUDWEISER 269ML;2,92;4,25;Ativo
5642;7891991296342;CERV. BUDWEISER 350ML;2,80;4,79;Ativo
2275;7891149100057;CERV. CARACU 350ML;4,33;6,49;Ativo
9810;7896388010952;CERV. CERPA EXPORT 350ML;5,56;9,99;Ativo
5983;7891149011001;CERV. CHOPP BRAHMA 473ML;3,58;5,49;Ativo
823;7898367983790;CERV. EISENBAHN P. MALTE 350ML;2,77;3,99;Ativo
1018;2789891594921;CERV. IMPÉ PM CX C/12UN 269ML;22,68;31,99;Ativo
1007;7898915949162;CERV. IMPÉRIO GOLD 210ML;3,40;5,99;Ativo
1565;7898915949407;CERV. IMPÉRIO LAGER 269ML;2,35;3,29;Ativo
3786;7898915949681;CERV. IMPERIO LAGER 473ML;3,81;5,99;Ativo
3732;7898915949780;CERV. IMPERIO PURO MALTE 269ML;2,42;3,19;Ativo
1005;7898915949216;CERV. IMPÉRIO PURO MALTE 269ML;2,09;2,99;Ativo
1006;7898915949315;CERV. IMPÉRIO PURO MALTE 275ML;0,00;4,49;Ativo
3481;7898915949674;CERV. IMPERIO PURO MALTE 350ML;2,63;3,99;Ativo
1400;7898915949209;CERV. IMPÉRIO PURO MALTE 350ML;2,79;3,99;Ativo
3731;7898915949803;CERV. IMPERIO PURO MALTE 473ML;3,01;4,49;Ativo
1401;7898915949193;CERV. IMPÉRIO PURO MALTE 473ML;0,00;4,29;Ativo
1402;7897395040246;CERV. ITAIPAVA PILSEN 250ML;1,50;1,99;Ativo
726;7897395040307;CERV. ITAIPAVA PILSEN 269ML;2,65;2,49;Ativo
1413;7897395020101;CERV. ITAIPAVA PILSEN 350ML;2,86;3,49;Ativo
1376;7891991014762;CERV. LG. NECK BUDWEISER 330ML;3,85;5,49;Ativo
741;7897395099459;CERV. PECK ITAIP. PILSEN C/ 15;23,70;29,99;Ativo
5693;7897395099299;CERV. PETRA 269ML;1,95;2,99;Ativo
727;7897395099329;CERV. PETRA PURO MALTE 350ML;3,00;3,99;Ativo
3051;7891149100002;CERV. SKOL CX C/ 12UNID DE 350ML;34,68;44,99;Ativo
725;7891149103102;CERV. SKOL PILSEN 269ML;2,45;3,29;Ativo
6301;78934115;CERV. SOL LONG NECK 330ML;5,21;7,49;Ativo
2707;7896045505319;CERV.AMSTEL LAGER 269ML;2,49;3,49;Ativo
3412;7896045504541;CERV.AMSTEL LAGER 600ML;5,00;6,99;Ativo
1944;7891991294942;CERV.BRAHMA DUPLO MALTE 350ML;3,09;4,49;Ativo
4326;7891991299824;CERV.BRAMHA DUPLO MALTE 310ML C/6;15,28;21,49;Ativo
4999;7891991298414;CERV.BUDUVEISER ZERO 350ML;2,95;4,49;Ativo
2162;7891991012096;CERV.BUDWEISER CX C/8 269 ML;25,50;30,99;Ativo
4629;7891991299848;CERV.BUDWEISER PACK C/6 LATAS 310ML;16,44;22,99;Ativo
3866;7898099396943;CERV.HALLES LAGER 473ML;4,00;5,99;Ativo
2706;7896045506040;CERV.HEINEKEN LN S/ALCOOL 330ML;5,69;7,99;Ativo
2770;7898915949391;CERV.IMPERIO GOLD 269ML;2,99;4,49;Ativo
2298;7897395010164;CERV.MALZBIER ITAIPAVA 355 ML;2,92;4,49;Ativo
4893;7891991016001;CERV.ORIGINAL 350ML;3,17;4,79;Ativo
743;7897395099336;CERV.PECK PETRA P.MALTE CX C12;25,99;33,99;Ativo
742;7891149105533;CERV.PECK SKOL PILSEN CX C/ 15;32,85;44,99;Ativo
8711;7898213320663;CERV.PROIBIDA PURO MALTE C/15;19,00;27,99;Ativo
2844;7898915949797;CERV.PURO MALTE PILSEN 350ML;2,69;3,99;Ativo
4975;7891149103300;CERV.SKOL GARRAFA 300ML;1,89;2,49;Ativo
1924;7891149109043;CERV.SKOL PECK CX C/15 269ML;33,75;44,99;Ativo
2630;7891991010061;CERVEJA ANTARTICA PILSEN 269ML;2,33;3,29;Ativo
12482;7891149104116;CERVEJA BRAHMA CHOPP LATA 550ML;4,79;6,99;Ativo
12484;7891991307437;CERVEJA BUDWEISER FD/15UN 269ML;39,08;57,99;Ativo
12128;7891991307512;CERVEJA CORONA 0 ALCOOL 350ML;5,17;7,49;Ativo
12455;78936683;CERVEJA HEINEKEN 330ML;5,39;7,49;Ativo
5535;7897395040437;CERVEJA ITAIPAVA 269ML CX/12;22,68;29,99;Ativo
8162;7898942053955;CERVEJA MOEMA 269ML;1,39;1,99;Ativo
2054;7891991295093;CERVEJA ORIGINAL CX C/8 269ML;22,79;29,99;Ativo
7522;7897395001063;CERVEJA PETRA ORIGEM 330ML;0,00;2,99;Ativo
495;8350;CERVEJA PURO MALTE PILSEN 269ML;1,82;2,99;Ativo
2516;7891991307680;CERVEJA SKOL 350ML;2,70;3,99;Ativo
1884;7891149104130;CERVEJA SKOL 550ML;3,79;5,99;Ativo
12255;7891991308281;CERVEJA SKOL LATA 350ML ZERO;3,24;4,99;Ativo
2517;7891149108480;CERVEJA SKOL PURO MALTE 269ML;2,29;3,29;Ativo
10277;7896045504497;CERVEJA SOL 330ML;4,54;6,49;Ativo
9646;7896371000410;CERVEJA THEREZOPLIS BOCK RUBINE 350ML;4,30;6,49;Ativo
9818;7896371000366;CERVEJA THEREZOPOLIS SESSION IPA 355ML;5,02;7,49;Ativo
11075;7899808862148;CESTO REDONDO BAIXO FITA 19 L B3;37,90;59,99;Ativo
3442;7896024801104;CEVADA SUPERBOM 500G;5,84;8,99;Ativo
2259;78936683;CEWRV.HEINEKEN 330ML;5,69;7,49;Ativo
8074;7891048038123;CHA ADORME.SER DR OETKER 15G;5,96;8,99;Ativo
9755;7891098042316;CHA BRANCO LEAO LICHIA ZERO 450ML;3,41;4,79;Ativo
8789;7898677210043;CHA CAMOMILA DA CHINA 6G;1,03;1,99;Ativo
8791;7898677210067;CHA CAPIM CAMOMILA E CIDREIRA DA CHINA 6G;1,03;1,99;Ativo
8790;7898677210081;CHA CAPIM CIDREIRA  DA CHINA 6G;1,03;1,99;Ativo
8075;7891048038031;CHA CAPIM CIDREIRA DR OETKER;3,47;4,99;Ativo
7784;7891048038000;CHA DE BOLDO DR OETKER 10G;3,14;4,99;Ativo
7785;7891048038017;CHA DE CAMOMILA DR OETKER 10G;3,47;4,99;Ativo
7786;7891048038048;CHA DE ERVA DOCE DR OETKER 10G;3,49;4,99;Ativo
7783;7891048038055;CHA DE HORTELA DR OETKER 10G;3,47;4,99;Ativo
8788;7898677210104;CHA ERVA DOCE DA CHINA 6G;1,03;1,99;Ativo
8076;7891048038154;CHA FAVORE.SER DR OETKER 10G;5,96;8,99;Ativo
6336;7891098042286;CHÁ LEÃO MISTO 16G;5,19;7,99;Ativo
6284;7891098002044;CHÁ LEÃO MISTO 24G;7,99;11,49;Ativo
1055;7891098030412;CHÁ LEÃO PRETO 16G;4,29;5,99;Ativo
9635;7891098042422;CHA LEAO S/LARANJA VITAMINA C 20G;8,72;12,99;Ativo
1052;7891098000156;CHÁ LEÃO SABOR C. CIDREIRA 10G;0,09;4,69;Ativo
1051;7891098030160;CHÁ LEÃO SABOR CAMOMILA 10G;2,94;4,69;Ativo
860;7891098000187;CHÁ LEÃO SABOR DE BOLDO 10G;3,59;4,99;Ativo
1053;7891098031501;CHÁ LEÃO SABOR ERVA - DOCE 10G;3,29;4,69;Ativo
1054;7891098000170;CHÁ LEÃO SABOR HOTERLÃ 10G;2,94;4,69;Ativo
8792;7898677210166;CHA MACA E HOR DA CHINA 6G;1,03;1,99;Ativo
5839;7896476901605;CHA MATE RICO 250G;3,99;5,99;Ativo
2760;7891098000026;CHA MATTE A GRANEL ORIGINAL 100G;4,53;6,99;Ativo
3298;7891098041760;CHA MATTE CM LIMÃO CM GÁS 290ML;3,16;4,49;Ativo
10749;7891098041821;CHA MATTE LEAO GUARANA 450ML;1,93;3,49;Ativo
861;7891098000040;CHÁ MATTE LEÃO ORIGINAL 40G;4,30;6,49;Ativo
8014;7891098000972;CHA MATTE LEAO S/CANELA 30G;3,01;4,49;Ativo
9361;7891098040589;CHA MATTE LEAO S/LIMAO 1.5L;6,44;8,99;Ativo
9362;7891098040749;CHA MATTE LEAO S/LIMAO 450ML;3,33;4,79;Ativo
862;7891098040923;CHÁ MATTE LEÃO TOSTADO 100G;0,00;7,99;Ativo
6917;7891098038494;CHA MATTE LEÃO TOSTADO 250G;6,36;10,49;Ativo
4861;7891098000057;CHA MATTE LIMÃO C/25 30G;3,52;4,99;Ativo
4862;7891098000330;CHA MATTE PESSEGO C/25 30G;3,01;4,49;Ativo
5840;7891098038333;CHA MATTELEAO ORI. 16G;2,90;4,69;Ativo
1520;7897457623028;CHÁ VERDE BAMBU 15G;0,90;1,79;Ativo
3069;7891098000149;CHA VERDE LEÃO 16G;3,35;4,99;Ativo
8806;7891098041913;CHA VERDE LEAO LIMAO ZERO 450ML;3,43;4,79;Ativo
8077;7891048038222;CHA VERDE TRAD DR OETKER 17G;6,37;8,99;Ativo
9714;7908284794741;CHALEIRA ELETRICA HOME LAND 1.8L;34,90;54,99;Ativo
3585;7891000110430;CHAMBINHO CHOCOLATE 320G;4,49;6,99;Ativo
3586;7891000103937;CHAMBINHO MORANGO 320G;5,29;8,99;Ativo
8375;7891000360668;CHAMBINHO RECREIO NESTLE MOR 100G;2,49;3,49;Ativo
8376;7898755200041;CHAMBINYHO IOGURTE 165G;2,60;3,69;Ativo
9163;7891000027967;CHAMITO BIG 120G;1,50;2,50;Ativo
7338;7896029056394;CHAMP CARNE ADULTO 85G;2,02;2,99;Ativo
7339;7896029056400;CHAMP FRANGO ADULTO 85G;1,70;2,99;Ativo
7337;7896029056387;CHAMP FRANGO FILHOTE 85G;1,70;2,99;Ativo
2118;7898075640732;CHAMP. CONSERVA CAMP BELO 170G;3,45;4,79;Ativo
4427;7898016923399;CHAMPI IMPERADORM 200G;6,15;8,99;Ativo
7770;7896237903251;CHAMPIGNON EM CONSERVA RAIOLA 100G;6,39;9,79;Ativo
8981;7896237903275;CHAMPIGNON FATIADO RAIOLA 100G;5,09;8,49;Ativo
5699;7896183004002;CHAMPIGNON RIVOLI 160G;4,68;6,99;Ativo
2558;7898075641142;CHAMPIGNONS C.BELO 170G;3,59;4,79;Ativo
2367;7896025800175;CHAMPIGNONS CEPERA 120G;7,59;9,29;Ativo
4989;7896237901882;CHAMPING RAIOLA 100G;6,85;9,59;Ativo
4988;7896237901080;CHAMPING RAIOLA 200G;14,00;18,49;Ativo
10801;7891000276280;CHAMYTO LEIFERM UVA TETRA 5(6X80G) BR;0,00;1,99;Ativo
9499;7898755200065;CHANDELLE CHANTILLY 90G;2,19;3,29;Ativo
2674;7896096007671;CHANTILLY AMÉLIA 1L;15,92;23,99;Ativo
2701;7896096013542;CHANTILLY AMÉLIA 200ML;4,63;6,99;Ativo
3995;7898409951084;CHANTILLY CREME FLEISCHMANN 200ML;3,61;5,49;Ativo
10897;7898331013195;CHANTILLY GRAN FINALE  500ML;11,11;15,99;Ativo
8650;7898331012655;CHANTILLY GRAN FINALE 200ML;4,99;7,49;Ativo
7558;7898331012662;CHANTILLY GRAN FINALE 250G;25,57;35,99;Ativo
1990;7898403910018;CHANTILLY HULALA 1L;9,99;14,99;Ativo
1992;7898403910100;CHANTILLY HULALA CHOC 200ML;2,99;4,39;Ativo
1993;7898403910087;CHANTILLY HULALA ORI 200ML;2,99;4,39;Ativo
3994;7898409951763;CHANTILLY SPRAY FLEISCHMANN 250G;13,99;21,99;Ativo
2841;7896046700584;CHARMING EXTRA FORTE S PERFUME 400ML;19,62;26,99;Ativo
6844;7798040463789;CHAVEIRO MINI CATZ 10G;12,16;16,99;Ativo
6532;7798040469781;CHAVEIRO MINI PETZ;12,16;16,99;Ativo
6975;7896353301177;CHEDDAR CATUPIRY POUCH 250G;14,75;20,99;Ativo
9374;7896114101312;CHEDDAR CREMOSO IPANEMA 400G;17,04;24,99;Ativo
6669;7896114101442;CHEDDAR IPANEMA 180G;5,73;5,99;Ativo
8700;7891097104800;CHEDDAR POÇOS DE CALDA 200G;8,49;11,99;Ativo
7529;7896825400827;CHEDDAR ROSELE 200G;5,00;6,99;Ativo
10503;7892840824105;CHEETOS ASSADO ELMA CHIPS 40G CHEETOS ELMA CHIPS 48G CRUNC;2,49;3,99;Ativo
12226;7892840824969;CHEETOS BOLA 34G;2,63;3,99;Ativo
6891;7892840821203;CHEETOS BOLAS QUEIJO SUIÇO 37G;2,68;3,49;Ativo
10922;7892840824228;CHEETOS CRUNCHY PIMEN 47G;2,47;3,99;Ativo
7972;7892840821951;CHEETOS CRUNCHY WHITE 48G;0,01;0,99;Ativo
12222;7892840824990;CHEETOS LUA 34G;2,63;3,99;Ativo
9371;7892840824051;CHEETOS LUA 40G;2,63;3,99;Ativo
12365;7892840824921;CHEETOS LUA 80G;6,20;9,99;Ativo
7334;7892840822514;CHEETOS LUA 95G;6,59;9,99;Ativo
4485;7892840819644;CHEETOS MIX 41G;2,30;2,99;Ativo
9372;7892840824068;CHEETOS MIX 41G;2,24;3,99;Ativo
12364;7892840824938;CHEETOS MIX 70G;7,75;9,99;Ativo
12223;7892840824983;CHEETOS MIX DE QUEIJOS 34G;2,63;3,99;Ativo
12389;7892840822323;CHEETOS ONDA 160G;8,17;14,99;Ativo
12224;7892840824754;CHEETOS ONDA REQUEIJAO 39G;2,63;3,99;Ativo
9373;7892840824044;CHEETOS ONDA REQUEIJAO 45G;2,63;3,99;Ativo
6890;7892840819972;CHEETOS PATAS CHEDDAR 41G;2,67;3,49;Ativo
7234;7892840823467;CHEETOS REQUEIJAO 105G;6,59;9,99;Ativo
3207;7898936312150;CHEIRO VERDE  CADA;1,49;2,99;Ativo
10768;9998;CHESTER PERDIGAO TRADICIONAL KG;16,94;24,98;Ativo
7703;7893789314641;CHESTERFIELD TERRAS AZUL;8,08;8,75;Ativo
7579;7891151031165;CHIC FREEGELLS HORTELA 8G;1,15;1,99;Ativo
7580;7891151031141;CHIC FREEGELLS MENTA 8G;1,15;1,99;Ativo
2081;7895800400159;CHIC.TRIDENT MENTA HORT 8G;1,64;2,49;Ativo
10195;7894904684359;CHICKEN CRISPY SEARA 300G;7,57;10,99;Ativo
9278;7897200607664;CHICKEN EMPANADO 1KG;14,24;21,99;Ativo
9279;7897200607640;CHICKEN EMPANADO 300G;5,85;8,99;Ativo
8653;7894904684397;CHICKEN SUPREME SEARA FRANGO 300G;7,57;10,99;Ativo
9636;7891151042482;CHICLE CROC AZEDINHO MORANGO 4.3G;0,20;0,40;Ativo
4616;7908228802013;CHICLE FINI 14G;0,93;1,99;Ativo
4615;7908228801993;CHICLE FINI 14G;0,93;1,99;Ativo
5615;7908228802037;CHICLE FINI AZEDINHAS S.FRUTAS 14G;0,93;1,99;Ativo
12127;7891118025152;CHICLE FLICS HORTELA 17g;0,63;1,49;Ativo
7893;7891151031202;CHICLE FREEGELLS EX.FORTE 8G;1,15;1,99;Ativo
12478;7891151031189;CHICLE FREEGELLS GUM MORANGO 8G;1,15;1,99;Ativo
12477;7891151036689;CHICLE FREEGELLS GUM ORIG MINT 8G;1,15;1,99;Ativo
12479;7891151042253;CHICLE FREEGELLS PRO DIET MENTA 8G;1,15;1,99;Ativo
5835;7896262304450;CHICLE MENTOS PURE FRESH 37.5G;1,70;3,49;Ativo
5834;78922327;CHICLE MENTOS PURE FRESH 56G;9,94;13,99;Ativo
4888;7895144859941;CHICLE MENTOS PURE FRESH 8.5G;1,35;2,19;Ativo
5833;7895144852935;CHICLE MENTOS PURE FRESH 8.5G;1,35;2,19;Ativo
6251;7895144853734;CHICLE MENTOS PURE FRESH 8.5G;1,49;2,19;Ativo
5013;7895144859934;CHICLE MENTOS PURE FRUIT 8.5G;1,35;2,19;Ativo
6016;7891118025794;CHICLES BIG BIG FRUTAS 22.5G;0,64;1,00;Ativo
6421;7896218002973;CHICLES JUMANJI 30G;1,49;2,25;Ativo
12278;78927988;CHICLET POOSH TUTIFRUTI C/ RECHEIO CX;0,15;0,25;Ativo
10360;7895800151389;CHICLETE BUBALOO TUTTI FRUTTI 5G;0,21;0,40;Ativo
10359;7895800151426;CHICLETE BUBBALO MORANGO 5G;0,16;0,40;Ativo
10744;7895800151570;CHICLETE BUBBALOO UVA;0,21;0,40;Ativo
12279;7891118025848;CHICLETE FLICS MORANGO 17G;0,63;1,49;Ativo
10629;7895144299747;CHICLETE MENTOS PURE FRUIT;0,28;0,40;Ativo
496;7891118011056;CHICLETE PLUTONITA 5G;0,16;0,40;Ativo
7900;7891118013784;CHICLETE POOSH FRAMBOESA 5G;0,13;0,30;Ativo
7261;7891118013586;CHICLETE POOSH FRUIT 5G;0,13;0,30;Ativo
7259;7891118013593;CHICLETE POOSH MENTA 5G;0,10;0,30;Ativo
7260;7891118013609;CHICLETE POOSH MORANGO 5G;0,13;0,30;Ativo
7901;7891118013616;CHICLETE POOSH UVA 5G;0,13;0,30;Ativo
2569;7891118025671;CHICLETES TORTUGUITA HUEV. 25G;1,41;2,49;Ativo
7701;78932609;CHICLETS HORTELA 2.8G;0,23;0,40;Ativo
630;7897457623820;CHIMICHURRI BAMBU 20G;0,90;1,79;Ativo
4924;7896067001127;CHIMICHURRI CORDEIRO 15G;2,98;4,49;Ativo
2496;7893249874913;CHIN HAVAIANAS 31/32 HELLO KIT;0,00;27,99;Ativo
3789;7893249923079;CHIN HAVAIANAS BEN 10 25/26;18,99;26,99;Ativo
8393;7894537020739;CHIP CLARO;0,00;20,00;Ativo
3916;7894537020746;CHIP CLARO COMBO;13,00;30,00;Ativo
8394;7899403635857;CHIP TIM;0,00;20,00;Ativo
3917;7899403636076;CHIP TIM COMBO;13,00;20,00;Ativo
8395;7898575225828;CHIP VIVO PRE;0,00;20,00;Ativo
8392;7898593048935;CHIP VIVO PRE C/ RECARGA;0,00;30,00;Ativo
11069;7898996147327;CHIPA DE QUEIJO TANAN 1KG;18,00;26,99;Ativo
10;8;CHIPA KG;19,00;39,99;Ativo
12489;7891000410707;CHOC ALPINO NESTLE 80G;9,09;12,99;Ativo
9056;7896019607636;CHOC AMANDITA X/CACAU 200G;13,61;19,99;Ativo
6693;7898142864665;CHOC AMARGO ARCOR 20.5G;1,19;1,75;Ativo
6694;7898142865877;CHOC AMARGO SPECIAL ARCOR 60G;3,72;5,25;Ativo
10709;7622210534767;CHOC AMARO LACTA 145G;11,39;16,99;Ativo
10974;7891079014257;CHOC AO LEITE CROC CHOCO NISSIN 44G;6,71;9,99;Ativo
4663;7891008168884;CHOC AO LEITE GAROTO 90G;3,79;5,99;Ativo
6467;7622210573384;CHOC AO LEITE LACTA 34G;2,29;3,29;Ativo
9504;7898142863910;CHOC BARRA ARCOR BRIGADEIRO 80G;5,83;8,49;Ativo
9505;7898142863972;CHOC BARRA ARCOR ROCKLETS 80G;5,83;8,49;Ativo
10773;7622210534866;CHOC BARRA LACTA  SHOT 145G;10,90;16,99;Ativo
10561;7891008367027;CHOC BATON AO LEITE 16G;1,40;2,49;Ativo
10563;7891008331028;CHOC BATON BRANCO 16G;1,23;2,19;Ativo
8239;7891330018772;CHOC BIBS STICKS AVELA 32G;1,79;2,69;Ativo
8015;7891330020188;CHOC BIBS STICKS CITRUS 32G;2,39;3,49;Ativo
6580;7891962060361;CHOC BISCUT BAUDUCCOO 36G;2,47;3,49;Ativo
6466;7622210573353;CHOC BRANCO LACTA 34G;2,29;3,29;Ativo
6695;7898142865891;CHOC CASTANHA SPECIAL ARCOR 60G;5,60;7,99;Ativo
10365;7891000438503;CHOC CLASSIC AO LEITE  NESTLE 80G;6,99;8,99;Ativo
6692;7898142865563;CHOC COOKIES E CREAM ARCOR 20.5G;1,19;1,75;Ativo
9838;7899970400681;CHOC COOKIES HERSHEYS 102G;3,76;5,99;Ativo
6583;7891000369395;CHOC CRUNCH NESTLE 80G;6,99;9,99;Ativo
6468;7622210573322;CHOC DIAMANTE NEGRO LACTA 34G;2,29;3,29;Ativo
5858;7622210674074;CHOC DIAMANTE NEGRO LACTA 80G;6,85;10,99;Ativo
5223;7896058593372;CHOC DISQUETI DORI 40G;1,92;2,99;Ativo
10411;7896058599435;CHOC DORI DISQUETI 120G;6,45;9,49;Ativo
5622;7896327510246;CHOC EM PÓ APTI 200G;8,30;12,99;Ativo
8323;7898331013256;CHOC EM PO GRAN FINALE 200G;10,76;14,99;Ativo
7846;7896045110612;CHOC EM PO QUENTE TRES CORACOES 180G;12,56;13,99;Ativo
9342;7898024397861;CHOC FERRERO ROCHER 50G;11,49;15,99;Ativo
8484;7622210411501;CHOC FIVE STAR 40G;2,62;3,79;Ativo
9921;7891008125214;CHOC GAROTO BRANCO 80G;5,46;7,99;Ativo
5947;7891008124170;CHOC GAROTO CAJU 80G;3,99;5,99;Ativo
5945;7891008124071;CHOC GAROTO CROCANTE 80G;5,45;7,99;Ativo
5946;7891008124477;CHOC GAROTO NEGRESCO 80G;5,46;7,99;Ativo
5222;7896058599923;CHOC GRANULADO COLORIDO DORI 120G;3,60;5,19;Ativo
5221;7896058599473;CHOC GRANULADO DORI 120G;3,18;4,79;Ativo
10307;7896067003435;CHOC GRANULADO MANOPOL 130G;3,79;5,49;Ativo
5671;7899970400155;CHOC HERSHEY´S AMENDOIM 85G;3,79;5,49;Ativo
7966;7899970402838;CHOC HERSHEYS 40 CACAU 82G;4,17;5,99;Ativo
9341;7899970402883;CHOC HERSHEYS AMENDOIM 75G;4,29;6,99;Ativo
9839;7899970400674;CHOC HERSHEYS AO LEITE 102G;3,99;5,99;Ativo
7967;7899970402814;CHOC HERSHEYS AO LEITE 82G;4,36;6,99;Ativo
10631;7899970404122;CHOC HERSHEYS CHEESEC GOIABADA 102G;3,76;5,99;Ativo
10425;7899970402418;CHOC HERSHEYS COFFE ESPRESSO 85G;6,00;8,99;Ativo
7906;7899970402852;CHOC HERSHEYS COOKIES 77G;5,86;8,49;Ativo
7968;7899970402821;CHOC HERSHEYS EXTRA CREMOSO 82G;1,26;1,99;Ativo
7907;7899970402876;CHOC HERSHEYS OVOMALTIDE 77G;5,86;8,49;Ativo
8092;7899970402869;CHOC HERSHEYYS COOKIES/CHOC 77G;3,79;5,49;Ativo
9098;80052760;CHOC KINDER BUENO 21.5G;6,63;9,49;Ativo
10039;80761761;CHOC KINDER BUENO WHITE 39G;6,60;9,49;Ativo
12129;7898024394938;CHOC KINDER OVO JOY C/2UN 40GR;15,98;22,99;Ativo
10554;7891000436837;CHOC KIT KAT NESTLE  AO LEITE 41,5g;3,01;4,99;Ativo
6473;7622210674449;CHOC LACTA AMARO 40% 80G;7,49;10,99;Ativo
5931;7622210570567;CHOC LACTA AMENDOAS E CARAMELO 85G;5,47;6,49;Ativo
5930;7622210570598;CHOC LACTA AMENDOAS E FRAMBOESA 85G;5,47;6,49;Ativo
10446;7622210534835;CHOC LACTA AO LEITE 145G;10,90;16,99;Ativo
6878;7622210674029;CHOC LACTA AO LEITE 80G;6,85;10,99;Ativo
8022;7622210528810;CHOC LACTA AO LEITE LEVE 3 240G;14,06;19,99;Ativo
10774;7622210534804;CHOC LACTA DIAMANTE NEGRO 145G;10,90;16,99;Ativo
10572;7622210534705;CHOC LACTA DIAMANTE NEGRO LAKA 145G;11,39;16,99;Ativo
10240;7622210534880;CHOC LACTA LAKA 145G;10,90;16,99;Ativo
6065;7622210674333;CHOC LACTA LAKA BRANCO 80G;7,75;10,99;Ativo
10239;7622210534736;CHOC LACTA LAKA OREO 145G;10,58;15,49;Ativo
6716;7622210709943;CHOC LACTA LAKA TAM FAMILIA 165G;7,99;11,49;Ativo
4869;7622210567550;CHOC LACTA OREO  90G;7,62;10,99;Ativo
6582;7622210709523;CHOC LACTA SHOT TAM FAMILIA 165G;7,99;11,49;Ativo
9009;3046920028004;CHOC LINDT DARK 70% 100G;21,00;29,99;Ativo
11067;7896423438772;CHOC M M 132G AO LEITE;11,33;15,99;Ativo
9489;7896423438598;CHOC M&M´S COOKIES 35G;3,32;4,99;Ativo
10735;7899970402180;CHOC MESCLADO S/ CAPUCCINO 85G;6,00;9,99;Ativo
10500;7622202273452;CHOC MILKA ALPINE MILK 90G;14,90;16,99;Ativo
10501;7622210369444;CHOC MILKA BUBBLY 90G;13,90;16,99;Ativo
10499;7622201050757;CHOC MILKA CARAMEL 100G;9,97;16,99;Ativo
10502;7622210269249;CHOC MILKA CHIPS AHOY 100G;9,97;16,99;Ativo
10336;7622210824721;CHOC MILKA SANDWICH OREO 92G;13,08;16,99;Ativo
5509;7891000336373;CHOC NESTLE ALPINO AO LEITE 85G;8,09;10,99;Ativo
5508;7891000336281;CHOC NESTLE ALPINO BLACK 85G;3,89;6,99;Ativo
5702;7891000336311;CHOC NESTLE ALPINO WHITE TOP 85G;4,89;6,99;Ativo
5510;7891000369098;CHOC NESTLE CLASSIC AO LEITE 80G;6,99;9,99;Ativo
5703;7891000368992;CHOC NESTLE CLASSIC DUO 80G;5,49;7,79;Ativo
8336;7891000368572;CHOC NESTLE CLASSIC MEIO AMARGO 80G;5,99;8,99;Ativo
5507;7891000368626;CHOC NESTLE GALAK 80G;7,49;10,99;Ativo
5704;7891000368947;CHOC NESTLE PRESTIGIO 80G;6,52;9,99;Ativo
8864;7891000329856;CHOC NESTLE SUFLAIR 80G;5,99;8,99;Ativo
8524;7891330019380;CHOC NEUGEBAUER BRANCO/COOKIES 80G;3,29;4,99;Ativo
8377;7891330019366;CHOC NEUGEBAUER FLOCOS 80G;3,45;4,99;Ativo
8251;7891330019335;CHOC NEUGEBAUER PRETO/BRANCO 80G;3,49;4,99;Ativo
10973;7891079014264;CHOC NISSIN CROC CHOCO 44G BRANCO;6,71;9,99;Ativo
7241;7622210528209;CHOC OURO BRANCO LACTA 98G;7,41;10,49;Ativo
9343;8000500023976;CHOC RAFFAELLO 150G;27,35;37,99;Ativo
9344;8000500232057;CHOC RAFFAELLO 90G;17,04;23,99;Ativo
10241;7622202288913;CHOC RECH/CARAMELO AO LEITE 104G;6,50;9,49;Ativo
10242;7622202288937;CHOC RECH/CARAMELO BRANCO 104G;6,50;9,49;Ativo
4720;7896423451535;CHOC SNICKERS S.CARAMELO/BACON 42G;2,09;2,99;Ativo
4721;7896423465655;CHOC SNICKERS S.COCO 42G;2,09;2,99;Ativo
4719;7896423456431;CHOC SNICKERS S.MARACUJA 42G;3,01;4,49;Ativo
7224;7898236721072;CHOC SOLUVEL TRAD MONOPOL 200G;8,28;11,99;Ativo
7629;7622210528186;CHOC SONHO DE VALSA LACTA BARRA 98G;6,15;8,99;Ativo
10299;7891330016532;CHOC STIKADINHO MORANGO 12,3G;0,69;1,19;Ativo
5733;78929340;CHOC STIKADINHO MORANGO 12.3G;0,69;0,99;Ativo
8238;7891330014934;CHOC TABLET NAPOLITANO 70G;4,49;6,99;Ativo
4408;7891008121728;CHOC TALENTO AVELÃS GAROTO 85G;7,15;9,99;Ativo
4967;7891008121773;CHOC TALENTO CAST DO PARÁ 85G;7,15;9,99;Ativo
8476;7896306612831;CHOC TRENTO AVELA 32G;1,78;2,79;Ativo
8720;7896306624025;CHOC TRENTO AVELA BRANCO 32G;1,66;2,99;Ativo
8721;7896306625299;CHOC TRENTO DUO 32G;1,67;2,99;Ativo
7707;7896306618420;CHOC TRENTO MASSIMO 30G;1,76;2,49;Ativo
9033;7896306626098;CHOC TRENTO MASSIMO CHOCOLATE 25G;2,29;3,29;Ativo
10275;7896306625541;CHOC TRENTO MASSIMO COCO 25G;1,79;2,99;Ativo
9034;7896306625084;CHOC TRENTO MASSIMO DARK 25G;1,62;2,49;Ativo
8722;7896306624377;CHOC TRENTO MOCACCINO 32G;1,66;2,99;Ativo
8723;7896306625336;CHOC TRENTO MORANGO 32G;1,66;2,99;Ativo
9029;7896306625190;CHOC TRENTO S/AVELAS 29G;1,67;2,99;Ativo
9032;7896306625275;CHOC TRENTO S/DARK 29G;1,67;2,99;Ativo
9031;7896306625312;CHOC TRENTO S/MILK 29G;1,67;2,99;Ativo
9030;7896306625398;CHOC TRENTO S/TORTA MACA 29G;1,67;2,99;Ativo
6445;7896423451566;CHOC TWIX CAPPUCCNO 40G;1,74;2,75;Ativo
674;7899970400018;CHOC. B. HERSHE. AO LEITE 92G;3,79;5,49;Ativo
675;7899970400117;CHOC. B. HERSHE. OVOMALTI. 87G;3,49;4,99;Ativo
672;7622300991456;CHOC. BARRA LACTA AO LEITE 90G;4,49;6,99;Ativo
671;7622300991418;CHOC. BARRA LACTA BRANCO 90G;4,49;6,99;Ativo
673;7622300991500;CHOC. BARRA LACTA D. NEGRO 90G;4,49;6,99;Ativo
4023;7891330018222;CHOC. BIB´S STICKS DARK 32G;1,79;2,69;Ativo
4100;7891000276990;CHOC. CLASSIC DIPLOMATA NESTLE 90G;4,86;7,49;Ativo
4099;7891000276839;CHOC. CLASSIC DUO NESTLE 90G;4,86;7,49;Ativo
3382;7891048000427;CHOC. EM PÓ DR OETKER 100% 150G;12,36;16,99;Ativo
3365;7891048000106;CHOC. EM PÓ DR OETKER 70% 200G;12,36;16,99;Ativo
1939;7891008040029;CHOC. EM PÓ GAROTO 200G;10,90;11,49;Ativo
1938;7891000451304;CHOC. EM PÓ NESTLÉ 200G;19,90;29,99;Ativo
898;7897457620089;CHOC. EM PÓ SOLÚVEL BAMBU 200G;2,35;3,49;Ativo
838;7898027658457;CHOC. GRAN. CANP 130G;2,85;4,49;Ativo
837;7891048014035;CHOC. GRAN. DR. OETKER 130G;1,79;2,49;Ativo
2061;78602731;CHOC. KINDER JOY 20G;7,05;10,99;Ativo
3329;7622300862374;CHOC. LACTA AO LEITE 20G;1,76;2,99;Ativo
3328;7622300862299;CHOC. LACTA DIAMANTE NEGRO 20G;2,07;2,99;Ativo
3330;7622210641939;CHOC. LACTA OREO 20G;1,17;1,79;Ativo
4098;7891000276471;CHOC. NESTLE ALPINO 90G;4,86;7,49;Ativo
5859;7896423459012;CHOC. SNICKERS LIMAO 42G;2,04;2,99;Ativo
2460;78907485;CHOC. TALENTO 25G;1,33;1,99;Ativo
2187;78907492;CHOC. TALENTO AMEN/PASSAS 25G;1,33;1,99;Ativo
4464;7891008121827;CHOC. TALENTO AMÊNDOAS E PASSAS 85G;4,99;6,49;Ativo
2186;78907461;CHOC. TALENTO AVELÃS 25G;1,33;1,99;Ativo
2475;78907478;CHOC. TALENTO CASTANHAS 25G;0,00;1,99;Ativo
3318;78907355;CHOC. TALENTO MEIO AMARGO 25G;0,98;1,99;Ativo
668;7896306616389;CHOC. TRENTO BRANCO DARK 32G;1,66;2,99;Ativo
670;7896306612817;CHOC. TRENTO CHOCOLATE 32G;1,78;2,79;Ativo
666;7896306617492;CHOC. TRENTO DARK 32G;1,53;2,99;Ativo
667;7896306619434;CHOC. TRENTO M. MARACUJÁ 32G;1,78;2,79;Ativo
669;7896306618291;CHOC. TRENTO T. DE LIMÃO 32G;1,78;2,79;Ativo
3608;78912366;CHOC.BATON BRANCO 16G;1,20;2,19;Ativo
3755;7622210833389;CHOC.BIS BLACK C/16;4,85;6,99;Ativo
6015;7898142859166;CHOC.BON O BON 165G;5,99;8,99;Ativo
2076;7891000003299;CHOC.CHOKITO 32G;2,50;3,79;Ativo
3750;7891008168877;CHOC.GAROTO CAJU 90G;3,59;5,99;Ativo
4194;7891008169232;CHOC.GAROTO CAJU PASSAS 90G;3,99;5,99;Ativo
4195;7891008166330;CHOC.GAROTO NEGRESCO 90G;3,99;5,99;Ativo
2107;7891000248775;CHOC.KITKAT41.5G;2,90;4,99;Ativo
2487;7898142863873;CHOC.MEIO AMARGO ARCOR 80G;2,79;3,99;Ativo
2634;3045140105502;CHOC.MILKA ALPINE MILK 100G;9,50;12,99;Ativo
2633;7622300185015;CHOC.MILKA DAIM 100G;5,50;7,99;Ativo
10155;7622210262202;CHOC.MILKA OREO 100G;11,94;16,99;Ativo
5413;7891000367117;CHOC.MOÇA BRIGADEIRO 80G;3,80;6,99;Ativo
4196;7891000276792;CHOC.NELTLE PRESTIGIO 90G;4,09;7,49;Ativo
3751;7891000276914;CHOC.NESTLE CLASSIC 90G;4,75;6,49;Ativo
3752;7891000277072;CHOC.NESTLE CRUNCH 90G;4,75;7,49;Ativo
3753;7891000276518;CHOC.NESTLE GALAK 90G;4,78;7,49;Ativo
3754;7891000251133;CHOC.PRESTIGIO BRANCO 33G;2,31;3,49;Ativo
1025;7896647077412;CHOCALHO E MORDEDOR L. TUNES;0,00;9,99;Ativo
1027;7896647077382;CHOCALHO E MORDEDOR L. TUNES;0,00;9,99;Ativo
1026;7896647077429;CHOCALHO E MORDEDOR L. TUNES;0,00;9,99;Ativo
1028;7896647077405;CHOCALHO E MORDEDOR L. TUNES;0,00;9,99;Ativo
9820;7896699015936;CHOCALHO LOLLY AZUL;13,50;19,99;Ativo
9963;7896699015950;CHOCALHO LOLLY ROSA;13,50;19,99;Ativo
10562;7891000438046;CHOCO BISCUIT GAROTO 78G;3,92;5,79;Ativo
5180;7891048014004;CHOCO GRANULADO DR.OETKER 130G;4,15;5,99;Ativo
5130;7891000329665;CHOCO SUFLAIR DUO 80G;5,54;7,99;Ativo
6988;602883464483;CHOCO WHEYFER 25G;5,08;6,99;Ativo
8149;7898953335866;CHOCOCMANIA S/COCO 23G;1,63;2,49;Ativo
3437;7891000313015;CHOCOLATE ALPINO 25G;1,29;1,99;Ativo
3436;7891000464908;CHOCOLATE CHARGE 40G;2,61;3,99;Ativo
10714;7891000395608;CHOCOLATE CROCANTE GAROTÃO 150G;9,90;15,99;Ativo
9640;7896005212592;CHOCOLATE EM PO D BENTA 200G;10,95;17,49;Ativo
6052;7891048000090;CHOCOLATE EM PO SOLUVEL DR. OETKER 200G;12,12;17,99;Ativo
5058;7891008168839;CHOCOLATE GAROTO CROCANTE 90G;3,59;5,99;Ativo
4498;7891008169218;CHOCOLATE GAROTO MEIO AMARGO 90G;4,00;5,99;Ativo
4781;7896058501568;CHOCOLATE GRANULADO DORI 70G;2,06;2,99;Ativo
3629;7622300862466;CHOCOLATE LACTA BRANCO 20G;1,76;2,99;Ativo
1688;7622300786601;CHOCOLATE LACTA BUBBLY 110G;3,90;5,29;Ativo
3142;7622210936707;CHOCOLATE LACTA LAKA OREO 90G;4,35;6,99;Ativo
5789;7622210674371;CHOCOLATE LACTA OREO 80G;7,75;10,99;Ativo
3559;7622300862329;CHOCOLATE LACTA SHOT 20G;1,00;1,79;Ativo
1676;7622300991371;CHOCOLATE LACTA SHOT 90G;4,35;6,99;Ativo
1687;7622210961679;CHOCOLATE LAKA DIAM.90G;4,35;6,99;Ativo
5790;7622210674272;CHOCOLATE LAKA DIAMANTE NEGRO 80G;7,62;10,99;Ativo
6875;7622210528797;CHOCOLATE LAKA/DIAMANTE FAMÍLIA 165G;7,99;11,49;Ativo
6876;7622210564986;CHOCOLATE LAKA/OREO FAMÍLIA 165G;7,99;11,49;Ativo
4601;7891000092606;CHOCOLATE LOLLO NESTLE 28G;1,63;2,49;Ativo
5128;7891000326442;CHOCOLATE NESCAU 90G;4,79;7,49;Ativo
8240;7891330019328;CHOCOLATE NEUGEBAUER AO LEITE 80G;3,45;4,99;Ativo
8241;7891330019311;CHOCOLATE NEUGEBAUER CARAMELO 80G;3,29;4,99;Ativo
2148;7891000460214;CHOCOLATE PRESTÍGIO 33G;2,17;3,99;Ativo
6062;7891000364918;CHOCOLATE PRESTÍGIO MORANGO 33G;1,49;2,25;Ativo
5788;7622210674401;CHOCOLATE SHOT LACTA 80G;6,85;10,99;Ativo
196;2528;CHOCOLATE SUFLAIR 50G;2,77;3,99;Ativo
2947;7891000107836;CHOCOLATE SUFLAIR 50G;4,53;6,99;Ativo
4478;7896423424157;CHOCOLATE TWIX 15G;1,08;1,99;Ativo
3588;7896423471007;CHOCOLATE TWIX 40G;2,99;4,99;Ativo
5516;7896045110582;CHOCOLATTO 3 CORAÇÕES 370G;5,13;7,99;Ativo
6238;7896005804391;CHOCOLATTO 3 CORACOES R/300G;5,74;8,29;Ativo
6201;7891962053981;CHOCOLOMBA BAUDUCCO GOTAS/CHOCOLATE 700G;31,99;38,99;Ativo
8055;7891962074689;CHOCOLOMBA M&M´S BAUDUCCO 80G;5,00;8,99;Ativo
9605;7898331012570;CHOCOMOUSSE EX.CREMOSO FLEISCHMANN 390G;6,99;10,49;Ativo
1685;7891962012735;CHOCOTONE BAUDUCCO 500G;18,98;24,99;Ativo
10731;7891962055312;CHOCOTTONE BAUDUCCO 908G;28,79;28,79;Ativo
12140;7896024760814;CHOCOWAFER PIRAQUE  BRANCO 100,8G;3,99;4,49;Ativo
5196;7898942055683;CHOPP BELLA ROMA DRAFT 473ML;5,25;7,99;Ativo
9519;7896494203316;CHOPP DE VINHO DRAFT LT 350ML;4,99;6,99;Ativo
19;17;CHUCHU KG;4,38;6,49;Ativo
1623;7898908237375;CHUP. CRISTAL BICO ORTO MURANO;2,90;4,49;Ativo
1624;7898908237412;CHUP. SILICON BICO ORTO MURANO;1,68;2,99;Ativo
3346;7896202892184;CHUPÃO DOCE DE LEITE 60GR;1,22;1,99;Ativo
7435;7896492200577;CHUPAO ROSSETO 50G;1,10;1,60;Ativo
9974;7896699033466;CHUPETA 100% SILICONE LOLLY N2 AZUL;14,99;24,99;Ativo
9973;7896699033442;CHUPETA 100% SILICONE LOLLY N2 ROSA;14,99;24,99;Ativo
3530;7898908237382;CHUPETA CRISTAL SILICONE REDONDO;2,90;4,49;Ativo
4151;7898557241655;CHUPETA MURANO CRISTAL PLUS TAM 2;2,70;4,49;Ativo
7868;7898908237337;CHUPETA MURANO ORTO TAM 2;2,70;3,99;Ativo
9922;7898557241662;CHUPETA MURANO PLUS TAM 2;2,70;4,49;Ativo
7869;7898908237344;CHUPETA MURANO REDONDO TAM 2;2,70;3,99;Ativo
3523;7898908237351;CHUPETA RN SILICONE ORTO MURANO;2,60;3,49;Ativo
3540;7898908237368;CHUPETA RN SILICONE REDONDO;2,60;4,99;Ativo
5181;7898966308017;CHURRITOS VIEIRA 23G;1,22;1,99;Ativo
594;9709;CHURROS CESTINHAS RECHEADO UN;5,10;8,99;Ativo
6961;7896451862686;CHUV.MAX BANHO LORENZETI 5500W 220V;68,10;95,99;Ativo
2137;7896451844859;CHUVEIRO BELLA DUCHA 4T;61,41;85,99;Ativo
2710;7891071401208;CHUVEIRO HIDRA GORDUCHA 5400W;33,16;48,99;Ativo
5010;7891071141203;CHUVEIRO HYDRA 3T 5350W 220V;27,34;41,99;Ativo
10745;7896451862679;CHUVEIRO LORENZETTI 220V C/CANO;68,10;101,99;Ativo
3971;7896451824790;CHUVEIRO MAXI DUCHA 4600W;59,75;89,99;Ativo
3177;7896451824806;CHUVEIRO MAXI DUCHA 5500W;59,75;83,99;Ativo
2980;7896036095119;CICA POMODORO POLPA DE TOMATE 520G;0,00;4,69;Ativo
10229;7891150062153;CIF CREMOSO 450ML;9,64;14,99;Ativo
12173;7891150090750;CIF DERRETE GORDURA 450ML;9,95;15,99;Ativo
8248;7891150090804;CIF LIMPEZA MILAGROSA 250ML;7,04;10,49;Ativo
1742;7891150022010;CIF MULTI USO LIQUIDO 250ML;8,00;10,99;Ativo
10524;7891028608827;CIG DUNHILL IN RED BOX;11,31;15,00;Ativo
10570;7891028609114;CIG DUNHILL MIX REFRESH;13,85;15,00;Ativo
10335;7891028608063;CIG LUCKY STRIKE DOUBLE FROST;11,54;12,75;Ativo
10655;7893789318885;CIG MARLBORO CRAFTED GOLD SELECTION KS RSP;7,85;10,50;Ativo
12160;78946781;CIG MARLBORO CRAFTED RED SELECTION MACO;11,20;11,25;Ativo
10096;78944237;CIG ROTHMANS AZ GLOBAL;7,00;7,75;Ativo
10104;7891028604669;CIG ROTHMANS CLASSICO RED;7,39;8,00;Ativo
10084;78943087;CIG ROTHMANS DOUBLE CLICK BOX;8,00;9,75;Ativo
10085;78942813;CIG ROTHMANS INTER CLICK SENSE;8,00;9,75;Ativo
10086;78942806;CIG ROTHMANS INTERNATION;9,75;10,75;Ativo
9483;7893789319066;CIG.FIRST CUT LM PRATA;7,16;7,75;Ativo
9568;78948600;CIGARRO BILLION;6,00;7,00;Ativo
9482;7898648191111;CIGARRO BLACK DJARUM KRET ICE MENTHOL;19,00;20,50;Ativo
4725;7898648190435;CIGARRO BLACK DJARUM KRETEK;18,54;19,50;Ativo
4726;78939912;CIGARRO BLACK DJARUM KRETEK MENTHOL;13,68;19,50;Ativo
8459;7898648190121;CIGARRO CAMEL BLUE;10,36;11,25;Ativo
8466;78938953;CIGARRO CAMEL DOUBLE;12,00;14,75;Ativo
10958;7898648191104;CIGARRO CAMEL KRETEK BERRY;14,37;16,00;Ativo
10957;7898648191265;CIGARRO CAMEL KRETEK MENTHOL;14,37;16,00;Ativo
8465;78940239;CIGARRO CAMEL MINT E RED;12,00;14,75;Ativo
8460;7898648190114;CIGARRO CAMEL YELLOW;10,36;11,25;Ativo
11052;7898648191180;CIGARRO CAMEL YELLOW TROPICAL 20UN;138,16;15,00;Ativo
4724;7893789310056;CIGARRO CHESTERFIELD BLUE BOX;9,00;9,75;Ativo
5806;7893789310100;CIGARRO CHESTERFIELD ORI. LABEL;9,00;9,75;Ativo
6575;78940185;CIGARRO CHESTERFIELD PRATA;4,84;6,50;Ativo
5871;7893789315426;CIGARRO CHESTERFIELD REMIX BEATS;9,70;10,50;Ativo
6871;7893789316454;CIGARRO CHESTERFIELD REMIX BLOSSOM;9,47;10,50;Ativo
7936;7893789318120;CIGARRO CHESTERFIELD REMIX FRESH MINT;9,70;10,50;Ativo
5872;7893789309364;CIGARRO CHESTERFIELD REMIX WILD;9,70;10,50;Ativo
2893;78942332;CIGARRO CHESTERFIELD T BRASILEIRAS;4,88;8,75;Ativo
6502;7893789318298;CIGARRO CHESTERFIELD TERRAS VERM.;8,08;8,75;Ativo
2758;78935761;CIGARRO DUNHILL CALTON BLEND;10,50;11,25;Ativo
3393;78927780;CIGARRO DUNHILL CALTON BLUE BLEND;10,49;11,25;Ativo
4529;7891028604263;CIGARRO DUNHILL CARLTON BLEND;13,85;15,00;Ativo
10435;78947467;CIGARRO DUNHILL CARLTON BLEND;13,65;15,00;Ativo
10089;78941076;CIGARRO DUNHILL CARLTON BLEND DTOLL 20 UN;15,00;14,75;Ativo
8875;78946286;CIGARRO DUNHILL DOUBLE REFRESH;0,00;14,25;Ativo
8473;78944367;CIGARRO DUNHILL ICE BOOST;11,00;13,75;Ativo
8164;78944374;CIGARRO DUNHILL ICE TROPIC;11,00;13,25;Ativo
10102;78943131;CIGARRO DUNHILL ON RED 20UN;11,30;12,25;Ativo
5590;7891028605390;CIGARRO DUNHILL ON/RED;11,78;12,75;Ativo
1919;7840371000451;CIGARRO EIGHT PACOTE;33,00;60,00;Ativo
1918;78400924;CIGARRO EIGHT UNIDADE;3,60;6,00;Ativo
5763;78941052;CIGARRO HOTHMANS PRATA MACO;0,00;7,25;Ativo
10090;78946323;CIGARRO ICE REFRESH DUNHILL BOX;14,00;14,75;Ativo
3394;78919440;CIGARRO KENT ACCESS;7,49;8,75;Ativo
6500;78943148;CIGARRO KENT AZUL;11,25;11,25;Ativo
3983;78942981;CIGARRO KENT BLUE;9,50;10,25;Ativo
10824;7891028605253;CIGARRO KENT BLUE;11,54;12,75;Ativo
4526;78943001;CIGARRO KENT BLUE BLEND;9,25;10,75;Ativo
10823;7891028605260;CIGARRO KENT RED;11,54;12,75;Ativo
3984;78943247;CIGARRO KENT RED;9,50;10,25;Ativo
4528;78943261;CIGARRO KENT RED BLEND;9,75;10,75;Ativo
3985;78942998;CIGARRO KENT SILVER;9,50;10,25;Ativo
4527;78943018;CIGARRO KENT SILVER BLEND;9,75;10,75;Ativo
8874;78941229;CIGARRO L A MENTHOL;0,00;16,50;Ativo
10560;7898648190695;CIGARRO LA MENTHOL;16,21;16,50;Ativo
5698;7893789315365;CIGARRO LEM FIRTST CUT AZUL;7,16;7,75;Ativo
5870;7893789315396;CIGARRO LEM FIRTST CUT VERMELHO;7,16;7,75;Ativo
9940;7893789210752;CIGARRO LM FINECUT;5,89;7,50;Ativo
5762;78942066;CIGARRO LUCK STRIKE DOUBLE ICE;0,00;10,50;Ativo
7516;7891028603501;CIGARRO LUCKY ORIGINAL;11,54;12,50;Ativo
10101;78946064;CIGARRO LUCKY STRIKE;12,00;12,50;Ativo
5739;78942080;CIGARRO LUCKY STRIKE BIG CHILL;9,50;10,00;Ativo
8475;7896064;CIGARRO LUCKY STRIKE BLUE;9,50;9,75;Ativo
9950;78946064;CIGARRO LUCKY STRIKE BLUE;11,00;13,25;Ativo
3258;78923898;CIGARRO LUCKY STRIKE BLUE C/20;8,50;9,25;Ativo
10095;78946439;CIGARRO LUCKY STRIKE BLUE ULP 20UN;7,00;7,75;Ativo
5061;78942059;CIGARRO LUCKY STRIKE CHARGED;9,50;10,00;Ativo
4530;78942844;CIGARRO LUCKY STRIKE CITRIC BLAST;10,00;10,50;Ativo
6501;78944343;CIGARRO LUCKY STRIKE FRESH DOUBLE ICE;10,00;10,50;Ativo
9649;78944251;CIGARRO LUCKY STRIKE FRESH ICE;13,00;13,50;Ativo
10093;7891028604621;CIGARRO LUCKY STRIKE FRESH ICE 20UN;11,54;12,75;Ativo
10092;7891028604638;CIGARRO LUCKY STRIKE FRESH MINT X 20UN;11,54;12,75;Ativo
8474;78944329;CIGARRO LUCKY STRIKE FRESH WILD;10,50;11,00;Ativo
9651;78941304;CIGARRO LUCKY STRIKE MACO RED;12,25;12,75;Ativo
3392;78942073;CIGARRO LUCKY STRIKE MINT X;8,75;10,00;Ativo
2861;78941809;CIGARRO LUCKY STRIKE ORIGINAL;7,70;8,49;Ativo
3228;78923874;CIGARRO LUCKY STRIKE ORIGINAL BLEND;10,80;11,75;Ativo
6956;7891028607073;CIGARRO LUCKY STRIKE PETTERSON AZUL;7,16;7,75;Ativo
10105;7891028603488;CIGARRO LUCKY STRIKE RED 20UN;11,54;12,50;Ativo
10094;78946392;CIGARRO LUCKY STRIKE RED R A PATTERSON;7,00;7,75;Ativo
8673;7891028608056;CIGARRO LUCKY STRIKE REDMIX 1871;9,00;9,75;Ativo
2799;7893789211018;CIGARRO MALBORO BOX;13,85;15,00;Ativo
2800;7893789313873;CIGARRO MALBORO GOLD BOX;13,85;15,00;Ativo
7970;7893789312937;CIGARRO MALBORO ICE BURST;13,85;15,00;Ativo
10481;7893789319097;CIGARRO MARLBORO BLUE SELECTION 20UN;484,80;14,75;Ativo
9948;7893789318151;CIGARRO MARLBORO DOUBLE BURST;11,54;12,75;Ativo
6007;7893789312999;CIGARRO MARLBORO FOREST FUISION;14,31;15,50;Ativo
5964;78941618;CIGARRO MARLBORO GOLD SELECTION;10,00;10,50;Ativo
8167;7893789210929;CIGARRO MARLBORO MACO RED;12,00;13,00;Ativo
5965;7893789318915;CIGARRO MARLBORO RED SELECTION;8,54;11,25;Ativo
10091;78944374;CIGARRO ON ICE TROPIC DUNHILL BOX;12,00;15,00;Ativo
2944;78918870;CIGARRO PRIME KENT AZUL;9,50;10,25;Ativo
2945;78919433;CIGARRO PRIME KENT AZUL;9,15;10,25;Ativo
2943;78918887;CIGARRO PRIME KENT PRATA;9,50;10,25;Ativo
10098;78944497;CIGARRO RED ROTHMANS BOX;8,50;9,00;Ativo
8127;7891028604065;CIGARRO ROTHMANS BLUE;8,31;9,00;Ativo
4598;78942745;CIGARRO ROTHMANS BLUE;6,50;6,50;Ativo
10100;78944541;CIGARRO ROTHMANS BLUE BOX SIGNATURE 20UN;8,31;9,00;Ativo
10103;78942028;CIGARRO ROTHMANS BLUE ED LIMITADA;7,00;7,75;Ativo
2756;7891028606496;CIGARRO ROTHMANS BLUE GLOBAL;7,16;7,75;Ativo
2819;78941014;CIGARRO ROTHMANS BLUE SIGNATURE;6,49;8,50;Ativo
2877;7891028604683;CIGARRO ROTHMANS BLUE UNI;7,39;8,00;Ativo
2942;78941922;CIGARRO ROTHMANS CLICK CITRUS;7,50;8,00;Ativo
4665;78902589;CIGARRO ROTHMANS CLICK PURPLE;8,50;9,25;Ativo
8165;7891028607264;CIGARRO ROTHMANS ICE BOOST;9,00;9,75;Ativo
10087;78944473;CIGARRO ROTHMANS ICE BOOST 20UN;9,00;9,75;Ativo
5059;7891028605680;CIGARRO ROTHMANS INTER.DOUBLE CLICK;9,00;9,75;Ativo
5060;7891028605666;CIGARRO ROTHMANS INTERNACIONAL BLUE;9,93;10,75;Ativo
5591;78941021;CIGARRO ROTHMANS MACO;0,00;7,25;Ativo
10097;7891028606489;CIGARRO ROTHMANS OF LONDON RED ZOUN;7,16;7,75;Ativo
5094;78902596;CIGARRO ROTHMANS PRATA;6,50;8,50;Ativo
3259;78941045;CIGARRO ROTHMANS PRATA C/20;6,21;8,50;Ativo
10088;78944466;CIGARRO ROTHMANS PURPLE BOOST 20UN;9,00;9,75;Ativo
8059;7891028603624;CIGARRO ROTHMANS RED BOX;8,31;9,00;Ativo
2757;78944220;CIGARRO ROTHMANS RED GLOBAL;6,50;8,00;Ativo
2818;78941007;CIGARRO ROTHMANS RED SIGNATURE;6,21;7,25;Ativo
2878;78942042;CIGARRO ROTHMANS RED UNI;6,00;8,00;Ativo
10099;78944503;CIGARRO ROTHMANS SILVER 20UN......;8,50;9,00;Ativo
8060;7891028603648;CIGARRO ROTHMANS SILVER BOX;8,31;9,00;Ativo
8166;7891028607400;CIGARRO ROTHMANS TROPICAL BOOST;9,00;9,75;Ativo
4985;78900394;CIGARRO ROTHMANS VERMELHO 1980;6,10;8,50;Ativo
6574;78939332;CIGARRO SAMPOERNA MENTHOL;10,04;16,75;Ativo
6573;78939325;CIGARRO SAMPOERNA SELECT;10,05;16,75;Ativo
311;5468;CIGARRO SOLTO EIGHT CADA;0,25;0,50;Ativo
312;5469;CIGARRO SOLTO SOUZA CRUZ CADA;0,35;0,75;Ativo
9650;78946187;CIGARRO STRIKE FRESH DOUBLE ICE;13,50;14,00;Ativo
9567;78948570;CIGARRO WINDSOR;6,00;7,00;Ativo
9939;78938489;CIGARRO WINSTON CLASSIC;7,80;8,50;Ativo
9058;78940093;CIGARRO WINSTON PURPLE MINT;8,50;9,25;Ativo
10959;7898648190503;CIGARRO WINSTON RED;425,95;9,25;Ativo
8461;78939967;CIGARRO WINSTON RED 8;7,50;8,50;Ativo
8463;7898648190909;CIGARRO WINSTON SELECTED BLUE;7,37;8,00;Ativo
8464;7898648190916;CIGARRO WINSTON SELECTED CLASSIC;7,37;8,00;Ativo
8462;7898648190268;CIGARRO WINSTON SILVER;8,52;9,00;Ativo
7399;78938496;CIGARRO WISTON AZUL;7,83;8,50;Ativo
9004;7891150095267;CLEAR MEN ANTICASPA MENTHOL 200ML;8,45;12,49;Ativo
8489;7898422746216;CLEAR MEN LIMPEZA DIARIA 200ML;9,94;14,99;Ativo
1385;7891242211551;CLORO ATIVO MULTIUSO UAU 500ML;5,68;7,99;Ativo
8120;7891150090811;CLORO EM GEL VIM 700ML;7,74;11,99;Ativo
3338;7896213500214;CLORO MAX SALTE 1L;3,00;4,99;Ativo
9051;7622210568816;CLUB SOCIAL CEBOLA/CREAM 141G;3,97;5,99;Ativo
2265;7622300992385;CLUB SOCIAL INT TRAD.144G;4,08;6,99;Ativo
7187;7622300992330;CLUB SOCIAL INTEGRAL 288G;6,69;9,99;Ativo
1883;7622300990718;CLUB SOCIAL ORI 144G;4,26;6,49;Ativo
9050;7622210641649;CLUB SOCIAL PRESUNTO 141G;4,08;6,99;Ativo
9053;7622210661661;CLUB SOCIAL RECH REQUEIJAO 106G;3,97;5,99;Ativo
9052;7622210661609;CLUB SOCIAL RECH TOMATE 106G;3,97;5,99;Ativo
9776;7622210644534;CLUB SOCIAL S/MIX DE QUEIJO 141G;4,68;6,99;Ativo
2897;7898148910281;COADOR DE CAFÉ BONSUCESSO 110MM;2,62;3,99;Ativo
2898;7898148910113;COADOR DE CAFÉ BONSUCESSO 130MM;3,83;6,49;Ativo
4742;7896976600015;COADOR DE CAFÉ PRINCESA;2,29;3,99;Ativo
983;7897822802232;COADOR DE CAFÉ ZALEANA TAM. P;0,00;3,49;Ativo
10149;7897744503828;COALA CEREJA E AVELA 120ML;8,29;11,99;Ativo
10148;7897744504146;COALA FLOR DE FIGO 120ML;8,29;11,99;Ativo
10226;7897744502067;COALA FLORAL 120ML;8,30;11,99;Ativo
794;7896007866618;COBER. PARA SORVETE KENKO 250G;0,00;4,99;Ativo
793;7896054902604;COBER. PARA SORVETE WILL 300G;0,00;4,49;Ativo
2553;7897711700120;COBERTURA GNUTRE CARAMEL.300G;3,75;5,29;Ativo
2552;7897711700106;COBERTURA GNUTRE CHOCOL. 300G;3,75;5,29;Ativo
2551;7897711700113;COBERTURA GNUTRE MORANGO 300G;3,79;5,99;Ativo
9492;7896067003459;COBERTURA MONOPOL CHOCOLATE 250G;7,64;10,99;Ativo
8887;7896292303621;COBERTURA PREDILECTA CARAMELO 200G;5,39;7,69;Ativo
3655;7891048014295;COBERTURA SORVETE DR.OETKER SABOR CARAMELO 190G;8,15;10,99;Ativo
3656;7891048014318;COBERTURA SORVETE DR.OETKER SABOR CHOCOLATE 190G;8,15;10,99;Ativo
3657;7891048014301;COBERTURA SORVETE DR.OETKER SABOR MORANGO 190G;8,15;10,99;Ativo
9130;7897711700489;COBERTURA SORVETE NUTRE S/LEITE COND 300G;3,79;5,99;Ativo
8161;7894900011753;COCA COLA 1.5L;8,09;9,99;Ativo
1989;7894900011715;COCA COLA 1L;6,11;8,49;Ativo
3976;7894900027020;COCA COLA 2.5 L;8,59;12,49;Ativo
1846;7894900011593;COCA COLA 2.5L;8,59;7,99;Ativo
728;7894900011517;COCA COLA 2L;5,99;7,99;Ativo
2895;7894900027013;COCA COLA 2L;9,34;11,99;Ativo
2055;7894900011159;COCA COLA 310ML;2,96;3,99;Ativo
736;7894900011326;COCA COLA 350ML;3,48;4,99;Ativo
9923;7894900028003;COCA COLA BYTE S/AÇUCAR 310 ML;2,81;3,99;Ativo
7141;7894900029406;COCA COLA K-WAVE 310ML;3,02;4,49;Ativo
2039;7894900011302;COCA COLA LATA 220ML;2,32;3,49;Ativo
4758;7894900029000;COCA COLA MARSHMELLOS SA 310ML;2,89;3,99;Ativo
8313;7894900029505;COCA COLA OREO 310ML;2,89;4,29;Ativo
1482;7894900012217;COCA COLA ORIG. 200ML;1,63;2,39;Ativo
4138;7894900704211;COCA COLA RETORNÁVEL 2L;6,68;8,49;Ativo
722;7894900701593;COCA COLA S/ AÇÚCAR 2.5L;8,89;12,49;Desativado
2175;7894900709926;COCA COLA S/ AÇUCAR 2L;9,35;11,99;Ativo
9321;7894900701159;COCA COLA S/ ACUCAR 310ML;2,96;3,99;Ativo
737;7894900701326;COCA COLA S/ AÇÚCAR 350ML;3,49;4,99;Ativo
4716;7894900703061;COCA COLA S/A VIDRO 250ML;3,34;4,49;Ativo
9116;7894900701753;COCA COLA S/ACUCAR 1.5L;8,09;9,99;Ativo
9002;7894900701715;COCA COLA S/ACUCAR 1L;6,11;8,49;Ativo
6029;7894900029017;COCA COLA S/AÇUCAR TRANSFORMAÇÃO 310ML;3,10;4,49;Ativo
2171;7894900701302;COCA COLA SEM AÇUCAR 220ML;2,32;3,49;Ativo
4729;7894900701609;COCA COLA SEM ACUCAR 600ML;4,54;6,49;Ativo
5643;7894900015119;COCA COLA ST VIDRO RETORNAVEL 1L;3,99;5,49;Ativo
6815;7894900029208;COCA COLA ULTIMATE S/AÇUCAR 310ML;3,02;4,25;Ativo
4668;78912908;COCA COLA VIDRO 250ML;3,34;4,49;Ativo
7177;7894900013061;COCA COLA VIDRO 250ML CX C/6UN;3,34;4,49;Ativo
4474;7894900130287;COCA LIGHT LT 310ML;3,14;3,99;Ativo
3059;7894900025026;COCA-COLA LATA C/ CAFE 220ML;2,32;3,49;Ativo
2215;7894900011609;COCA-COLA PET 600ML;4,54;6,49;Ativo
3058;7894900702217;COCA-COLA PET S/ ACUCAR 200ML;1,63;2,39;Ativo
2218;7894900014211;COCA-COLA RETORNÁVEL 2L;6,68;8,49;Ativo
6836;7899085007423;COCADA BRANCA CAIPIRA E CIA 80G;0,60;3,49;Ativo
9042;7896004401386;COCADA CREMOSA SOCOCO 335G;6,74;9,99;Ativo
10936;736532291677;COCADA DE COCO 43G;2,14;2,99;Ativo
10937;7893829719313;COCADA DE FORNO 45G;2,66;3,69;Ativo
10541;7893590812893;COCADA MESCLADA CAIPIRA E CIA 80G;0,60;3,49;Ativo
10705;6518;COCADA MISTA;1,49;2,49;Ativo
7285;7893590812886;COCADA QUEIMADA CAIPIRA E CIA 80G;2,00;2,99;Ativo
7848;7896016600111;COCO EM FLOCOS DUCOCO UMIDO 100G;4,38;6,99;Ativo
3774;7891089064877;COCO RAL LAPREFERIDA UMID ADOÇ.50G;1,49;2,25;Ativo
1639;7898256395314;COCO RAL. ADOÇ TRÊS COCOS 100G;1,60;2,49;Ativo
835;7898904099298;COCO RALADO COCO & CIA 100G;3,29;3,49;Ativo
1440;7898370100115;COCO RALADO COCO DO VALE 100G;2,59;3,75;Ativo
8097;7898693230858;COCO RALADO DESIDRATADO TERRINHA 100G;3,30;4,79;Ativo
10526;7896016603709;COCO RALADO DUCOCO UMIDO 1KG (UN 1.000);27,90;39,99;Ativo
3776;7896016601217;COCO RALADO DUCOCO UMIDO ADOÇ.100G;3,99;5,99;Ativo
3775;7896016604362;COCO RALADO DUCOCO UMIDO ADOÇ.50G;1,33;1,99;Ativo
5991;7896028085654;COCO RALADO FLOCOS MENINA 100G;3,65;5,99;Ativo
8558;7898336730097;COCO RALADO INGA 100G;3,03;4,49;Ativo
1057;7891089064884;COCO RALADO LA PREFERIDA 100G;1,90;2,99;Ativo
10527;7896004400563;COCO RALADO MAIS COCO 1KG;33,49;41,99;Ativo
9506;7898370100412;COCO RALADO NORDESTE 50G;2,30;3,49;Ativo
11078;7898406782889;COCO RALADO SERIGY UMIDO 100G;2,80;4,29;Ativo
836;7896004400013;COCO RALADO SOCOCO 100G;5,74;8,49;Ativo
3574;7896004400327;COCO RALADO SOCOCO 100G;6,60;9,99;Ativo
1830;7896004400723;COCO RALADO SOCOCO SWEET 100G;6,34;9,49;Ativo
10525;7896004401768;COCO RALADO SOCOCO SWEET FLOCO;45,90;59,99;Ativo
10968;7898904099137;COCO RALADO UMIDO 1KG;29,69;46,99;Ativo
5039;7896028030654;COCO RALADO ÚMIDO ADOÇADO MENINA 100G;2,06;3,49;Ativo
3126;7896028030661;COCO RALADO ÚMIDO ADOÇADO MENINA 50G;1,27;1,99;Ativo
8511;7898904099281;COCO RALADO UMIDO E ADOCADO 50G;2,39;3,99;Ativo
43;7893590169669;COCO SECO KG;3,00;9,99;Ativo
251;3541;COCO SECO QUEBRADO KG;6,99;14,99;Ativo
6644;7896016600104;COCO SECO RALADO DUCOCO 100G;4,69;6,99;Ativo
44;42;COCO VERDE;3,80;5,49;Ativo
25;23;COENTRO CADA;2,80;3,99;Ativo
12398;7896007871469;COGUMELO CHAMP KENKO 100G;9,60;13,99;Ativo
9118;7896007855469;COGUMELO CHAMPIGNON KENKO 160G;7,34;10,99;Ativo
12399;7896007870462;COGUMELO KENKO 320G;13,45;19,99;Ativo
1258;7898468503507;COL. ALFAPARF CAST ESCURO 150G;0,00;11,99;Ativo
1254;7899884203545;COL. ALFAPARF CAST. CLARO 150G;0,00;11,99;Ativo
1256;7898468503712;COL. ALFAPARF CAST. VERM. 150G;7,50;9,99;Ativo
1257;7898468503521;COL. ALFAPARF CHÁ ESCURO 150G;0,00;11,99;Ativo
1255;7898468503491;COL. ALFAPARF JABUTICABA 150G;0,00;11,99;Ativo
1262;7896852615256;COL. AMEND VERMELHO AMORA;0,00;14,99;Ativo
1263;7896852615201;COL. AMEND VERMELHO FRAMBOESA;0,00;14,99;Ativo
1237;7896240700731;COL. CHEIRINHO DE BEBÊ 210ML;0,00;7,99;Ativo
1264;7891182016285;COL. KOLESTON LOURO ESCURO;16,58;24,99;Ativo
1259;7896013544395;COL. MAXTON ACAJU PÚRPURA;7,50;9,99;Ativo
1260;7896013544210;COL. MAXTON CAST. CLARO;7,99;11,49;Ativo
1261;7896013544098;COL. MAXTON PRETO NATURAL;9,98;14,99;Ativo
6953;7891200017324;COLA SUPER BONDE LOCTITE 3G+0.6G;3,68;7,49;Ativo
2838;7891200016853;COLA SUPER BONDE LOCTITE 3G+1.5;3,98;5,99;Ativo
5686;7898904869044;COLA TEKBOND 2G;1,19;1,99;Ativo
10573;7896020470120;COLA THREE BOND 20G;3,39;5,49;Ativo
12480;7896020471240;COLA THREE BOND 2GR;0,89;2,49;Ativo
4542;7896020417170;COLA THREE BONDE SUPER 3G;1,75;3,49;Ativo
9104;7898946920376;COLEIRA DUPLA 25MM N4;8,90;17,99;Ativo
9105;7898946920383;COLEIRA DUPLA 25MM N5;8,90;17,99;Ativo
539;9030;COLEIRA DUPLA 25MM N6;8,90;17,99;Ativo
9106;7898946920390;COLEIRA DUPLA 25MM N6;8,90;17,99;Ativo
9107;7898946920444;COLEIRA DUPLA 40MM N6;13,49;26,99;Ativo
9108;7898946920451;COLEIRA DUPLA 40MM N7;13,49;26,99;Ativo
9101;7898946920314;COLEIRA ESTAMPADA 15MM N1;4,20;8,49;Ativo
9102;7898946920321;COLEIRA ESTAMPADA 15MM N2;4,20;8,49;Ativo
9103;7898946920338;COLEIRA ESTAMPADA 15MM N3;4,20;8,49;Ativo
6513;7891024136300;COLGATE PLAX CLASSIC 250ML;8,42;12,99;Ativo
3414;7891024040560;COLGATE PLAX ICE FUSION 250ML;4,99;7,99;Ativo
6712;7891024027028;COLGATE PLAX ICE INFINITY 250ML;7,43;11,25;Ativo
10927;7509546702759;COLGATE TOTAL 12 MINT 90G;7,99;11,99;Ativo
10935;8270;COLHER DE MADEIRA;0,00;4,99;Ativo
4436;7898557241273;COLHER DE SILICONE INFANTIL;8,15;11,49;Ativo
760;7896100500815;COLL. DEL SALE V. TINTO 750ML;6,99;9,99;Ativo
12268;7891962074351;COLOMBA FRUTAS BAUDUCCO 400G;15,99;22,99;Ativo
12269;7891962074368;COLOMBA GOTAS DE CHOC BAUDUCCO 400G;19,52;22,99;Ativo
6339;7896093013507;COLONIA ALFAZEMA LAVANDA EXTRA 118ML;14,54;21,99;Ativo
621;7897457620102;COLORÍFICO BAMBU 250G;1,69;2,79;Ativo
1503;7897457620058;COLORÍFICO BAMBU 500G;3,40;5,49;Ativo
622;7897457620607;COLORÍFICO BAMBU 70G;0,90;1,79;Ativo
4929;7896067001950;COLORIFICO CORDEIRO 500G;6,27;9,49;Ativo
3068;7891965430949;COLORIFICO HIKARI 70G;2,15;3,19;Ativo
6640;7898911981302;COLORIFICO JOMIL 100G;1,70;2,79;Ativo
644;7898416523366;COLORÍFICO KISABOR 70G;1,49;2,25;Ativo
4497;7891095156405;COLORIFICO KITANO 200G;4,39;5,99;Ativo
4289;7891095154203;COLORIFICO KITANO 20G;1,81;2,49;Ativo
2937;7891095154104;COLORIFICO KITANO 80G;2,59;3,69;Ativo
2511;7897389300264;COLORIFICO PENINA 100G;3,10;3,99;Ativo
7191;7898270960048;COLORIFICO PONZAN 40G;1,76;2,99;Ativo
5902;7896067003855;COLORIFICO PREMIUM CORDEIRO 50G;1,76;2,99;Ativo
4923;7896067000052;COMINHO EM PÓ CORDEIRO 20G;2,29;3,49;Ativo
4687;7891095154234;COMINHO KITANO 8G;1,78;2,99;Ativo
626;7897457620669;COMINHO MOÍDO BAMBU 50G;0,90;1,79;Ativo
10403;7898215157915;COMP LAC PIRACANJUBA ZERO LAC 380G;17,95;26,99;Ativo
7767;7898080643025;COMP.LACTEO ITALAC 200G;4,08;5,99;Ativo
10285;7896051168720;COMPOSTO LACTEO ITAMBE TODO DIA 400G;9,96;14,99;Ativo
7710;7891030300504;COMPOSTO LACTEO MOCOCA 400G;8,90;12,99;Ativo
9493;7891000109908;COMPOSTO LACTEO NINHO ZERO LACTOSE 380G;23,80;31,99;Ativo
8361;7891800197549;COMPRESSA DE GAZE CREMER;1,69;2,49;Ativo
5620;7896005400036;CONC. MARACUJA DA FRUTA 500ML;6,50;9,49;Ativo
10952;7908966527117;COND COLAGENO LIFTER ELSEVE 200ML;17,42;24,99;Ativo
4940;7891024184271;COND DARLING CERAMIDAS 350ML;6,18;9,49;Ativo
5928;7509546682617;COND DARLING DETOX 350ML;6,18;9,49;Ativo
4582;7898965971199;DADINHO DE TAPIOCA PROVOLONE 400G;0,00;19,99;Ativo
732;7891025021117;DANETTE BEB. LACTEA 200ML;1,80;2,49;Ativo
3049;7891025121633;DANONE C/ 6UNI 510G;3,29;4,99;Ativo
7725;7891025120230;DANONE NATURAL INTEGRAL 160G;1,99;2,99;Ativo
3357;7891025101161;DANONE VITAMINA 170G;1,99;2,99;Ativo
3427;7896862000684;DANONE VITAMINA 850G;8,40;12,99;Ativo
6244;7891025123880;DANONINHO MORANGO 160G;2,85;4,39;Ativo
4774;7891136051003;DAVIDE CAMPARI MILANO 900ML;45,00;59,99;Ativo
3299;7894900612059;DEL VALLE 100% MAÇA 200ML;2,49;3,49;Ativo
4475;7894900660265;DEL VALLE GOIABA LT 290ML;3,51;4,99;Ativo
11040;7894900664072;DEL VALLE LIMONADA S/CLASSIC 290ML;3,51;4,99;Ativo
11038;7894900664089;DEL VALLE LIMONADA S/PINK 290ML;3,51;4,99;Ativo
11039;7894900664096;DEL VALLE LIMONADA S/TROPICAL 290ML;3,51;4,99;Ativo
4728;7894900660425;DEL VALLE PESSEGO 200ML;2,39;3,49;Ativo
3301;7894900666502;DEL VALLE SABOR FRUTAS CITRICAS 450ML;2,88;3,99;Ativo
3300;7894900556056;DEL VALLE SABOR LARANJA 450ML;2,88;3,99;Ativo
4483;7898341431729;DEL VALLE UVA SEM AÇUCAR 1L;7,34;10,49;Ativo
9412;7898473362144;DELI KIDS PINTA LINGUA 70G;1,56;2,50;Ativo
9387;7898473366180;DELICATTE JUNIOR CHOC TRUFADO 200G;7,10;9,99;Ativo
9389;7898473366173;DELICATTE JUNIOR LEITINHO TRUFADO 200G;7,10;9,99;Ativo
9388;7898473366197;DELICATTE JUNIOR MORANGO 200G;7,10;9,99;Ativo
9530;7898624022095;DELICCI ACAI 105G;9,95;14,00;Ativo
10255;7898473363554;DELICCI PICOLE ALGODAO DOCE KIDS 60G;1,56;2,50;Ativo
10181;7898473360423;DELICCI PICOLE FRUCCI UVA 70G;1,95;3,00;Ativo
10850;7898473362779;DELICCI SORV DELICATE CHOCOLATE 1,5L;21,40;27,99;Ativo
10851;7898473363981;DELICCI SORV DELICATE FLOCOS 1,5L;20,00;27,99;Ativo
10848;7898473362793;DELICCI SORV DELICATE S/MARACUJA 1,5L;20,00;27,99;Ativo
10849;7898473362748;DELICCI SORVDELICATE MORANGO 1,5L;20,00;27,99;Ativo
9404;7898473366371;DELICCI TRUFADO 65G;5,60;8,50;Ativo
10252;7898473365466;DELICINHO AÇAI/BANANA 50G;2,00;3,00;Ativo
10254;7898473365459;DELICINHO ACAI/MORANGO 50G;2,00;3,00;Ativo
10253;7898473365527;DELICINHO AÇAI/MORANGO 50G;0,05;3,00;Ativo
10178;7898473365572;DELICINHO GOURMET S/FLOCOS 50G;1,30;2,50;Ativo
10180;7898473363998;DELICINHO S/PISTACHE 50G;1,30;2,50;Ativo
10179;7898473365442;DELICINHO S/TENTACAO 50G;1,30;2,50;Ativo
4110;7896213005771;DELICITÁ CRISTAL VITARELLA 414G;6,31;8,99;Ativo
9399;7898473360010;DELITELLA CHOCOLATE AVELA;7,30;10,50;Ativo
3190;7894900666519;DELL VALLE FRUT FRUTAS CITRICAS 1L;3,15;4,49;Ativo
3191;7894900556032;DELL VALLE FRUT LARANJA 1L;4,25;5,99;Ativo
12349;7898711710102;DENTIL SLIM SHINE MEDIA UN;1,89;2,99;Ativo
10366;7898629571109;DENTINHOS 18X50G;0,00;4,49;Ativo
10296;7899674040206;DEO ABOVE AERO SPORT ENERG 200ML;6,00;9,99;Ativo
10491;7899674041364;DEO ABOVE DERMACLINICAL MEN 200ML/120G;6,60;9,99;Ativo
5345;7899674026989;DEO ABOVE DOLCE 150ML;6,21;8,99;Ativo
7075;7899674039460;DEO ABOVE EXTREME INVISIBLE 150ML;5,95;8,99;Ativo
9070;7899674039552;DEO ABOVE INVISIBLE BLACK 150ML;6,04;8,99;Ativo
12494;7899674035455;DEO ABOVE SPORT FEM 50ML;4,84;6,99;Ativo
12495;7899674035448;DEO ABOVE SPORT MASC 50ML;4,84;6,99;Ativo
10492;7899674031495;DEO ABOVE SPORT MEN 250ML;7,18;10,99;Ativo
5346;7899674021854;DEO ABOVE TEEN 150ML;5,81;8,49;Ativo
4631;7899674023254;DEO ABOVE TEEN BOY 48H 150ML;6,21;8,99;Ativo
9299;7891350041187;DEO ADIDAS 6IN1 150ML;8,52;12,49;Ativo
12240;7891350041170;DEO ADIDAS FR ENDURANCE 150ML;8,39;14,99;Ativo
9303;7891350041156;DEO ADIDAS FRESH ENDURANCE 150ML;8,47;12,49;Ativo
12239;7891350041149;DEO ADIDAS POWER BOOSTER 150ML;8,39;14,99;Ativo
9304;7891350033908;DEO ADIDAS PRO INVISIBLE 150ML;8,47;12,49;Ativo
12264;7898663111682;DEO AERO GIOVANNA BABY 150ML;8,84;12,99;Ativo
11002;7898663111675;DEO AERO GIOVANNA BABY 150ML 72H FEM CLASSIC;7,99;12,99;Ativo
11003;4006000178851;DEO AERO NIVEA 150ML DEFENEDE;10,42;16,99;Ativo
12258;4006000178899;DEO AERO NIVEA RESTAURA 150ML;11,27;14,99;Ativo
3688;7899674022011;DEO AREO ABOVE SPORT ENERGY 48H 150ML;5,71;8,99;Ativo
10380;7791293028781;DEO AXE AERO BLACK 150ML;8,95;12,99;Ativo
10379;7506306233362;DEO AXE AERO URBAN 152ML;8,66;12,49;Ativo
7884;7791293025780;DEO AXE APOLLO 150ML;8,95;12,99;Ativo
7887;7891150080966;DEO AXE MARINE 152ML;8,95;12,99;Ativo
4164;7896044928515;DEO CLASSIC GIOVANNA BABY 50ML;3,66;7,99;Ativo
8821;7500435113465;DEO CLEARGEL GILLETTE 82G;21,44;29,99;Ativo
5165;7898211380775;DEO COLONIA DEIVAS ALFAZEMA 115ML;9,19;13,99;Ativo
12497;7899674040718;DEO CREME ABOVE CANDY 50G;3,32;4,99;Ativo
12496;7899674041883;DEO CREME ABOVE WOMEN 50G;3,32;4,99;Ativo
10994;7891150094741;DEO CREME DOVE REPARACAO DIARIA 50G;11,43;16,99;Ativo
12259;7896049528734;DEO CREME KIDS HERBISSIMO 55G;4,58;6,99;Ativo
5598;7891150073098;DEO DOVE CLINICAL 150ML;13,19;19,99;Ativo
12162;7791293033266;DEO DOVE FRESH CARE 150ML;12,11;18,99;Ativo
5599;7506306241169;DEO DOVE GO FRESH 150ML;13,19;19,99;Ativo
8268;78935068;DEO DOVE GO FRESH 50ML;7,83;11,49;Ativo
10228;7791293012087;DEO DOVE MEN CARE 150ML;12,83;17,99;Ativo
8491;7791293022819;DEO DOVE MEN INVISIBLE 150ML;12,49;18,99;Ativo
8490;77912963022819;DEO DOVE MEN INVISIBLE 150ML;12,89;18,49;Ativo
7009;78933354;DEO DOVE MEN INVISIBLE 50ML;0,00;10,99;Ativo
7010;78927254;DEO DOVE MEN PROT TOTAL 50ML;0,00;10,99;Ativo
7886;7791293014838;DEO DOVE MEN S/PERFUME 150ML;13,88;19,49;Ativo
8033;7896090401246;DEO FRANCIS ROLLON BEAUTY 50ML;5,99;8,49;Ativo
8363;7500435129947;DEO GILLETTE 45G;12,73;17,99;Ativo
10456;7702018913664;DEO GILLETTE CLEAR GEL 82G;21,51;31,99;Ativo
6340;7896044953579;DEO GIOVANNA BABY CANDY 150ML;3,66;7,99;Ativo
6381;7896044952817;DEO GIOVANNA BABY CHERRY 50ML;3,67;7,99;Ativo
9674;7896049527799;DEO HERBISSIMO 4EM1 BLUE ICE 150ML;5,09;8,99;Ativo
4785;7896049528604;DEO HERBISSIMO FRES 55G;3,54;5,49;Ativo
12260;7896049526228;DEO HERBISSIMO LAVANDA TWIST 45G;7,05;10,99;Ativo
8889;7896049528505;DEO HERBISSIMO NEUTRO 55G;3,72;5,49;Ativo
12261;7896049526167;DEO HERBISSIMO SENSITIVE TWIST 45G;7,05;10,99;Ativo
12262;7896049526211;DEO HERBISSIMO TRAD TWIST 45G;7,05;10,99;Ativo
4633;4005900036667;DEO NIVEA CLEAR 48H 150ML;8,79;14,99;Ativo
9300;4005900950925;DEO NIVEA DERMA PROTECT 150ML;9,85;14,99;Ativo
4632;4005900036728;DEO NIVEA MEN B&W 48H 150ML;9,17;12,99;Ativo
7074;4005808837311;DEO NIVEA PEARL/BEAUTY 150ML;9,42;14,99;Ativo
4634;4005900122186;DEO NIVEA PROTECT 150ML;8,69;14,99;Ativo
9557;4005808662388;DEO NIVEA S/PERFUME 72H;8,52;11,99;Ativo
6258;7500435186438;DEO OLD SPICE ADVENTURE 150ML;11,95;16,99;Ativo
6637;7500435161411;DEO OLD SPICE ADVENTURE 200ML;10,90;18,49;Ativo
6638;7500435143226;DEO OLD SPICE LENHA 200ML;10,90;15,99;Ativo
6257;7500435141819;DEO OLD SPICE MAR PROF. 150ML;11,08;16,49;Ativo
7843;7500435143233;DEO OLD SPICE VIP 200ML;10,90;15,99;Ativo
10992;78924239;DEO REXONA  COMP POWDER 30ML;4,85;7,99;Ativo
7883;7791293025537;DEO REXONA ANTIBACTERIAL PROTECTION 150ML;10,58;16,49;Ativo
12381;75082871;DEO REXONA M STICK V8 45G;14,67;22,99;Ativo
10993;78930841;DEO REXONA MEN  V8 30ML;4,85;7,99;Ativo
7885;7791293022598;DEO REXONA MEN ACTIVE DRY 150ML;10,34;16,49;Ativo
5347;7891150063204;DEO REXONA NOW UNITED 150ML;11,30;16,99;Ativo
6069;7791293032436;DEO REXONA POWDER DRY 72H 150ML;10,67;16,49;Ativo
9539;78924383;DEO REXONA S/PERFUME 50ML;6,68;9,99;Ativo
8808;7791293032368;DEO REXONA SEM PERFUME 150ML;11,48;16,49;Ativo
12380;75082864;DEO REXONA STICK ACTIVE DRY 45G;14,17;22,99;Ativo
6139;7791293022581;DEO REXONA XTRACOOL 150ML;11,39;16,99;Ativo
7077;7896049528406;DEO ROLL ON HERBISSIMO NEUTRO 50ML;4,98;6,99;Ativo
6310;7897042008353;DEO ROLL ON SKALA ARROZ E ROSAS 60ML;3,73;5,49;Ativo
5933;7896044952701;DEO ROLL-ON BABY BLUE 50ML;8,01;12,99;Ativo
4163;7896044928539;DEO ROLL-ON GIOVANNA BABY 50ML;3,66;7,99;Ativo
4069;7896049528413;DEO ROLLON HERBISSIMO 50ML;4,67;6,99;Ativo
4635;4005900130785;DEO ROLL-ON NIVEA PROTECT 50ML;7,10;10,49;Ativo
7693;7897042009855;DEO ROLLON SKALA ERVA DOCE 60ML;3,55;4,99;Ativo
7692;7897042016938;DEO ROLLON SKALA MEN FRESH 60ML;3,91;5,79;Ativo
7691;7897042016945;DEO ROLLON SKALA MEN URBAN 60ML;3,55;4,99;Ativo
9782;7897042007325;DEO SKALA LEITE VEGETAL 60ML;3,95;5,79;Ativo
10661;7891350033670;DEO TRES MARCHAND CLASS 100ML;5,00;7,00;Ativo
10332;78931633;DES  DOVE ROLLON ORIGINAL 30ML;5,04;7,49;Ativo
2347;7897042008360;DES. ROLLON SKALA SUAVE 60ML;3,29;4,99;Ativo
5657;7506306214989;DES.AER.CLINICAL CLASSIC 96H;12,33;18,99;Ativo
5655;7506306214972;DES.AER.CLINICAL CLEAN 96H;13,51;20,99;Ativo
5658;7891150064300;DES.AER.CLINICAL EXT.DRY 96H;13,51;20,99;Ativo
5656;7891150068735;DES.AER.CLINICAL SPORT 96H;13,51;19,99;Ativo
9547;7896049527775;DES.AEROSOL HERBISSIMO 4EM1 150ML;5,79;8,99;Ativo
4682;7897042015955;DES.CORP.SKALA AGUA DE COCO 400ML;4,94;6,99;Ativo
4681;7897042015887;DES.CORP.SKALA CASTANHA DO PARA 400ML;4,94;6,99;Ativo
4948;75058845;DES.REXONA INVISIBLE ANTIBAC. 48H 50ML;8,16;11,49;Ativo
4950;78924338;DES.REXONA ROLLO-ON POWDER DRY 50ML;6,68;9,99;Ativo
1956;78924468;DES.ROLL-ON DOVE ORIGINAL 50ML;7,79;10,99;Ativo
2603;78923409;DES.ROLL-ON REXONA ACTIVE 50ML;6,68;9,99;Ativo
2607;78934139;DES.ROLL-ON REXONA ANTIBACTERIAL 50ML;6,53;9,49;Ativo
2604;78929395;DES.ROLL-ON REXONA XTRACOOL 50ML;8,16;11,49;Ativo
2346;7897042007318;DES.ROLLON SKALA FRESCOR 60ML;3,29;4,99;Ativo
2348;7897042008766;DES.ROLLON SKALA MEN.ACTIVE60M;3,53;5,49;Ativo
5027;7898201575396;DES.ROLLO-ON H2O ENERGIZANTE 50ML;2,99;4,99;Ativo
5028;7898201575433;DES.ROLLO-ON H2O FORMEN BLUE 50ML;2,99;4,99;Ativo
5029;7898201575426;DES.ROLLO-ON H2O FORMEN GREEN 50ML;2,99;4,99;Ativo
5030;7898201576157;DES.ROLLO-ON H2O HOMEM 50ML;2,99;4,99;Ativo
5031;7898201575402;DES.ROLLO-ON H2O SENSUAL 50ML;2,99;4,99;Ativo
5032;7898201576041;DES.ROLLO-ON H2O TEEN TOP 50ML;2,99;4,99;Ativo
1802;4005808257553;DES.ROLOON NIVEA DRY IMP 50ML;5,95;7,99;Ativo
1801;4005808663927;DES.ROLOON NIVEA S/PERF 50ML;5,95;9,49;Ativo
1804;78924352;DES.ROLOON REXONA COT.DRY.50ML;6,68;9,99;Ativo
1803;78924321;DES.ROLOON REXONA INVIS.50ML;8,16;11,49;Ativo
1805;78923454;DES.ROLOON REXONA MEN V8.50ML;6,46;9,99;Ativo
5369;7896246310965;DES.SPRAY UP CLINICAL 72H;6,05;9,49;Ativo
5367;7896246311009;DES.SPRAY UP S/PERF 48H;6,05;9,49;Ativo
5366;7896246310989;DES.SPRAY UP SPORT 72H;6,05;9,49;Ativo
5368;7896246310996;DES.SPRAY UP URBAN 48H;6,05;9,49;Ativo
1029;7898937477056;DESCASCADOR E BOLEADOR ALPLÁS;0,00;1,99;Ativo
4250;7896221806469;DESCOLORANTE MÁRCIA ARGAN 20G;3,05;4,49;Ativo
4249;7896221802232;DESCOLORANTE MÁRCIA CAMOMILA 20G;3,99;5,99;Ativo
4248;7896221807084;DESCOLORANTE MÁRCIA ÓLEO DE COCO 20G;3,50;4,99;Ativo
4251;7896221806537;DESCOLORANTE MÁRCIA QUERATINA 20G;3,99;5,99;Ativo
1231;7899674017093;DESD. AERO. ABOVE FRESH 150ML;5,75;7,99;Ativo
1232;7899674022004;DESD. AERO. ABOVE SPORT 150ML;5,95;8,99;Ativo
1234;7791969016036;DESD. AERO. NIVEA CONFOR 150ML;8,52;11,99;Ativo
1233;4005900547170;DESD. AERO. NIVEA IVISIB 150ML;7,29;10,99;Ativo
4363;7891150055605;DESD. REXONA MEN 72H;9,79;17,49;Ativo
10995;7891150049826;DESENGORDURANTE CIF COZINHA  500ML C/ 30%DESC;10,32;16,99;Ativo
7618;7891150025332;DESENGORDURANTE CIF COZINHA 500ML;13,30;18,49;Ativo
10315;7897788813235;DESENTUPIDOR DE PIA;2,65;4,99;Ativo
494;8349;DESENTUPIDOR DE VASO;5,39;7,99;Ativo
6437;7896495000129;DESENTUPIDOR DIABO VERDE 300G;15,92;22,99;Ativo
1633;7891242151574;DESF. FRESH PINHO TROP 500ML;0,00;3,49;Ativo
5227;7896040706155;DESIF CASA PERFUME PASSIONE 500ML;3,78;5,49;Ativo
1612;7891022080025;DESIF. SILVE. PINHO BRIL 500ML;1,90;3,29;Ativo
2654;7896097600147;DESIF.BÚFALO BACTERICIDA 750ML;1,89;2,99;Ativo
7984;7891024127605;DESIN AJAX BOUQUET DE FLORES 500ML;5,19;7,99;Ativo
7988;7509546691251;DESIN AJAX MAR DE FLORES 500ML;4,57;6,99;Ativo
5814;7896040706247;DESIN CASA E PERFUME MISTERO  500ML;3,78;5,49;Ativo
2580;7896097600031;DESINF BÚFALO BACTERICIDA 750M;1,95;2,99;Ativo
7034;7896097607214;DESINF BUFALO EUCALIPTO 2L;3,80;5,49;Ativo
3124;7896097600024;DESINF BÚFALO EUCALIPTO 750ML;1,95;2,99;Ativo
3872;7896097600130;DESINF BÚFALO FLORAL 750ML;1,95;2,99;Ativo
2579;7896097600017;DESINF BÚFALO JASMIM 750ML;1,95;2,99;Ativo
7032;7896097607221;DESINF BUFALO JASMIN 2L;3,80;5,49;Ativo
3873;7897000800814;DESINF LYSOFORM BRUTO 1L SUAVE;6,89;10,49;Ativo
10723;2789766414020;DESINF MINUANO HERBAL 500ML;1,99;2,99;Ativo
10722;7897664140561;DESINF MINUANO MARINE 500ML;1,99;2,99;Ativo
9728;7891024193280;DESINF PINHO SOL FLORAL 500ML;5,89;8,99;Ativo
5136;7891024193006;DESINF PINHO SOL LAVANDA 500ML;5,78;8,99;Ativo
7114;7896183300180;DESINF SANOL EUCALIPTO 2L;3,89;6,49;Ativo
7115;7896183300173;DESINF SANOL FLORAL 2L;3,89;6,49;Ativo
7116;7896183301019;DESINF SANOL LAVANDA 2L;3,89;6,49;Ativo
11051;7896183317133;DESINF SANOL MISTERIO ARABE 2L;3,89;6,49;Ativo
7113;7896183300067;DESINF SANOL ORIGINAL 2L;3,89;6,49;Ativo
6221;7891242457010;DESINF UAU NATU E HAMONIA 500ML;3,49;5,49;Ativo
8540;7896056402690;DESINF URCA FLOR BRISA 500ML;1,66;2,99;Ativo
8539;7896056401532;DESINF URCA LAVANDA 500ML;1,89;2,99;Ativo
8538;7896056401525;DESINF URCA TRAD 500ML;1,89;2,99;Ativo
11077;7896495000983;DESINF USO GERAL LYSOCLIN BRUTO 1L;7,99;11,99;Ativo
10385;7891150095175;DESINF VIM ESPUMA PODEROSA 450ML;13,60;19,99;Ativo
7053;7896098903605;DESINF YPE BAK EUCALIPTO 500ML;1,99;3,49;Ativo
7052;7896098903612;DESINF YPE BAK FLORAL 500ML;2,68;3,99;Ativo
7051;7896098903629;DESINF YPE BAK LAVANDA 500ML;1,99;3,49;Ativo
3001;7891022100990;DESINF. PINHO BRIL LAVANDA 500ML;0,00;3,29;Ativo
10070;7897000800548;DESINF.LYSOFORM 1L BRUTO;9,98;15,99;Ativo
4964;7891242456914;DESINF.UAU PERF.BRISA FRESCOR 500ML;3,29;5,49;Ativo
9932;7891242456945;DESINF.UAU PERF.FLORES VERM. 500ML;3,64;5,49;Ativo
4938;7891242457041;DESINF.UAU PERF.LAV E CONF. 500ML;3,64;5,49;Ativo
8433;7891024127704;DESINFETANTE AJAX FLORES CAMPO 500ML;4,63;6,99;Ativo
8434;7891024120804;DESINFETANTE AJAX FRESH LIMAO 500ML;6,92;10,99;Ativo
7949;7896097607320;DESINFETANTE BUFALO FLORAL 2L;3,69;5,49;Ativo
6234;7896097607238;DESINFETANTE BUFALO LAVANDA 2L;3,45;5,49;Ativo
4522;7896097600307;DESINFETANTE BUFALO LAVANDA 2L;3,80;5,49;Ativo
6233;7896097607344;DESINFETANTE BUFALO OCEAN 2L;3,80;5,49;Ativo
10642;7896056406544;DESINFETANTE DE USO GERAL UFE 1L;9,49;13,99;Ativo
3761;7897664140219;DESINFETANTE FLORAL MINUANO 500ML;1,55;2,99;Ativo
3762;7897664140196;DESINFETANTE LAVANDA MINUANO 500ML;1,99;2,99;Ativo
2767;7897000800456;DESINFETANTE LISOFORM ORIG.500ML;5,30;7,49;Ativo
8364;7894650182208;DESINFETANTE PATO 750ML;11,34;16,49;Ativo
9573;7891024194607;DESINFETANTE PINHO SOL ORIGINAL 1L;11,77;16,49;Ativo
11050;7896183317126;DESINFETANTE SANOL CHA BRANCO 2L;3,89;6,49;Ativo
8380;7896183300319;DESINFETANTE SANOL HERBAL 2L;4,39;6,99;Ativo
9297;7896183302429;DESINFETANTE SANOL TALCO 2L;4,29;6,49;Ativo
8397;7896524705353;DESINFETANTE SUPREMA LAVANDA 2L;3,99;5,99;Ativo
8535;7896056402478;DESINFETANTE URCA EUCALIPTO 2L;3,99;6,49;Ativo
8536;7896056401051;DESINFETANTE URCA EUCALIPTO B 2L;4,13;6,49;Ativo
8534;7896056405684;DESINFETANTE URCA FLOR DE LAVANDA 2L;3,99;6,49;Ativo
8533;7896056402485;DESINFETANTE URCA FLORAL BRISA DO MAR 2L;4,48;6,49;Ativo
8537;7896056401549;DESINFETANTE URCA LAVANDA 2L;3,45;6,49;Ativo
8532;7896056401044;DESINFETANTE URCA TRADICIONAL 2L;4,48;6,49;Ativo
3986;7896020160069;DESO. TENYS PÉ CANFORADO 100G;9,18;13,99;Ativo
1388;7791293028774;DESOD. AREOSOL AXE BLACK 152ML;7,23;10,85;Ativo
3033;4005900036704;DESOD. ROLLON NIVEA B&W 50ML;7,05;9,99;Ativo
1298;7898032680016;DESOD. SANIT. DIA A DIA 25G;1,28;1,99;Ativo
2787;7896331100372;DOCE DE LEITE AVIAÇÃO 400G;5,79;8,49;Ativo
8237;7898003281419;DOCE DE LEITE C/AMEIXA CAMBUI POTE 410G;18,21;25,99;Ativo
8776;7898279300036;DOCE DE LEITE C/AMEIXA DOCES UAI 400G;7,00;9,99;Ativo
6450;7898003280832;DOCE DE LEITE C/CASTANHA 25G;1,49;2,49;Ativo
8775;7898279300029;DOCE DE LEITE C/COCO DOCES UAI 400G;7,00;9,99;Ativo
8236;7898003281396;DOCE DE LEITE CAMBUI POTE 410G;18,21;30,99;Ativo
4798;7898193781850;DOCE DE LEITE COM CHOCOLATE;1,60;2,49;Ativo
4765;7898193780181;DOCE DE LEITE COM COCO NOPONTO 50G;1,60;2,50;Ativo
6388;7898919790043;DOCE DE LEITE DO RANCHO 30G;0,40;0,99;Ativo
4977;7898080640765;DOCE DE LEITE ITALAC 350G;8,36;10,49;Ativo
5015;7896051145646;DOCE DE LEITE ITAMBÉ 395G;9,80;13,99;Ativo
4563;7896202891484;DOCE DE LEITE OLIVEIRA 360G;6,21;8,99;Ativo
5025;7898003280818;DOCE DE LEITE PORTÃO DE CAMBUÍ;1,49;2,49;Ativo
6419;7896492200096;DOCE DE LEITE ROSSETTO 30G;0,49;0,99;Ativo
8018;7898254930241;DOCE DE LEITE SR.LORENZO 400G;7,50;10,49;Ativo
8774;7898279300012;DOCE DE LEITE TRAD DOCES UAI 400G;7,00;9,99;Ativo
1598;7896434920471;DOCE DE LEITE TRIANGULO 400G;5,85;8,49;Ativo
3347;7898937630017;DOCE DE MOCOTÓ 70G;0,85;1,25;Ativo
5951;7896202810720;DOCE DE MORANGO OLIVEIRA 400G;6,33;8,99;Ativo
5948;7896202810768;DOCE DE UVA OLIVEIRA 400G;6,33;8,99;Ativo
10023;7898954718484;DOCE LEITE EM TABLETE PE DA SERRA 160G;3,90;5,99;Ativo
12292;7896275983673;DOCE LEITE FRIMESA 4.8KG;84,10;99,99;Ativo
12293;7896275980917;DOCE LEITE FRIMESA 400G;7,84;11,99;Ativo
170;2205;DOCE LEITE OLIVEIRA 80G;0,99;1,49;Ativo
8175;7891032018414;DOCE MARRON GLACE 300G;5,69;7,99;Ativo
8124;7898972539085;DOCE NUUU BEIJO DE NINHO 50G;1,82;2,99;Ativo
8125;7898972539139;DOCE NUUU PALHA ITALIANA 50G;1,75;2,49;Ativo
2661;7896336007812;DOCE PAÇOQUITA 150G;7,63;4,99;Ativo
10496;7896336016067;DOCE PACOQUITA 20G;0,29;0,99;Ativo
5531;7898962588888;DOCE PE DE MOÇA 80G;1,47;2,49;Ativo
6424;602883756977;DOCE PÉ DE MOÇA CAIPIRA E CIA 40G;1,05;1,49;Ativo
6803;7896079871015;DOCE PINGO DE LEITE;0,53;0,80;Ativo
10325;606529703745;DOCE PRIMO MOLECAO 55G;0,90;1,99;Ativo
11049;9426518892370;DOCE PRIMO ROLHAO 51GR;0,99;1,99;Ativo
5024;7898003280825;DOCE SOB.LACTEA COCO PORTÃO DE CAMBUÍ;1,49;2,49;Ativo
8340;749355823680;DOCES IRAMEL BATATA 70G;1,04;1,49;Ativo
7658;7898962588208;DOCES MACEDO PE DE MOLEQUE 85G;0,26;1,99;Ativo
7657;7898962588093;DOCES MACEDO PE DE MOLEQUE 85G;1,05;1,99;Ativo
3138;7898946020090;DOCES MAJUBÉ SABORES;0,65;1,00;Ativo
11048;7898250500981;DOCES PRIMOS COCADA MISTA;1,63;2,99;Ativo
9898;7896462300153;DOLLY COLA 2L;4,44;6,49;Ativo
1422;7896462300115;DOLLY GUARANÁ 2L;4,59;5,49;Ativo
8471;7896462300016;DOLLY GUARANA DIET 2L;4,50;5,49;Ativo
721;7896462300122;DOLLY SABOR LARANJA 2L;4,59;5,49;Ativo
720;7896462300139;DOLLY SABOR LIMÃO 2L;4,59;5,49;Ativo
719;7896462300146;DOLLY SABOR UVA 2L;3,99;5,99;Ativo
3385;7896002108034;DOMUS CONHAQ. DE GENGIBRE 1L;12,89;17,99;Ativo
6660;7898122672877;DONUTS CHOCOLATE 75G;4,55;6,49;Ativo
6659;7898122672860;DONUTS COOKIES/CREAM 75G;4,55;6,49;Ativo
10375;7896058500240;DORI GELATINA AMORA 16X60G;0,00;4,49;Ativo
10372;7896058500202;DORI GELATINA BOCA 16X60G;0,00;4,49;Ativo
10374;7896058500226;DORI GELATINA MINHOCA 16X60G;1,79;4,49;Ativo
10370;7896058500233;DORI GELATINA MINHOCA ACIDA 16X60G;0,00;4,49;Ativo
10373;7896058500219;DORI GELATINA URSO 16X60G;0,00;4,49;Ativo
7220;7892840822378;DORITOS DINAMITA FLAMIN HOT 60G;2,86;4,99;Ativo
8331;7892840823771;DORITOS KETCHUP 110G;10,86;14,99;Ativo
8580;7892840823610;DORITOS KETCHUP 37G;3,63;3,99;Ativo
8332;7892840823764;DORITOS MOSTARDA 110G;10,86;14,99;Ativo
7451;7892840822446;DORITOS NACHO 120G;9,94;14,99;Ativo
12404;7892840825355;DORITOS NACHO 183G;10,87;17,99;Ativo
7357;7892840817916;DORITOS NACHO 210G;9,61;17,99;Ativo
7248;7892840822347;DORITOS NACHO 75G;5,85;9,99;Ativo
6750;7892840820053;DORITOS PIZZA 48G;3,90;4,99;Ativo
7640;7892840820060;DORITOS PIZZA 78G;7,67;9,99;Ativo
7182;7892840822408;DORITOS QUEIJO NACHO 37G;3,24;4,99;Ativo
3410;7892840818326;DORITOS SAB. QUEIJO NACHO 48G;3,05;3,99;Ativo
10923;7892840822729;DORITOS SWEET CHILLI 120G;9,94;14,99;Ativo
10778;7892840822361;DORITOS SWEET CHILLI 75G;5,85;9,99;Ativo
576;9120;DORSO DE FRANGO KG;5,00;6,99;Ativo
10987;7891150095564;DOVE CO BOND 150ML;14,76;21,99;Ativo
10988;7891150102347;DOVE SH RECONST AMINOACIDO 190ML;13,83;19,99;Ativo
10989;7891150096745;DOVE TRAT 2EM1 RECONSTRUCAO 500G;22,65;33,99;Ativo
2012;7896494207314;DRAFT RED SHOOP DE VINHO 600ML;9,00;10,99;Ativo
5816;7896010006360;DREHER CONHAQUE 900ML;15,50;23,99;Ativo
1755;7896010002133;DREHER CONHAQUE 900ML;16,91;23,99;Ativo
9876;7898473364124;DRILL PICOLE ACAI C/ LEITE CONDENSADO 95G;2,95;4,99;Ativo
9801;7898473364827;DRILL PICOLE CHOC C AVELA 95G;2,60;4,99;Ativo
9802;7898473364063;DRILL PICOLE CHOC C MORANGO 95G;2,95;4,50;Ativo
9800;7898473364070;DRILL PICOLE MARACUJA 95G;2,60;4,99;Ativo
9488;7896286619233;DROPS AZEDINHA MORANGO 35G;1,00;1,99;Ativo
9486;7896286621113;DROPS AZEDINHA PINK 35G;1,00;1,99;Ativo
8942;7891151039697;DROPS AZEDINHO MORANGO;0,99;1,49;Ativo
682;7891151039536;DROPS FREEGELLS C/ CHOC. 27.9G;0,55;0,99;Ativo
12104;7891151039550;DROPS FREEGELLS CEREJA S/CHOC 27G;0,65;1,79;Ativo
680;7891151039772;DROPS FREEGELLS E. FORTE 27.9G;0,87;1,29;Ativo
681;7891151039758;DROPS FREEGELLS EUCALIP 27.9G;0,55;0,99;Ativo
10114;7891151039604;DROPS FREEGELLS PLAY - 3x1 MORANGO;0,89;1,99;Ativo
10111;7891151039741;DROPS FREEGELLS PLAY - CEREJA;0,89;1,79;Ativo
10112;7891151039581;DROPS FREEGELLS PLAY - CHOC MARACUJA;0,89;1,79;Ativo
10113;7891151039703;DROPS FREEGELLS PLAY - MORANGO AZEDIN;0,71;1,79;Ativo
10218;78938816;DROPS HALLS EXT.FORTE 21X27,5G QTD. 3.00 DS;1,05;1,99;Ativo
9487;7896286621564;DROPS ICEKISS BLUEBERRRY 35G;1,00;1,99;Ativo
9485;7896286619974;DROPS LILITH FRAMBOESA 35G;1,00;1,99;Ativo
10905;7896039718053;DUCHA FAME 4 TEMP 220V;39,90;69,99;Ativo
4376;7891071011407;DUCHA HYDRA DUCHASS 220V;36,50;54,99;Ativo
4375;7891071331109;DUCHA HYDRA GORDUCHA 220V;44,45;66,99;Ativo
5224;7896451844842;DUCHA LORENZETTI BELLA DUCHA 127V;46,54;74,99;Ativo
9724;7898921627191;DUCHA STILO 220V;36,51;53,99;Ativo
12103;7896016601101;DUCOCO FLOCOS COCO ÚMIDO ADOCADO1KG;33,25;47,99;Ativo
10808;7896292348073;DUETO PREDILECTA MILHO/ERVILHA 170G;3,71;5,49;Ativo
12126;78947559;DUNHILL FULL RED;14,25;15,00;Ativo
9792;7891200007899;DUREPOXI LOCTITE 100G;8,38;11,99;Ativo
2792;7891200007929;DUREPOXI LOCTITE 50G;4,01;5,99;Ativo
4790;7891200014439;DUREPOXI LOCTITE BRANCO 50G;3,58;5,49;Ativo
453;7269;E;0,00;0,00;Ativo
392;6984;e;0,00;0,00;Ativo
431;7195;e;0,00;0,00;Ativo
3310;7896039010119;EBICEN CAMARÃO 30G;2,21;3,49;Ativo
3311;7896039010218;EBICEN CEBOLA 30G;2,49;3,29;Ativo
3312;7896039012113;EBICEN PIMENTA MEXICANA 30G;1,65;2,49;Ativo
6887;7898367984018;EISENBAHN PILSEN 350ML LT C/12;44,76;54,99;Ativo
5631;7894650126165;ELÉTRICO LIQUIDO RAID 32.9ML;11,07;15,99;Ativo
5630;7894650125014;ELÉTRICO PASTILHA  4/REFIL;20,05;29,99;Ativo
5632;7894650002032;ELÉTRICO PASTILHA RAID 12 REFILS;4,02;5,99;Ativo
1124;7892840814724;ELMA CHIPS AMEND. JAPONÊS 145G;6,62;8,49;Ativo
1102;7892840814403;ELMA CHIPS CEBOLITOS 31G;0,00;1,99;Ativo
1098;7892840814489;ELMA CHIPS CHEETOS LUA 42G;0,00;1,99;Ativo
1100;7892840814311;ELMA CHIPS CHEETOS MIX 42G;0,00;1,99;Ativo
1099;7892840814496;ELMA CHIPS CHEETOS ONDA 42G;0,00;1,99;Ativo
1101;7892840814328;ELMA CHIPS CHEETOS TUBO 42G;0,00;1,99;Ativo
1104;7892840814694;ELMA CHIPS CSENSAÇÕES 55G;0,00;4,99;Ativo
1103;7892840814717;ELMA CHIPS CSENSAÇÕES 55G;0,00;4,99;Ativo
1092;7892840814526;ELMA CHIPS DORITOS CHILI 48G;0,00;3,99;Ativo
1093;7892840814533;ELMA CHIPS DORITOS RANCH 48G;0,00;3,99;Ativo
3857;7896020160083;DESOD. TENYS TENYS WOMAN PÉ 100G;9,18;13,99;Ativo
6866;7791969016029;DESODORANTE ACTIVE DRY NIVEA MEN 150ML;8,79;14,99;Ativo
7878;7891350041194;DESODORANTE ADIDAS CHAMPIONS 150ML;7,52;12,49;Ativo
7876;7892940000010;DESODORANTE ADIDAS CONTROL 150ML;8,52;12,49;Ativo
7877;7891350033915;DESODORANTE ADIDAS INVISIBLE 150ML;8,63;12,49;Ativo
3028;7899674017116;DESODORANTE AERO ABOVE MEN 150ML;6,19;8,99;Ativo
3029;7500435135023;DESODORANTE AERO OLD SPICE C. MACHO 150ML;9,53;14,49;Ativo
3030;7500435135078;DESODORANTE AERO OLD SPICE MATADOR 150ML;11,25;16,99;Ativo
3031;7500435135030;DESODORANTE AERO OLD SPICE PEGADOR 150ML;10,98;15,99;Ativo
10619;7896049508750;DESODORANTE AERO TABU 150ML;6,00;8,99;Ativo
3232;7899674017062;DESODORANTE CANDY ABOVE WOMEN 150ML;5,95;8,99;Ativo
3233;7899674017086;DESODORANTE COUNTRY ABOVE MEN 150ML;4,87;6,99;Ativo
3236;7791293033235;DESODORANTE DOVE BEAUTY FINISH 150ML;12,59;18,49;Ativo
2202;7506306241183;DESODORANTE DOVE ORI.48H 150ML;11,61;18,99;Ativo
4784;7896044936916;DESODORANTE GIOVANNA BABY BLUE 150ML;7,73;10,99;Ativo
4783;7896044936923;DESODORANTE GIOVANNA BABY CLASSIC 150ML;7,99;10,99;Ativo
4063;7896235353904;DESODORANTE MONANGE DETOX FRESH 150ML;7,12;9,99;Ativo
4064;7891350034622;DESODORANTE MONANGE FLOR LAVANDA 150ML;6,39;10,49;Ativo
3512;7891350034639;DESODORANTE MONANGE FRUT. VERMEL. 150ML;6,07;10,49;Ativo
4065;7891350034646;DESODORANTE MONANGE HID INTENSIVA 150ML;6,39;10,49;Ativo
3689;7898919411900;DESODORANTE MONANGE INVISIVEL 48H 150ML;6,07;10,49;Ativo
4066;7896235353911;DESODORANTE MONANGE PROTEÇÃO SECA 150ML;6,07;10,49;Ativo
3513;7891350034615;DESODORANTE MONANGE SENSÍVEL 150ML;5,38;7,99;Ativo
4067;7500435135047;DESODORANTE OLD SPICE LENHA 48H 150ML;10,98;15,99;Ativo
4068;7500435135061;DESODORANTE OLD SPICE VIP 150ML;11,50;16,99;Ativo
6867;4005900396938;DESODORANTE ORI NIVEA MEN 150ML;9,56;13,79;Ativo
4782;7791293032443;DESODORANTE REXONA ACTIVE.E 150ML;10,34;16,49;Ativo
3234;7891150054653;DESODORANTE REXONA ERVA.D 72H 150ML;10,62;14,99;Ativo
3235;7506306244177;DESODORANTE REXONA INVISIBLE 72H 150ML;10,99;15,99;Ativo
3032;7506306244184;DESODORANTE REXONA MEN 72H 150ML;0,00;13,99;Ativo
3034;4005900036759;DESODORANTE ROLLON NIVEA B&W INVISIBLE 50ML;6,65;9,49;Ativo
9814;75063559;DESODORANTE ROLL-ON REXONA BAMBOO 30ML;4,07;6,49;Ativo
9957;78930841;DESODORANTE ROLL-ON REXONA V8 30ML;4,07;6,49;Ativo
2958;7897042008780;DESODORANTE ROLON SKALA CRISTAL 60ML;0,00;4,99;Ativo
2959;7897042012039;DESODORANTE ROLON SKALA INVISIBLE 60ML;3,45;4,99;Ativo
2957;7897042009862;DESODORANTE ROLON SKALA LAVANDA 60ML;3,95;5,79;Ativo
2852;7897042010554;DESODORANTE ROLON SKALA MEN SPORT 60ML;4,06;5,99;Ativo
2851;7897042008773;DESODORANTE ROLON SKALA S/ ALCOOL 60ML;3,95;5,79;Ativo
4126;7897042007301;DESODORANTE SKALA ROSAS 60ML;3,95;5,79;Ativo
4297;7896020160052;DESODORANTE TENYS PÉ ORI 100G;9,85;13,99;Ativo
95;1620;DESODORANTE TENYS TENYS PÉ 100G;5,73;8,49;Ativo
10043;7908324403398;DET PO MINUANO BRANCO EMB ECONOMICA 20X800G;123,68;9,49;Ativo
3804;7896527700782;DET. TRIEX CLEAR 500ML;1,29;1,99;Ativo
3803;7896527700768;DET. TRIEX MAÇA 500ML;1,29;1,79;Ativo
2675;7896524721032;DETER. FRUTAS VERM 500ML;1,15;1,59;Ativo
6495;7897664130319;DETER. MINUANO MARINE 500ML;1,49;2,49;Ativo
6494;7908324401783;DETER. MINUANO MICELAR 500ML;1,69;2,49;Ativo
3115;7897664130302;DETER.MINUANO COCO 500ML;1,79;2,49;Ativo
3114;7897664130036;DETER.MINUANO NEUTRO 500ML;1,49;2,49;Ativo
5745;7891022637007;DETERG. LIMPOL LIMAO 500ML;1,75;2,69;Ativo
2184;7891022639001;DETERG. LIMPOL MAÇÃ 500ML;1,79;2,69;Ativo
2183;7891022638004;DETERG. LIMPOL NEUTRO 500ML;1,79;2,69;Ativo
4850;7896090300273;DETERG.CONDE CLEAN 500ML;1,19;1,69;Ativo
4849;7896090300259;DETERG.CONDE NEUTRO 500ML;1,19;1,69;Ativo
7520;7896105501060;DETERGENTE CANDURA CLEAR 500ML;1,29;1,89;Ativo
7519;7896105501053;DETERGENTE CANDURA COCO 500ML;1,45;1,99;Ativo
9089;7896105501022;DETERGENTE CANDURA NEUTRO 500ML;1,45;1,99;Ativo
10553;7891150096943;DETERGENTE EM PO CIF LIMPEZA PROFISSIONAL 2,4KG;16,90;27,99;Ativo
2185;7891022640007;DETERGENTE LIMPOL COCO 500ML;1,89;2,69;Ativo
6252;7891022861242;DETERGENTE LIMPOL JABUTICABA 500ML;1,95;2,49;Ativo
4238;7897664130043;DETERGENTE MINUANO CLEAR 500ML;1,49;2,49;Ativo
9846;7897664130029;DETERGENTE MINUANO LIMÃO 500ML;1,90;2,49;Ativo
9847;7897664130012;DETERGENTE MINUANO MAÇÃ 500ML;1,90;2,49;Ativo
3595;7896524711224;DETERGENTE SUPREMA COCO 500ML;1,19;1,99;Ativo
4652;7896527700751;DETERGENTE TRIEX 500ML;1,29;1,99;Ativo
5495;7896098902042;DETERGENTE YPE CAPIM LIMÃO 500ML;1,91;2,59;Ativo
3172;7896098900239;DETERGENTE YPE COCO 500ML;1,99;2,49;Ativo
5372;7896098900222;DETERGENTE YPE LIMÃO 500ML;1,99;2,69;Ativo
3568;7896098900215;DETERGENTE YPE MAÇA 500ML;1,99;2,49;Ativo
1911;7896098902202;DETERGENTE YPÊ NEUTRO 500ML;1,99;2,49;Ativo
1910;7896098900277;DETERGENTE YPÊ T.SUAVE 500ML;1,91;2,59;Ativo
3441;7891022100372;DETERGENTEE LIMPOL CRISTAL 500ML;1,75;2,69;Ativo
4414;7896495000303;DIABO VERDE LIMPA ALUM 500ML;4,99;8,99;Ativo
538;9026;DIANTEIRO BOV KG;19,90;29,99;Ativo
586;9200;DIANTEIRO BOVINO KG;24,30;49,99;Ativo
7532;7896013402527;DIF.DE AROMAS SECAR LAV.DO CAMPO 100ML;12,31;18,49;Ativo
7531;7896013404026;DIFUSOR DE AROMAS SECAR RUBI 100ML;12,35;18,49;Ativo
8750;7896013404354;DIFUSOR SECAR AGUA 100ML;12,31;18,49;Ativo
8751;7896013402657;DIFUSOR SECAR SENSUAL 100ML;12,31;18,49;Ativo
7677;7898754690065;DIPLOKO ALIEN NEON 10G;1,30;2,49;Ativo
8233;7898970162131;DIPLOKO CAVEIRAS NEON 12G;2,37;3,49;Ativo
9691;7898970162322;DIPLOKO CORACAO NEON 10G;1,26;2,49;Ativo
8513;7898970162193;DIPLOKO GARRAFINHAS 10G;0,69;0,99;Ativo
9689;7898970162308;DIPLOKO KISSES NEON S/MOR 10G;1,26;2,49;Ativo
8512;7898970162155;DIPLOKO MINI JELLY 10G;0,69;0,99;Ativo
9690;7898963171928;DIPLOKO MONSTERS NEON 10G;2,02;2,99;Ativo
9693;7898964630219;DIPLOKO MONSTERS NEON 10G;1,45;2,49;Ativo
9692;7898754690041;DIPLOKO PUMPKIN NEON 10G;2,02;2,99;Ativo
7881;7898970162087;DIPLOKO S/ ALGODAO DOCE 11G;1,30;2,49;Ativo
8647;7898970162094;DIPLOKO S/CEREJA 11G;1,29;2,49;Ativo
8648;7898967923875;DIPLOKO S/MENTA GELO 11G;1,89;2,99;Ativo
9687;7898970162704;DIPLOKO S/MORANGO 11G;1,30;2,49;Ativo
9688;7898964630004;DIPLOKO UNICORNIO NEON S/MORANGO 10G;1,45;2,49;Ativo
6858;7896224410670;DISCOS DE ALGODÃO APOLO 25G;3,06;4,49;Ativo
2199;7896058500110;DISQUETE MINI 11G;0,37;0,75;Ativo
2211;7896058500189;DISQUETI DORI CHOCOLATE  18G;0,75;1,25;Ativo
50;49;DIVERSOS;0,00;0,00;Ativo
293;4949;DIVERSOS;0,64;50,00;Ativo
168;2182;DIVERSOS;0,00;0,00;Ativo
10034;0;diversos;0,00;0,00;Ativo
10306;7898648190428;DJARUM BLACK VERSIO MENTHOL;19,00;20,50;Ativo
9363;7896906503065;DOCE ABOBORA COSSARI 70G;0,28;1,99;Ativo
8287;7898996087722;DOCE BEIJO DE MOCA NUUU 50G;1,80;2,99;Ativo
10701;7898720330469;DOCE BEIJO GOSTOSO E CIA 50G;2,29;2,99;Ativo
8286;7898996087739;DOCE BRIGADEIRO NUUU 50G;1,82;2,69;Ativo
6932;703387012689;DOCE DE ABOBORA AB 51G;0,88;0,99;Ativo
4797;7897189400263;DOCE DE ABOBORA COM COCO;1,60;2,50;Ativo
6839;7898965624286;DOCE DE ABOBORA IRAMEL 52.5G;0,65;0,99;Ativo
7444;749355823673;DOCE DE ABOBORA IRAMEL 70G;0,97;1,49;Ativo
5758;7898947528007;DOCE DE ABOBORA MINDUITO 75G;0,85;1,25;Ativo
11047;736532239600;DOCE DE ABOBORA PRIMO;1,04;1,99;Ativo
4992;7896336011796;DOCE DE AMENDOIM CASEIRÃO 45G;0,99;1,99;Ativo
7282;7896732300159;DOCE DE AMENDOIM GALVANI 90G;1,51;2,25;Ativo
7610;609963965274;DOCE DE BANANA DA ROÇA 32G;1,00;1,99;Ativo
6727;789895338015;DOCE DE BANANA SANTA BRANCA 35G;1,25;1,99;Ativo
5949;7896202810751;DOCE DE GOIABA OLIVEIRA 400G;6,33;8,99;Ativo
7303;7896079871114;DOCE DE LEITE 30G;0,90;1,25;Ativo
3461;7891164026745;DOCE DE LEITE AURORA 400G;7,26;10,49;Ativo
1130;7898505140009;COPOS DESCAR. TTLPLAST DE 50ML;0,00;1,99;Ativo
1129;7896424100012;COPOS DESCART. COPOSUL DE 50ML;0,00;1,99;Ativo
1127;7898432560116;COPOS DESCART. TREVO DE 50ML;0,00;1,99;Ativo
4383;7896424100197;COPOSUL DESCARTAVEL 100UN;3,80;5,49;Ativo
1487;751320706218;COQ. ALC. CANA BOA LIMÃO 470ML;2,09;2,99;Ativo
1379;7896741649751;COQ. COMP. CANT. DO VALE 2L;7,35;10,99;Ativo
1377;7896741609960;COQ. COMP. CANT. DO VALE 880ML;3,79;5,49;Ativo
1642;7896547501178;COQ. DE LIMÃO COROTE 500ML;3,89;5,99;Ativo
1621;7898620850296;COQ. DE LIMÃO T.Q LOKA 500ML;1,99;3,49;Ativo
3578;7896547501154;COQ. DE MORANGO COROTE 500ML;3,89;5,99;Ativo
4620;7896514702881;COQ.7 COLINAS 880 ML;2,55;3,79;Ativo
3440;7896008112219;COQ.CONTINI BRANCO 900ML;21,80;31,99;Ativo
5311;7896008112226;COQ.CONTINI TINTO 900ML;17,99;25,99;Ativo
4683;7896336809409;COQ.OUSADIA LIMÃO 500ML;4,02;5,99;Ativo
4684;7896336809683;COQ.OUSADIA MELANCIA 500ML;4,02;5,99;Ativo
5207;7896685200049;COQ.PARATINI 900ML;10,45;14,99;Ativo
2009;7896336807566;COQ.SYN AÇAI ICE 300ML;2,06;2,99;Ativo
2008;7896336806507;COQ.SYN BERRY ICE 300ML;2,06;2,99;Ativo
2007;7896336802264;COQ.SYN LEMON ICE 300ML;2,48;3,99;Ativo
8020;7896243502103;COQUETEL BANANINHA 950ML;18,90;26,49;Ativo
3885;7896273100829;COQUETEL DO BARRIL F.VERMELHAS 500ML;3,57;4,99;Ativo
1467;7896273100805;COQUETEL DO BARRIL LIMÃO;3,57;4,99;Ativo
3886;7896273100812;COQUETEL DO BARRIL MARACUJÁ 500ML;3,57;4,99;Ativo
3884;7896273100850;COQUETEL DO BARRIL PESSEGO 500ML;3,03;4,49;Ativo
7352;7896080001401;COQUETEL DOMECQ 1L;32,49;44,49;Ativo
12438;7898307570578;COQUETEL SERRA DO VALE 2L;5,88;8,99;Ativo
12437;7898307570653;COQUETEL SERRA DO VALE 870ML;2,88;4,29;Ativo
3123;7898620850449;COQUETEL VODY 950ML;6,03;8,99;Ativo
952;7891323075195;COR. LÍQ. XADREX AMARELO 50ML;0,00;3,89;Ativo
951;7891323075225;COR. LÍQ. XADREX LARANJA 50ML;0,00;3,89;Ativo
954;7891323075249;COR. LÍQ. XADREX MARROM 50ML;0,00;3,89;Ativo
953;7891323075232;COR. LÍQ. XADREX ORCE 50ML;0,00;3,89;Ativo
955;7891323075294;COR. LÍQ. XADREX VIOLETA 50ML;0,00;3,89;Ativo
542;9041;CORACAO BOVINO KG;30,00;39,99;Ativo
581;9125;CORAÇÃO DE FRANGO KG;25,39;34,99;Ativo
8867;7894904018161;CORACAO SEARA 1KG;16,90;27,99;Ativo
9907;7898329016085;CORANTE GEL ICEBERG VERMELHO 25G;8,50;12,49;Ativo
9884;7897011506477;CORANTE GEL MIX ROSA INTENSO 25G;7,91;11,49;Ativo
9883;7897011506521;CORANTE GEL MIX VERMELHO NATAL 25G;7,91;11,49;Ativo
9882;7897011506613;CORANTE GEL MIX VERMELHO NATAL 60G;10,57;14,99;Ativo
8342;7897568400235;CORANTE TUPY 45G;2,37;3,49;Ativo
8562;7897568400228;CORANTE TUPY AZUL INDIGO 45G;2,37;3,49;Ativo
8343;7897568400365;CORANTE TUPY PRETO 45G;2,37;3,49;Ativo
1309;7897369811780;CORDA P/ VARAL POLIFORT DE 10M;3,12;5,99;Ativo
7428;7897369829518;CORDA P/VARAL ACO 10M;1,92;3,49;Ativo
4152;7897369817485;CORDA PARA VARAL 10M;2,50;5,49;Ativo
4258;7897369829600;CORDA VARAL 10M;1,10;2,99;Ativo
1311;7896066904085;CORDA VARAL DE P/ VARAL N°5;0,00;1,99;Ativo
1310;7896066904207;CORDA VARAL DE P/ VARAL N°8;0,00;3,99;Ativo
5811;7897369822861;CORDINHA VARAL N5;1,39;2,99;Ativo
4504;7896547501277;COROTE BLUBERRY 500ML;3,52;4,99;Ativo
12113;7896547501406;COROTE TUTI-FRUTI 500ML;3,89;5,99;Ativo
701;7896342413089;CORRETIVO MERCUR 18ML;1,19;1,99;Ativo
7429;7908295300597;CORTADOR DE UNHA SEKICH;3,25;4,99;Ativo
6863;7891060833065;CORTADOR DE UNHAS GRANDE MUNDIAL;6,32;9,99;Ativo
6864;7891060833041;CORTADOR DE UNHAS PEQUENO MUNDIAL;3,44;4,99;Ativo
12345;71603003439;CORTADOR DE UNHAS PES;7,79;10,99;Ativo
3326;7896075701019;CORTADOR DE UNHAS UNHEX 1/UN;2,70;3,99;Ativo
3327;7896075701033;CORTADOR DE UNHAS UNHEX PARA PÉ 1/UN;7,46;10,99;Ativo
12344;71603125001;CORTADOR P/UNHAS DAS MAOS;3,98;5,99;Ativo
548;9050;CORTE CAIPIRA SUINO KG;14,00;19,99;Ativo
744;7896072911121;CORTEZANO VINHO TINTO 900ML;12,99;17,99;Ativo
531;9018;COSTELA BOVINA TEMP.KG;20,00;29,99;Ativo
588;7899638366298;COSTELA GAUCHA KG;18,70;28,99;Ativo
272;7891164002466;COSTELINHA SALGADA KG;21,94;32,99;Ativo
559;9079;COSTELINHA SUIN PALMALI CONG KG;18,99;27,99;Ativo
555;7891515539122;COSTELINHA SUINO KG;17,60;28,99;Ativo
563;9101;COSTELINHA SUINO SALGADO KG;20,00;24,99;Ativo
32;30;COUVE FLOR;7,00;9,99;Ativo
8280;7896519238163;COUVE FLOR DEMARCHI CONGELADO 300G;5,74;8,29;Ativo
26;24;COUVE MANTEIGA CADA;2,50;3,99;Ativo
6679;7894904197729;COXA DE FRANGO SEARA 1KG;7,12;9,99;Ativo
580;9124;COXA FGO KG;7,01;11,99;Ativo
606;789798;COXA FGO KG;8,60;11,99;Ativo
514;7899638367813;COXAO DURO BOVINO KG;31,31;39,99;Ativo
513;7899638367639;COXAO MOLE BOVINO KG;35,39;53,99;Ativo
569;7897606700051;COXAS E SOBRECOXAS FGO KG;7,97;9,99;Ativo
244;3258;COXINHA DA ASA  FGO GRANEL KG;11,90;17,99;Ativo
8021;7894904036943;COXINHA DA ASA BIG FRANGO 1KG;10,00;13,99;Ativo
9545;7891164110826;COXINHA DA ASA EMPANADA AURORA 360G;12,23;17,49;Ativo
571;7897606700327;COXINHA DA ASA FGO KG(DRUMET);14,00;14,99;Ativo
7089;7894904018246;COXINHA DA ASA SEARA 1KG;10,95;15,99;Ativo
6682;7894904197743;COXINHA DA ASA SEARA 1KG;9,55;13,99;Ativo
7098;7894904769858;COXINHA DA ASA TEMP SEARA 500G;11,44;15,99;Ativo
3940;7893000488878;COXINHAS DA ASA DRUETTE SADIA 1KG;9,97;14,99;Ativo
285;4815;COXINHAS DAS ASAS AURORA KG;11,99;16,99;Ativo
8766;7891164017569;COXINHS DA ASA APIMENTADA AURORA PREMIUM 800G;13,32;18,99;Ativo
3549;7898024398622;CR AVELÃ NUTELLA 350G;15,59;22,99;Ativo
8498;7898215151982;CR DE LEITE PIRACANJUBA ZERO LAC 200G;3,39;5,49;Ativo
4073;7898919412204;CR DE PENTEAR MONANGE HIDRATA 300ML;6,56;9,49;Ativo
7007;7509546651040;CR DENTAL COLGATE LUMINOUS 70G;0,00;9,99;Ativo
10248;7509546702735;CR DENTAL COLGATE ORIGINAL MINT 50G;3,51;5,49;Ativo
10127;7890310121402;CR DENTAL DENTIL KIDS TUTTI FRUTI 50g;2,60;3,99;Ativo
7101;7897217403990;CR DENTAL HELLO KITTY 50G;4,49;6,49;Ativo
10125;7908324800173;CR DENTAL KIDS BOB ESPONJA  50G;3,68;5,29;Ativo
7102;7897217404102;CR DENTAL LUCAS NETO 50G;4,35;6,49;Ativo
1783;7500435228992;CR DENTAL ORAL B 123 70G;2,12;3,49;Ativo
4307;7509546675121;CR DENTAL SORRISO CARVÃO 60G;3,32;5,99;Ativo
5113;7891528038001;CR DENTAL SORRISO DENTES BRANCOS 180G;3,88;5,99;Ativo
10249;7891528038612;CR DENTAL SORRISO FRESH 90G;4,31;5,99;Ativo
5114;7509546671574;CR DENTAL SORRISO TRIPLA LIMP.COMP.180G;6,22;8,99;Ativo
5170;7898623950047;CR GELATINA TODECACHO MIX 550G;18,02;25,99;Ativo
8637;7891150095915;CR P/PENTEAR SEDA BOOM DEFINICAO 350ML;7,97;11,49;Ativo
8640;7891150099852;CR P/PENTEAR SEDA LUMINOUS UV 300ML;7,93;11,49;Ativo
10331;7891150095922;CR PENT SEDA  DEFINICAO FLEXIVEL 1KG;21,10;29,99;Ativo
7474;7891150091788;CR PENTEAR DEFINICAO SEDA 1KG;21,10;29,99;Ativo
10455;7500435118507;CR PENTEAR PANTENE CACHOS 240G;11,33;16,49;Ativo
7292;7891150088375;CR PENTEAR SEDA BOOM VOL 350ML;8,73;12,99;Ativo
8488;7891150095885;CR PENTEAR SEDA BOOM VOL POWER 350ML;10,37;14,99;Ativo
9066;7897042012176;CR PENTEAR SKALA 3EM1 250G;4,35;6,49;Ativo
9068;7897042016334;CR PENTEAR SKALA AMIDO MILHO 250G;5,48;7,99;Ativo
9069;7897042016365;CR PENTEAR SKALA CRESPO DIVINO 250G;5,48;7,99;Ativo
9673;7897042016853;CR PENTEAR SKALA DIVINO POTINHO 250G;4,35;6,49;Ativo
9067;7897042016358;CR PENTEAR SKALA MAIS CACHOS 250G;5,48;7,99;Ativo
12394;7897042020690;CR SKALA  ACAI 1KG;8,19;11,99;Ativo
7674;7897042017812;CR SKALA +CAICHINHOS 1000G;7,03;9,99;Ativo
4130;7897042009121;CR SKALA 12 EM 1 1000G;7,99;11,49;Ativo
7076;7897042017805;CR SKALA AMIDINHO/MILHO 1000G;7,45;10,49;Ativo
4131;7897042012732;CR SKALA AMIDO DE MILHO 1000G;8,19;11,99;Ativo
4129;7897042012800;CR SKALA BOMBA BANANA 1000G;8,19;11,99;Ativo
7690;7897042013180;CR SKALA DONA SKALA 1000G;7,03;9,99;Ativo
7290;7897042012329;CR SKALA MAIONESE 1000G;7,03;9,99;Ativo
9781;7897042013227;CR SKALA MARACUJA 1KG;44,94;11,49;Ativo
8819;7897042019304;CR SKALA MELANCIA 1KG;8,19;11,99;Ativo
4128;7897042010974;CR SKALA ÓLEO DE COCO 1000G;8,49;11,99;Ativo
8820;7897042019311;CR SKALA UVA 1KG;8,49;11,99;Ativo
4097;7891000126905;CR. DE LEITE NESTLE 200G;3,22;4,69;Ativo
1229;7896246000484;CR. DT DENTIL SCOOBY-DOO 50G;0,00;3,49;Ativo
1230;7896246000460;CR. DT DENTIL SCOOBY-DOO 50G;0,00;3,49;Ativo
1227;7891528032535;CR. DT SORRISO DENTES BR 180G;3,20;4,49;Ativo
1238;7896115700262;CR. P/ PENTEAR TRÁ LÁ LÁ 300ML;0,00;9,99;Ativo
3019;7896115704345;CR. P/ PENTEAR TRALALA 300ML;6,98;9,99;Ativo
3021;7896115701542;CR. P/ PENTEAR TRALALA ANTIFRIZ 300ML;6,98;9,99;Ativo
3020;7896115700033;CR. P/ PENTEAR TRALALA HIDRAKIDS 300ML;0,00;9,99;Ativo
5711;7500435150248;CR.DENTAL ORAL B EXT BRC 70G;2,59;3,99;Ativo
5653;7893694002299;CR.KANECHOM 3X1 ARRASA LISO 1KG;7,24;9,99;Ativo
5654;7893694001803;CR.KANECHOM OLEO COCO LACROU 1KG;7,24;10,99;Ativo
1782;7891037000322;CR.PENT.SEDA CACHOS.300ML;7,37;11,49;Ativo
1781;7891037010048;CR.PENT.SEDA LISO PERF.300ML;7,37;11,49;Ativo
1780;7898422745301;CR.PENT.SEDA PRETO LUM.300ML;7,37;11,49;Ativo
635;7897457620706;CRAVO DA INDIA BAMBU 10G;0,90;1,79;Ativo
4916;7896067000069;CRAVO DA INDIA CORD.7G;2,49;3,99;Ativo
4228;7891965431113;CRAVO DA INDIA HIKARI 25G;5,40;8,49;Ativo
2824;7891095154081;CRAVO DA INDIA KITANO 40G;11,80;15,49;Ativo
2873;7891095154289;CRAVO DA INDIA KITANO 8 G;3,39;4,79;Ativo
9261;7898432479654;CRAVO DA INDIA YOGI 5G;1,20;2,49;Ativo
7061;7896114100612;CREAM CHEESE 180G;6,65;9,99;Ativo
9375;7896114100650;CREAM CHEESE IPANEMA 400G;14,56;20,99;Ativo
3240;7896023600494;CREAM CRACKER DUCHEN 160G;1,19;1,69;Ativo
3860;7896023600548;CREAM CRACKER DUCHEN 320G;2,19;3,49;Ativo
9549;7896003738612;CREAM CRACKER MANTEIGA MARILAN 350G;4,49;6,49;Ativo
4191;7891203020765;CREAM CRACKER PANCO 200G;2,79;3,99;Ativo
8426;7896003710151;CREAM CRACKER VIVALE 300G;2,99;4,29;Ativo
9619;7896438200906;CREATINA PROBIOTICA 300G;59,14;84,99;Ativo
9007;7896438200890;CREATINA PROBIOTICA POTE 100G;36,94;52,99;Ativo
5158;7896013508878;CREME ALISANTE LISAHAIR 550G;30,61;44,99;Ativo
5343;7893694006662;CREME BABOSA KANECHOM 1KG;6,12;9,99;Ativo
10965;7898215152170;CREME CHANTILLY PIRACANJUBA 200G;4,31;6,89;Ativo
5344;7893694001810;CREME COCO KANECHOM 1KG;6,13;9,99;Ativo
9604;7898331014406;CREME CROCANTE OVOMALTINE 100G;8,86;12,99;Ativo
12237;7898331014420;CREME CROCANTE OVOMALTINE 260G;16,04;23,99;Ativo
10771;7898530841216;CREME DE AMENDOIM DADINHO 180G;10,07;7,99;Ativo
1660;7891095110520;CREME DE ARROZ YOKI 200G;3,29;4,19;Ativo
10364;7896067003596;CREME DE AVELA MONOPOL 300G;14,50;22,99;Ativo
7379;7898024396529;CREME DE AVELA NUTELLA 650G;37,68;55,99;Ativo
9929;7891350011043;CREME DE BARBEAR BOZZANO 65G;6,39;8,99;Ativo
2965;7896327512264;CREME DE CEBOLA APTI 68G;3,54;2,99;Ativo
10460;7891132009626;CREME DE CEBOLA CHEF VONO 58G;4,05;6,49;Ativo
1843;7898416525179;CREME DE CEBOLA KISABOR 65G;2,99;4,49;Ativo
2966;7891095003822;CREME DE CEBOLA KITANPO MENOS SODIO 68G;3,54;4,99;Ativo
8659;7896256040821;CREME DE CEBOLA KODILAR 65G;3,69;5,49;Ativo
9481;7891000538500;CREME DE CEBOLA MAGGI 68G;4,63;6,99;Ativo
10482;7896706304275;CREME DE CEBOLA NEILAR 60G;2,45;3,99;Ativo
4795;7891164026714;CREME DE LEITE AURORA 200G;3,19;4,69;Ativo
7614;7898929966827;CREME DE LEITE CCGL 200G;2,29;3,49;Ativo
782;7898080640246;CREME DE LEITE ITALAC 200G;1,99;3,99;Ativo
3894;7896051114024;CREME DE LEITE ITAMBÉ 200G;3,47;4,99;Ativo
8328;7896051167457;CREME DE LEITE ITAMBE LEVISSÍMO 200G;2,69;4,49;Ativo
1815;7896051114086;CREME DE LEITE ITAMBÉ LT 300G;6,30;5,99;Ativo
7185;7896283800245;CREME DE LEITE JUSSARA 200G;1,99;2,99;Ativo
8742;7898080643223;CREME DE LEITE LEVE 200G;2,89;4,49;Ativo
7548;7891030003467;CREME DE LEITE LEVE MOCOCA 200G;2,69;3,79;Ativo
6497;7891000354537;CREME DE LEITE NESTLE 200G;2,69;3,99;Ativo
9745;7891000409794;CREME DE LEITE NESTLE LV 200G;3,42;5,19;Ativo
6768;7896034630442;CREME DE LEITE PARMALAT 200G;2,99;4,25;Ativo
8724;7896294901825;CREME DE LEITE PAULISTA 200G;2,89;4,29;Ativo
1560;7891025841616;CREME DE LEITE PAULISTA 200ML;2,65;1,99;Ativo
2744;4789117611304;CREME DE PENT KOLENE ORIGINAL 300ML;7,95;11,99;Ativo
12449;7908966528534;CREME DE PENTEAR ELSEVE COLLAGEN 200ML;17,46;25,99;Ativo
9537;7908785461500;CREME DE PENTEAR ELSEVE LISO SONHOS 250ML;12,60;17,99;Ativo
9990;7891150083646;CREME DE PENTEAR SEDA JUNTINHOS 300ML;7,93;11,49;Ativo
2143;7898016920435;CREME DE PIMENTA IMPERADOR 240;5,49;7,99;Ativo
9425;7898941275655;CREME DE PIMENTA VERM IMPERADOR 145G;4,15;5,99;Ativo
6263;7896114100605;CREME DE RICOTA IPANEMA 200G;4,51;6,99;Ativo
6670;7896114101213;CREME DE RICOTA LIGHT IPANEMA 180G;4,51;6,99;Ativo
10293;7896030519628;CREME DE RICOTA TIROLEZ 200G;6,87;9,99;Ativo
10292;7896030519611;CREME DE RICOTA TIROLEZ LIGHT 200G;6,87;9,99;Ativo
4173;7896629670181;CREME DE RICOTA TRAD CAN.MINAS 180G;4,41;7,49;Ativo
1946;7509546687919;CREME DENT. COLGATE TRIPLE 90G;4,49;6,99;Ativo
10126;7908324801422;CREME DENTAL  KIDS SLIME  50G;1,87;2,99;Ativo
3332;7891150049888;CREME DENTAL CLOSEUP HORTELÃ 70G;2,28;3,49;Ativo
3331;7891150049895;CREME DENTAL CLOSEUP MENTA 70G;2,28;3,49;Ativo
6440;7891150049871;CREME DENTAL CLOSEUP MENTA AMERICANA 70G;2,15;3,49;Ativo
10484;7509546700939;CREME DENTAL COLGATE 90G;5,68;8,99;Ativo
2834;6920354824395;CREME DENTAL COLGATE CARVÃO E MENTA 90G;5,88;8,29;Ativo
6225;7509546674438;CREME DENTAL COLGATE EXTRACTS 70G;5,92;8,99;Ativo
6522;7509546687537;CREME DENTAL COLGATE LUMINOUS 60G;5,20;7,49;Ativo
2614;7891024134610;CREME DENTAL COLGATE MPA 180G;6,53;9,49;Ativo
6305;7891024132906;CREME DENTAL COLGATE MPA 50G;2,55;3,99;Ativo
1225;7891024134702;CREME DENTAL COLGATE MPA 90G;3,90;5,99;Ativo
7987;7509546653396;CREME DENTAL COLGATE SENSITIVE 60G;8,79;12,99;Ativo
2615;7509546669953;CREME DENTAL COLGATE TRIPLA AÇÃO 180G;5,97;9,99;Ativo
2660;7891024033715;CREME DENTAL COLGATE TT12 50G;4,37;6,49;Ativo
8359;7891055538418;CREME DENTAL CONDOR LILICA 50G;3,80;5,49;Ativo
3178;7891055538517;CREME DENTAL CONDOR S/FLUOR;2,20;3,99;Ativo
1228;7890310121396;CREME DENTAL DENTIL KIDS 50G;0,00;3,49;Ativo
4123;7896013102472;CREME DENTAL EVEN ANTICÁRIES 50G;0,85;1,29;Ativo
4124;7896013102496;CREME DENTAL EVEN JUÁ HORTELÃ 50G;0,89;1,29;Ativo
10128;7908324800197;CREME DENTAL FLEX CALCIO + P 70G;1,36;2,49;Ativo
5104;7500435122764;CREME DENTAL ORAL B 4EM1 70G;2,08;2,99;Ativo
9699;7500435153164;CREME DENTAL ORAL-B 100 70G;6,54;9,99;Ativo
3390;7500435150309;CREME DENTAL ORAL-B EXT. FRESH 70G;2,67;3,75;Ativo
3277;7500435150293;CREME DENTAL ORAL-B EXT.FRESH PACK C/3;6,30;9,49;Ativo
2123;7500435150262;CREME DENTAL ORAL-B EXTGRA BRANCO 150G;2,50;3,75;Ativo
2471;7509546692685;CREME DENTAL SORRISO 70G;1,65;3,49;Ativo
1873;7891528031132;CREME DENTAL SORRISO 70G;1,59;2,59;Ativo
3082;7891528030142;CREME DENTAL SORRISO FRESH  90G;3,51;4,99;Ativo
3081;7891528038568;CREME DENTAL SORRISO FRESH  90G;4,37;6,49;Ativo
3387;7793100111143;CREME DENTAL TOTAL 12 M90G CLEAN;6,60;9,49;Ativo
4694;7896115704079;CREME DENTAL TRALALA 50G;3,08;4,49;Ativo
4167;7898050660410;CREME GRIFFUS AMO CACHOS 1KG;14,97;21,99;Ativo
7309;7896049528574;CREME HERBISSIMO VANILLA 55G;3,99;5,99;Ativo
1236;7898085944684;CREME HID. CORPO A CORPO 200ML;0,00;5,99;Ativo
4184;7898269494523;CREME HIDRATENTE PARA MÃOS 50ML;4,88;6,99;Ativo
4169;7893694001797;CREME KANECHOM BOMBOU 1KG;6,03;8,49;Ativo
4168;7893694001285;CREME KANECHOM PENTEOU 1KG;7,24;9,99;Ativo
10964;7898215151975;CREME LEITE GOURMET PIRACANJUBA 200G;4,19;6,49;Ativo
2928;78906617;CREME NIVEA LATA 56G;17,37;24,99;Ativo
4166;7896085870187;CREME ORIGEM BABOSA 1KG;5,43;7,99;Ativo
4165;7896085863974;CREME ORIGEM MANT.KARITÉ 1KG;5,43;7,99;Ativo
5687;7891037645653;CREME P/ CABELO TRIM 65G;14,36;19,99;Ativo
10382;7891150070318;CREME P/ PENTEAR SEDA CACHOS DEF 700ML;14,20;20,99;Ativo
9084;7896013508854;CREME P/ALISAMNETO + QUERATINA;18,74;27,99;Ativo
5919;7898623952751;CREME P/PENTEAR SALON LINE COCO 1KG;25,53;36,99;Ativo
5920;7898524344914;CREME P/PENTEAR SALON LINE HIDRATACAO 1KG;20,96;32,99;Ativo
7612;7891150088399;CREME P/PENTEAR SEDA DEFINICAO 350ML;10,37;14,99;Ativo
7613;7891150088368;CREME P/PENTEAR SEDA MODELADOR 350ML;10,37;14,99;Ativo
4945;7898919412211;CREME PEN.MONANGE QUIMICA 300ML;5,61;8,99;Ativo
4946;7891150080102;CREME PEN.SEDA COLAGENO 300ML;7,57;9,99;Ativo
4947;7891150027541;CREME PEN.SEDA CRESPO 300ML;5,99;9,99;Ativo
6658;7893694002305;CREME PENT KANECHOM POWER CACHOS 1KG;7,02;9,99;Ativo
4944;7898919412174;CREME PENT. MONAGE CACHOS OLEO COCO 300ML;5,61;8,99;Ativo
8270;7891150083639;CREME PENTEAR FROZEN SEDA 300ML;5,99;9,99;Ativo
12171;7891150070332;CREME PENTEAR LISO PERFEITO SEDA 700ML;14,20;20,99;Ativo
4645;7898919412181;CREME PENTEAR MONANGE LISOS 300ML;6,56;9,49;Ativo
5168;7898623952331;CREME PENTEAR SALON BABOSA 300ML;11,91;17,89;Ativo
5169;7898968070509;CREME PENTEAR SALON DEF.PROLONGADA 300ML;11,91;17,89;Ativo
12156;7891150101593;CREME PENTEAR SEDA AMIDO 300ML;7,45;11,49;Ativo
2835;7891150060883;CREME PENTEAR SEDA BABOSA OLEO 300ML;7,57;11,49;Ativo
2836;7891037144705;CREME PENTEAR SEDA CERAMIDAS 300ML;7,37;11,49;Ativo
5479;7897042007240;CREME SKALA ARGILA BRANCA 1000G;7,04;9,99;Ativo
3871;7897042005048;CREME SKALA BOMBA ABACATE 1000G;8,49;11,99;Ativo
10843;7897042020683;CREME SKALA CEREJA 1KG;8,49;11,99;Ativo
5895;7897042015269;CREME SKALA COQUETEL BRASIL 1000G;7,18;9,99;Ativo
5894;7897042017782;CREME SKALA DIVINA COR 1000G;7,03;9,99;Ativo
3870;7897042007226;CREME SKALA DIVINO KIDS 1000G;7,43;10,49;Ativo
5102;7897042016907;CREME SKALA GENETIQS 1000G;7,03;9,99;Ativo
6000;7897042017829;CREME SKALA MAIS CRESPINHOS 1000G;7,86;10,99;Ativo
8277;7897042008827;CREME SKALA MAIS CRESPOS 1000G;8,49;11,99;Ativo
4851;7897042004942;CREME SKALA MANT.KARITÉ 1000G;7,65;10,99;Ativo
5480;7897042010721;CREME SKALA OLÉO DE ARGAN 1000G;7,04;9,99;Ativo
8362;7896509974460;CREME SOUL POWER 500ML;20,19;28,49;Ativo
2746;7891176117257;CREME TRAT.KOLENE N AMAC 1KG;8,60;12,99;Ativo
2491;7896279600507;CREME VEGETAL  PRIME 500 C/SAL;2,00;2,99;Ativo
1917;7898623950764;CREME.PENT SALON DEF.INTENSA;23,19;32,99;Ativo
2745;7898623957015;CREME.PENT SALON DEF.MAXIMA 1KG;16,02;23,99;Ativo
1973;7897042012312;CREME.PENT SKALA +CACHOS 1000G;8,19;11,99;Ativo
1971;7897042012473;CREME.PENT SKALA DIVINO 1000G;8,19;11,99;Ativo
1972;7897042012183;CREME.PENT SKALA S.O.S 1000G;7,03;9,99;Ativo
8152;7891150095908;CREME/P PENTEAR SEDA BOOM DEF INTENSA 1KG;12,98;19,99;Ativo
8151;7891150095892;CREME/P PENTEAR SEDA BOOM VOLUMAO POWEER 1KG;21,10;29,99;Ativo
1710;7891150068278;CREMOGEMA CHOCOLATE 180G;5,42;7,99;Ativo
8072;7891150068308;CREMOGEMA MORANGO 180G;5,42;7,99;Ativo
7136;7891150071780;CREMOGEMA TRAD 180G;4,40;6,49;Ativo
1711;7891150068261;CREMOGEMA TRADICIONAL 180G;5,18;8,99;Ativo
6137;7891150085688;CREMOGEMA TRADICIONAL 380G;11,77;14,99;Ativo
5256;7899985000357;CREPE DE CHOC. PADERRI 32G;1,83;2,99;Ativo
5257;7899985000913;CREPE DE DOCE DE LEITE PADERRI 32G;1,83;2,49;Ativo
5913;7896002302449;CROCANTISSIMO ORIGINAL S/CHURRASCO 40G;2,09;3,49;Ativo
5827;7896002365963;CROCANTÍSSIMO P.PERU REQ.40G;2,04;3,49;Ativo
5828;7896002364768;CROCANTÍSSIMO QJO E CEBOLA.40G;2,04;3,49;Ativo
5826;7896002301398;CROCANTÍSSIMO SALAMINHO LIMÃO 40G;2,22;3,49;Ativo
12340;7898950476739;CROCKS C WHEY DOCE DE LEITE 25G;3,03;4,99;Ativo
12342;7898055421702;CROCKS CLUB CEREAL BAN/CHO 25G;1,13;2,99;Ativo
12341;7898055421726;CROCKS CLUB CEREAL MOR/CHO 25G;1,13;2,99;Ativo
12332;7896029603840;CROCKS MIX DE NUTS 50G;3,73;5,99;Ativo
12339;7898950476494;CROCKS WAFER C/ WHEY COOKIES 25G;3,03;4,99;Ativo
111;1738;CROISSANT CADA;3,60;4,99;Ativo
511;8936;CROISSANT DINIZ UN;4,75;6,99;Ativo
4026;7894900521504;CRY SPARKLING F.VERM 510ML;2,52;3,49;Ativo
4025;7894900520507;CRY SPARKLING LIMÃO 510ML;2,44;3,49;Ativo
4024;7894900521009;CRY SPARKLING TANGERINA 510ML;2,44;3,49;Ativo
6907;7896451922892;CUBINHOS SUPER AZEDINHOS DOCILE 80G;3,37;4,99;Ativo
1513;7897457623363;CUENTRO BAMBU 40G;0,90;1,79;Ativo
4553;7896336007683;CUIDA BEM COCADA ZERO 60G;6,87;9,99;Ativo
3554;7891079013120;CUP NOODLES BOLONHESA 72G;4,02;5,99;Ativo
1824;7891079013052;CUP NOODLES CARNE DEF. 68G;4,20;5,99;Ativo
1822;7891079013083;CUP NOODLES COSTELA 68G;4,20;5,99;Ativo
3211;7891079013076;CUP NOODLES FRUTOS DO MAR 65G;4,20;5,99;Ativo
1823;7891079013038;CUP NOODLES GALINHA CAIP. 68G;4,20;5,99;Ativo
6526;7891079013069;CUP NOODLES GALINHA PICANTE 68G;4,02;5,99;Ativo
7294;7891079013090;CUP NOODLES LEGUMES 67G;3,80;5,99;Ativo
9904;7891079014233;CUP NOODLES PARMEGIANA DE CARNE 68G;4,02;5,99;Ativo
9659;7891079013427;CUP NOODLES S/CURRY 70G;3,80;3,99;Ativo
9660;7891079013045;CUP NOODLES S/FRANGO C/MOLHO TERIYAKI 72G;3,80;5,99;Ativo
3212;7891079013106;CUP NOODLES YAKISSOBA TRAD 70G;4,02;5,99;Ativo
535;9023;CUPIM BOVINO KG;30,00;39,99;Ativo
9426;7891079013113;CUPP NOODLES S/Q CHEDDAR 69G;4,02;5,99;Ativo
10170;7891800341935;CURATIVO BEGE 40 UNIDADES CREMER;7,05;9,99;Ativo
5600;7891800341997;CURATIVO CREMER 10UN;2,39;3,49;Ativo
10124;7896227690178;CURATIVO ISABABY TRADICIONAL 10UN;2,90;4,49;Ativo
2848;7891010504779;CURATIVOS BAND AID C/10;5,10;7,49;Ativo
2849;7891010504755;CURATIVOS BAND AID C/40;7,84;11,99;Ativo
1460;7898095296148;CURATIVOS COTTON C/10UN;1,65;2,69;Ativo
1459;7898095297107;CURATIVOS COTTON C/10UN;1,65;2,69;Ativo
4437;7898095297114;CURATIVOS TRANSPARENTES COTTON C/35;3,88;9,99;Ativo
4438;7898095296049;CURATIVOS VEGETAIS COTTON C/35;3,69;5,19;Ativo
7462;7896067003718;CURRY CORDEIRO 20G;1,65;2,29;Ativo
3805;7896333200018;CUSCUZ BONOMILHO 500G;2,45;3,49;Ativo
4143;7898366930023;CUSCUZ FLOCÃO VITAMILHO 500G;1,69;2,79;Ativo
2632;7898932426035;CUSCUZ MARATÁ FLOCADA 500G;1,77;2,79;Ativo
169;2187;CUSCUZ MARATÁ FLOCADA 500G;1,89;2,99;Ativo
7293;7892300000698;CUSCUZ SINHA 500G;1,97;2,39;Ativo
3120;7898366930016;CUSCUZ VITAMILHO 500G;1,75;2,75;Ativo
1526;7896223702615;CUSCUZ XODÓMILHO 500G;1,69;2,40;Ativo
6671;7896067003350;CUZCUZ CORDEIRO 500G;2,49;3,99;Ativo
2566;7898142863774;CX BOMBOM ARCOR 146G;7,18;9,99;Ativo
2567;7898142862104;CX BOMBOM ARCOR 155G;5,70;7,99;Ativo
7830;7898530842190;CX BOMBOM DADINHO FAMILIA 170G;7,85;10,99;Ativo
4707;7891149104949;CX BRAHMA 0.0 ALCOOL 350ML;35,33;49,99;Ativo
4706;7891149100019;CX BRAHMA CHOPP 350ML;29,90;39,99;Ativo
9166;7898213320212;CX CERVEJA PROIBIDA C/12;21,00;27,49;Ativo
1662;7891008114003;CX DE BOMBOM GAROTO 250G;6,95;11,99;Ativo
5488;7897395020132;CX DE ITAIPAVA 350ML C/12;33,43;38,99;Ativo
5457;37896185312717;CX DE LEITE SHEFA INT. C/12UN;45,48;53,88;Ativo
4704;7891991295284;CX DUPLO MALTE 269ML C/15;34,35;49,99;Ativo
4705;7891991294959;CX DUPLO MALTE 350ML C/12;35,88;44,99;Ativo
5906;7891515323691;CX HAMB. PERDIGAO C/12;15,09;21,99;Ativo
9804;7891164020019;CX HAMBURGUER AURORA 672G;18,49;26,99;Ativo
8261;7891515532628;CX HAMBURGUER DE FRANGO EMPANADO 360G;9,35;13,49;Ativo
9701;7891515883034;CX HAMBURGUER PERDIGAO S/DEFUMADO 672G;9,90;19,99;Ativo
9293;7893000486317;CX HAMBURGUER SADIA S/CHURRASCO 672G;13,50;19,99;Ativo
4703;27898915949210;CX IMPERIO 269ML C/12;31,35;38,99;Ativo
7908;7898915949964;CX IMPERIO C/15 350ML;41,25;49,99;Ativo
10522;7896504300776;CX LEITE SANTA CLARA 12UN;56,28;64,99;Ativo
9915;7897395099305;CX PETRA 269ML C/12;23,76;32,99;Ativo
5573;7891991303354;CX SPATEN 269ML C/8;22,27;31,99;Ativo
391;6982;d;0,00;0,00;Ativo
4580;7898965971182;DADINHO DE TAPIOCA NATURAL 400G;0,00;19,99;Ativo
5331;7896012879757;FRALDA TURMA DA MONICA XXG C/16;14,47;21,99;Ativo
1182;7898924154755;FRALDAS BAB ROGER TAM/P C/26UN;0,00;5,99;Ativo
1181;7896026860000;FRALDAS BABY BOO TAM/P C/24UN;0,00;5,99;Ativo
1189;7896012800836;FRALDAS BIGFRAL TAM/G C/8UN;0,00;23,99;Ativo
8504;7898064035587;FRALDAS DESCARTAVEIS CREMER G;16,29;26,49;Ativo
8506;7898133019562;FRALDAS DESCARTAVEIS CREMER M;15,99;26,49;Ativo
8505;7898064035617;FRALDAS DESCARTAVEIS CREMER XG;15,99;26,49;Ativo
1187;7896914002505;FRALDAS L. TUNES TAM/M C/20UN;13,69;19,49;Ativo
1188;7896914002499;FRALDAS L. TUNES TAM/P C/22UN;0,00;15,99;Ativo
1183;7898960970036;FRALDAS PANTEX TAM/M C/22UN;0,00;5,99;Ativo
1178;7898347730154;FRALDAS SUAVE BABY TM.P C/10UN;0,00;2,99;Ativo
1179;7898347730437;FRALDAS SUAVE BABY TM.P C/24UN;0,00;5,99;Ativo
1180;7898347730475;FRALDAS SUAVE BABY TM.P C/44UN;0,00;9,99;Ativo
520;9007;FRALDINHA BOVINA KG;23,90;34,99;Ativo
9281;7891515443528;FRANGO A PARMEGIANA PERDIGAO 800G;20,48;29,49;Ativo
7383;7891164163709;FRANGO A PASSARINHO AURORA 1KG;9,16;14,99;Ativo
575;7897606700389;FRANGO Á PASSARINHO KG;8,91;13,99;Ativo
3941;7893000488526;FRANGO A PASSARINHO SADIA 1KG;15,68;21,99;Ativo
7566;7894904985500;FRANGO A PASSARINHO SEARA 1KG;7,64;11,49;Ativo
3939;7893000488601;FRANGO A PASSARINHO TEMP SADIA 1KG;11,95;17,49;Ativo
579;9123;FRANGO Á PASSARINHO TEMP.KG;7,90;14,99;Ativo
349;6417;FRANGO DE PADARIA SEARA 1KG;9,46;13,99;Ativo
509;8872;FRANGO DE PADARIA SEARA CERV KG;11,52;16,99;Ativo
566;7897606700013;FRANGO INTEIRO RESFRIADO KG;7,39;8,99;Ativo
10750;7897560912491;FRANGO PASSARINHO TEMP ADORO 1KG;9,04;14,99;Ativo
10469;7500435250238;FRD PAMPERS S SEQUI JUMBO XG C70;69,90;96,99;Ativo
7275;7891151036238;FREEGELLS GUM CANELA 8G;1,15;1,99;Ativo
7276;7891151037136;FREEGELLS GUM CHERRY 8G;1,15;1,99;Ativo
7665;7891151036702;FREEGELLS GUM MELANCIA 8G;1,15;1,99;Ativo
7274;7891151036993;FREEGELLS GUM TUTTI-FRUTTI 8G;1,15;1,99;Ativo
10117;7891151039598;FREEGELLS PLAY 3X1 MORANGO 27,6g;1,79;2,49;Ativo
10119;7891151039734;FREEGELLS PLAY CEREJA 27G;1,79;2,49;Ativo
10118;7891151039574;FREEGELLS PLAY MARACUJA  CHOC 27G;1,79;2,49;Ativo
6579;7891151039901;FREEGELLS VIT.C MEL E LIMAO 27.9G;0,89;1,79;Ativo
9631;7897157070467;FRIGIDEIRA FUNDA AURORA N24;15,49;28,99;Ativo
4545;7898147771807;FRIGIDEIRA PANELUX ANTIADERENTE N20;20,39;28,99;Ativo
4546;7898147771814;FRIGIDEIRA PANELUX ANTIADERENTE N22;22,94;32,99;Ativo
181;2268;FRIOS;0,00;0,99;Ativo
3627;7891000115800;FRISKIES PURINA SABOR CARNE 85G;2,15;3,19;Ativo
9411;7898473360171;FRUCCY ABACAXI 70G;1,95;3,00;Ativo
9409;7898473360348;FRUCCY LIMAO 70G;1,95;3,00;Ativo
9410;7898473360362;FRUCCY MARACUJA 70G;1,95;3,00;Ativo
4285;7896000595966;FRUIT SHOOT LARANJA 275ML;2,59;3,59;Ativo
4282;7896000596000;FRUIT SHOOT MAÇA VERDE 275ML;2,09;2,99;Ativo
4283;7896000595973;FRUIT SHOOT MORANGO 275ML;2,09;2,99;Ativo
9179;7896000597847;FRUIT SHOOT UVA;1,10;1,99;Ativo
4284;7896000595980;FRUIT SHOOT UVA 275ML;2,58;3,59;Ativo
10206;7895144125114;FRUITTELLA S/CARAMELO 41G;2,79;3,99;Ativo
10303;7895144228518;FRUITTELLA S/MORANGO 41G;2,79;3,99;Ativo
9202;7896862001308;FRUTAP IOG POLPA MORANGO 480G;5,00;7,49;Ativo
3758;7896862000301;FRUTAP SALADA DE FRUTAS 160G;2,39;3,49;Ativo
6781;7898932426363;FUBA DE MILHO MARATÁ 500G;1,99;2,99;Ativo
6465;7896333200223;FUBA MIMOSO BONOMILHO 500G;1,99;3,99;Ativo
9786;7896064102117;FUBA MIMOSO CAMPO BELO 1KG;4,17;6,49;Ativo
9522;7896064102216;FUBA MIMOSO CAMPO BELO 500G;2,08;3,49;Ativo
7001;7896067001721;FUBA MIMOSO CORDEIRO 500G;2,87;4,49;Ativo
2337;7891965120345;FUBÁ MIMOSO HIKARI 500G;1,29;2,39;Ativo
1505;7898083610154;FUBÁ MIMOSO PRISMA 500G;1,59;2,49;Ativo
6179;7892300026629;FUBA MIMOSO SINHA 500G;4,99;4,99;Ativo
12106;7891095200467;FUBA MIMOSO YOKI 1KG;6,25;8,99;Ativo
974;7891095200450;FUBÁ MIMOSO YOKI 500G;3,49;4,99;Ativo
2338;7891095200184;FUBÁ P´RE-COZIDO YOKI 500G;4,80;6,99;Ativo
8432;7896067001899;FUBA PRE COZIDO CORDEIRO 500G;4,47;6,49;Ativo
3395;7891028314278;FUMO TREVO 45G;6,25;8,99;Ativo
749;7898307571681;G. DE PRATA MIST.GASEI. 660ML;3,49;4,99;Ativo
333;6010;GALAO COMPLETO AQUANA 20L;16,00;35,00;Ativo
332;6009;GALAO COMPLETO CRISTAL 20L;16,00;35,00;Ativo
10060;7898939798289;GALAO DE AGUA CRISTAL CLASSIC 20L;3,10;14,00;Ativo
10803;7891097107238;GALBANI REQUEIJAO CREMOSO TRAD 380GR;0,00;16,99;Ativo
1168;7896152833787;GARFO PLÁSTICO D´FESTA C/50UN;0,00;5,99;Ativo
1169;7896903603263;GARFO REFEIÇÃO LUXO C/50UN;0,00;5,99;Ativo
8131;7896668028288;GARFO/FACA 1UN;0,65;0,99;Ativo
8403;7891691397882;GARRAFA TER INVICTA CAPPUCCINO 1L;21,55;29,99;Ativo
8404;7891691396762;GARRAFA TER INVICTA PRETO 1L;21,55;29,99;Ativo
8811;7891691080128;GARRAFA TERMICA INVICTA 500ML;22,07;31,99;Ativo
2931;7891691088032;GARRAFA TERMICA INVICTA VG  750ML;13,90;19,99;Ativo
2930;7891691188039;GARRAFA TERMICA INVICTA VG PRETA 750ML;19,90;29,99;Ativo
9681;7891023547367;GARRAFA TERMICA TERMOLAR LUMINA 1.8L;83,24;123,99;Ativo
9683;7891023529981;GARRAFA TERMICA TERMOLAR LUMINA PUMP 1L;72,28;107,99;Ativo
9825;7891023529998;GARRAFA TERMICA TERMOLAR LUMINA PUMP 500ML;67,82;99,99;Ativo
9682;7891023555805;GARRAFA TERMICA TERMOLAR LUMINA ROLHA 1L;55,31;82,99;Ativo
9975;7891023087009;GARRAFA TERMICA TERMOLAR MAGIC PUMP PRETA 1L;43,60;65,99;Ativo
9680;7891023545172;GARRAFA TERMICA TERMOLAR PRETO 1L;24,83;36,99;Ativo
9679;7891023074894;GARRAFA TERMICA TERMOLAR VERM 1L;24,83;36,99;Ativo
8405;7891691399749;GARRAFAO TER INVICTA VERMELHO 5L;25,81;36,49;Ativo
280;4433;GAS COPGAZ GLP 13KG;89,00;115,00;Ativo
337;6014;GAS NACIONAL  GLP 13KG;88,00;128,00;Ativo
2027;7892840808440;GATORADE MORAN/MARACU 500ML;4,59;6,99;Ativo
63;1186;GATORADE MORANGO/MARACUJÁ 500M;2,99;3,99;Ativo
8252;7892840822019;GATORADE S/BERRY BLUE 500ML;4,59;6,99;Ativo
1737;7892840808501;GATORADE SABOE UVA 500ML;4,59;6,99;Ativo
3253;7892840808013;GATORADE SABOR FRUTAS CITRICAS 500ML;4,59;6,99;Ativo
2126;7892840808471;GATORADE SABOR LARANJA 500ML;4,59;6,99;Ativo
2125;7892840808488;GATORADE SABOR LIMÃO 500ML;4,59;6,99;Ativo
2781;7892840808518;GATORADE SABOR MARACUJA 500ML;4,59;6,99;Ativo
3684;7892840819354;GATORADE SABOR MELANCIA 500ML;3,69;5,26;Ativo
2127;7892840808495;GATORADE SABOR TANGERINA 500ML;4,59;6,99;Ativo
8146;7892840820671;GATORADE ZERO LARANJA-LIMA 350ML;2,99;4,49;Ativo
6990;7892840820701;GATOREDE ZERO FRUTAS S 350ML;2,99;4,49;Ativo
8143;7898288821096;GEL ACENDEDOR TAKA FOGO 500G;5,38;8,99;Ativo
1339;7898937892217;GEL ADESIVO SANIT. MARINE 7G;0,00;3,50;Ativo
1338;7898937892224;GEL ADESIVO SANITÁRIO LIMÃO 7G;0,00;3,50;Ativo
9288;7898966937040;GEL CERA HIDRATANTE INFINITY 500G;10,00;14,99;Ativo
9641;7898966937033;GEL CERA INFINITY 300G;7,50;10,99;Ativo
5782;7898936760999;GEL CERA PIERRY LOHAN 250G;7,50;10,99;Ativo
5783;7898936760838;GEL CERA PIERRY LOHAN 250G;7,00;10,49;Ativo
9289;7898966937026;GEL COLA EXCLUSIVO INFINITY 500G;10,00;14,99;Ativo
6992;7898945433204;GEL COLA HARD FIX 500G;9,20;12,99;Ativo
8421;7896858632882;GEL COLA HARD HAIR EX FORTE 1KG;13,50;18,99;Ativo
8420;7896858632899;GEL COLA HARD HAIR EX FORTE 500G;9,20;12,99;Ativo
9642;7898966937002;GEL COLA INFINITY 300G;7,50;10,99;Ativo
6993;7898965137809;GEL COLA STREET BOY 300G;5,99;8,49;Ativo
6994;7898965137816;GEL COLA STREET BOY 500G;0,00;12,49;Ativo
5594;7891055394205;GEL DENTAL CONDOR BARBIE 50G;5,07;7,49;Ativo
2456;7891055538319;GEL DENTAL CONDOR HOTWHELLS 50;3,80;5,49;Ativo
4693;7891055538814;GEL DENTAL CONDOR SNOOPY 50G;3,66;5,49;Ativo
1247;7893694025311;GEL FIX KANECHOM 230G;0,00;3,99;Ativo
3036;7891350034844;GEL FIXADOR BOZZANO 300G;9,46;15,99;Ativo
3035;7891350034868;GEL FIXADOR BOZZANO 300G;10,69;15,99;Ativo
9133;7891350034851;GEL FIXADOR BOZZANO PTOTECAO SOLAR 300G;9,46;15,99;Ativo
1295;7898032681594;GEL LIMPADOR SNT. SAMPA CLEAN;0,00;4,99;Ativo
1112;7892840814540;ELMA CHIPS DORITOS TRAD. 140G;8,00;14,99;Ativo
1091;7892840814434;ELMA CHIPS DORITOS TRAD. 48G;0,00;3,99;Ativo
1111;7892840253349;ELMA CHIPS DORITOS TRAD. 96G;0,00;6,99;Ativo
1499;7892840814366;ELMA CHIPS FANDA. PRESUNTO 44G;0,00;1,99;Ativo
1500;7892840814373;ELMA CHIPS FANDA. QUEIJO 44G;0,00;1,99;Ativo
1114;7892840255947;ELMA CHIPS FANDANGOS 164G;0,00;6,99;Ativo
1105;7892840814083;ELMA CHIPS LAY´S CHEESE 50G;0,00;4,99;Ativo
1106;7892840814564;ELMA CHIPS LAY´S CLÁSSICA 86G;0,00;6,99;Ativo
1107;7892840814571;ELMA CHIPS LAY´S SOUR CR. 86G;0,00;6,99;Ativo
1123;7892840814779;ELMA CHIPS OVINHOS 80G;0,00;3,49;Ativo
1121;7892840814663;ELMA CHIPS PINGO DÓURO 48G;0,00;2,49;Ativo
1109;7892840254643;ELMA CHIPS RUFFLES C/S 96G;0,00;6,99;Ativo
1095;7892840814458;ELMA CHIPS RUFFLES CHURAS. 41G;0,00;2,99;Ativo
1110;7892840814465;ELMA CHIPS RUFFLES ORIG. 145G;11,15;14,99;Ativo
1108;7892840253547;ELMA CHIPS RUFFLES ORIG. 96G;0,00;6,99;Ativo
1096;7892840814410;ELMA CHIPS RUFFLES ORIGI. 41G;0,00;2,99;Ativo
1097;7892840815257;ELMA CHIPS RUFFLES QUEIJO 41G;0,00;2,99;Ativo
1094;7892840814441;ELMA CHIPS RUFFLES S/A 41G;0,00;2,99;Ativo
9643;7892840225810;ELMA CHIPS STAX ORIGINAL 163G;6,42;9,99;Ativo
1122;7892840814632;ELMA CHIPS STIKSY 48G;1,60;2,29;Ativo
501;7891164013998;EMBUTIDO DE LOMBO BEM LEVE AURORA KG;21,59;34,99;Ativo
1927;7894904500116;EMP.TEKITOS SEARA 300G;7,70;11,49;Ativo
400;7026;EMPADA DE FRANGO UN;3,30;4,99;Ativo
8114;7891164113513;EMPANADO AURORA CARNE DE PEITE 100G;1,71;2,79;Ativo
215;2681;EMPANADO DE QUEIJO GRANEL KG;17,00;23,99;Ativo
9514;4789116411080;EMPANADO RECHEADO AURORA 120G;3,42;4,99;Ativo
8877;7898080665362;ENERG BALY ABACAXI/HORT 473ML;3,82;5,49;Ativo
6775;7898080664396;ENERG BALY COCO E AÇAI 473ML;3,66;5,49;Ativo
6780;7898080665270;ENERG BALY COLA 473ML;4,69;6,79;Ativo
6778;7898080665294;ENERG BALY COLA COFFEE 473ML;3,99;5,79;Ativo
8878;7898080665539;ENERG BALY FREEGELLS CEREJA 473ML;3,60;5,49;Ativo
6774;7898080664587;ENERG BALY MAÇÃ VERDE 473ML;3,81;5,99;Ativo
8879;7898080664846;ENERG BALY MANGA 473ML;3,60;5,99;Ativo
6777;7898080664402;ENERG BALY MELANCIA 473ML;3,81;5,99;Ativo
6779;7898080665003;ENERG BALY MORANGO/PESSEGO 473ML;3,81;5,99;Ativo
6773;7898080663733;ENERG BALY ORIGINAL 473ML;3,81;5,99;Ativo
12454;7898080666161;ENERG BALY TADALA 2L;7,29;10,49;Ativo
6776;7898080664273;ENERG BALY TROPICAL 473ML;3,65;5,49;Ativo
7265;7898738660176;ENERG DOPAMINA MELANCIA ZERO 473ML;5,36;7,49;Ativo
12352;7898942055287;ENERG FURIOSO TROPICAL  473ML;2,99;4,99;Ativo
4476;815154021203;ENERG LT BURN 260ML;4,72;6,99;Ativo
7698;7897395002435;ENERG MANGA TNT 269ML;6,60;8,99;Ativo
7699;7897395002442;ENERG MANGA TNT 473ML;6,75;9,99;Ativo
11066;7898770420059;ENERG MONSTER 473ML THE DOCTOR;8,30;10,99;Ativo
10633;70847022527;ENERG MONSTER ABSOLUTELY ZERO 473ML;7,93;10,99;Ativo
7689;1220000250154;ENERG MONSTER KHAOTIC 473ML;6,99;10,99;Ativo
7542;70847034803;ENERG MONSTER LEMON 473ML;5,99;8,99;Ativo
2042;70847033318;ENERG MONSTER MANGO LOCO 473ML;7,93;10,99;Ativo
2037;70847022503;ENERG MONSTER ORIGINAL 473ML;6,99;10,99;Ativo
4666;1220000250031;ENERG MONSTER PACIFIC PUNCH 473ML;7,70;10,99;Ativo
7541;1220000250406;ENERG MONSTER PEACH 473ML;5,99;8,99;Ativo
6913;7898938890052;ENERG MONSTER PIPELLINE 473ML;7,49;10,99;Ativo
7296;7898938890083;ENERG MONSTER ZERO 473ML;6,99;10,99;Ativo
7033;9002490209346;ENERG RED BULL 355ML;7,99;11,99;Ativo
9853;9002490214166;ENERG RED BULL 473 ML;11,08;17,99;Ativo
12265;9002490290450;ENERG RED BULL MACA 250ML;8,49;9,99;Ativo
12320;7899914200476;ENERG VIBE LT 473ML;3,49;5,99;Ativo
10776;7899914200537;ENERG VIBE MACA VER 2L;6,83;9,99;Ativo
2584;859569007315;ENERG VIBE SUMMER MIX 269ML;3,99;3,99;Ativo
6464;7898080664563;ENERG. BALY MAÇÃ VERDE 2L;7,29;10,99;Ativo
5738;9002490240875;ENERG. RED BULL COCO 250ML;6,49;9,99;Ativo
5875;7898080664211;ENERG.BALY CRANBERRY 2L;7,99;11,99;Ativo
5802;7898080664389;ENERG.BALY MELANCIA 2L;7,29;10,99;Ativo
9565;7898080662668;ENERG.BALY TRADICIONAL 2L;7,06;10,49;Ativo
5530;7898080664112;ENERG.BALY TROPICAL 2L;7,06;10,49;Ativo
5120;7898942055263;ENERG.FURIOSO MELÃO E MAÇÃ 250ML;1,99;2,99;Ativo
5119;7898942055232;ENERG.FURIOSO TROPICAL 250ML;1,70;2,99;Ativo
5312;7891991298551;ENERG.FUSION LOUD 500ML;2,99;4,99;Ativo
3701;7898099395540;ENERG.HIGT ENERGY 473ML;3,84;5,99;Ativo
4235;9002490235192;ENERG.RED BULL AÇAI 250ML;6,30;8,99;Ativo
4236;9002490250270;ENERG.RED BULL PITAYA 250ML;6,49;9,99;Ativo
12256;9002490283056;ENERG.RED BULL ZERO 250ML;4,73;9,99;Ativo
9037;7897395002534;ENERG.TNT MAÇA VERDE 269ML;6,58;8,99;Ativo
2028;654887000402;ENERG.VIBE LATA 269ML;2,99;4,19;Ativo
4477;815154021104;ENERGETICO BURN 1L;8,78;12,99;Ativo
10943;7898942054099;ENERGÉTICO FURIOSO 473ML;2,98;4,49;Ativo
4828;7898942054082;ENERGETICO FURIOSO ACAI 2L;5,75;7,99;Ativo
12132;7898942055270;ENERGETICO FURIOSO MELON E GREEN APPLE LT 473ML;2,99;4,99;Ativo
4827;7898942053306;ENERGETICO FURIOSO TRAD. 2L;5,75;7,99;Ativo
2583;7897395002206;ENERGETICO TNT 269ML;6,52;8,99;Ativo
6546;7897395099565;ENERGETICO TNT AÇAI 269ML;4,79;6,79;Ativo
6549;7898377662029;ENERGETICO TNT AÇAI 473ML;5,95;8,49;Ativo
6689;7897395033002;ENERGETICO TNT MAÇA VERDE 269ML;4,78;6,79;Ativo
6548;7898377662050;ENERGETICO TNT MAÇA VERDE 473ML;5,77;8,49;Ativo
6547;7897395002213;ENERGETICO TNT ORI 473ML;5,95;8,49;Ativo
6688;7897395033057;ENERGETICO TNT TANGERINA 269ML;4,78;6,79;Ativo
6687;7898377662081;ENERGETICO TNT TANGERINA 473ML;5,95;8,49;Ativo
6545;7897395031657;ENERGETICO TNT ZERO 269ML;4,74;6,99;Ativo
1844;7898049480494;ENERGÉTICO VIBE 2L;6,89;9,99;Ativo
2700;7898080664372;ENERGY BALY 250 ML;2,01;3,49;Ativo
9912;7898080664570;ENERGY BALY MACA VERDE 250ML;2,01;3,49;Ativo
9648;7898080664839;ENERGY BALY MELANCIA S/ACUCAR 473ML;3,82;5,49;Ativo
6877;7898080665010;ENERGY BALY MORANGO/PESSEGO 2L;7,29;10,99;Ativo
9647;7898080664662;ENERGY BALY TRAD S/ACUCAR 473ML;3,82;5,49;Ativo
10025;7898080662262;ENERGY BALY TRADICIONAL 250ML;2,01;3,49;Ativo
10531;7898080665911;ENERGY DRINK BALY CAIPIRINHA 250ML;2,99;4,49;Ativo
10529;7898080665928;ENERGY DRINK BALY FLORIPA TROPICAL 250ML;2,99;4,49;Ativo
10530;7898080665782;ENERGY DRINK BALY MUSCLE PROTEIN 250ML;6,00;8,99;Ativo
9173;7898080665805;ENERGY DRINK FURIOSO CHAMPANHE 269ML;2,49;3,49;Ativo
9171;7898942054549;ENERGY DRINK FURIOSO MACA 269ML;1,99;2,99;Ativo
9172;7898942054532;ENERGY DRINK FURIOSO MELANCIA 269ML;1,99;2,99;Ativo
9170;7898942054556;ENERGY DRINK FURIOSO TROPICAL 269ML;1,99;2,99;Ativo
8255;7891991306355;ENERGY DRINK FUSION MELANCIA 473ML;4,14;6,49;Ativo
8254;7891991305655;ENERGY DRINK FUSION ORIGINAL 473ML;4,14;6,49;Ativo
8253;7891991306379;ENERGY DRINK FUSION TROPICAL 473ML;4,14;6,49;Ativo
2779;751320388858;ENERGY DRINK RED NOSE 2L;4,82;6,99;Ativo
7845;7899914200629;ENERGY DRINK VIBE 2L;6,39;9,99;Ativo
2586;7898942053320;ENERGY FURIOSO 250 ML;1,93;2,99;Ativo
4654;7898942053993;ENERGY FURIOSO ACAI 250ML;1,79;2,99;Ativo
4621;7898942055751;ENERGY FURIOSO MANGA 250 ML;2,00;2,99;Ativo
4655;7898942055249;ENERGY FURIOSO MELANCIA 250ML;1,79;2,99;Ativo
2708;7898915949421;ENERGY LIFE STRONG ZERO 269ML;4,10;5,99;Ativo
7139;7897395002022;ENERGY MAGNETO FRUTAS TROP 2L;8,63;11,99;Ativo
9751;7897395002046;ENERGY MAGNETO MELANCIA 2L;7,64;10,99;Ativo
2991;70847022220;ENERGY MONSTER 473ML;6,99;10,99;Ativo
4667;70847022305;ENERGY MONSTER ABSOLUTELY 473ML;6,73;7,99;Ativo
9337;70847033318;ENERGY MONSTER FIESTE MANGO 473ML;6,99;10,99;Ativo
9925;70847022022;ENERGY MONSTER JUICE KHAOS 473ML;6,73;7,99;Ativo
4619;1220000250000;ENERGY MONSTER PARADISE 473ML;7,93;10,99;Ativo
3718;70847033936;ENERGY MONSTER VIOLET 473ML;8,30;10,99;Ativo
5914;70847000914;ENERGY MONSTER WALTERMELON 473ML;6,99;10,99;Ativo
2587;7908026900867;ENERGY ONE TROPI 290 ML;1,99;1,99;Ativo
7011;9002490100070;ENERGY RE BULL 250ML;6,59;9,99;Ativo
8034;9002490258825;ENERGY RED BULL S/MORANGO PESSEGO 250ML;6,79;9,99;Ativo
8035;9002490225094;ENERGY RED BULL SEM ACUCAR 250ML;7,09;9,99;Ativo
7554;751320388841;ENERGY RED NOSE 290ML;1,91;3,29;Ativo
9338;7897395002527;ENERGY TNT ACAI GUARANA 269ML;6,58;8,99;Ativo
7403;7898377662241;ENERGY TNT FOCUS 473ML;5,95;8,49;Ativo
7635;7897395000363;ENERGY TNT FOCUS 473ML;5,95;8,49;Ativo
9339;7897395002541;ENERGY TNT TENGERINA 269ML;6,58;8,99;Ativo
4775;859569007414;ENERGY VIBE S.MELANCIA 2L;6,29;9,99;Ativo
4727;859569007407;ENERGY VIBE TROPICAL 2L;6,29;9,99;Ativo
7069;7649994667016;ENERGY VRAUU ORI 250ML;3,29;3,49;Ativo
8546;7649994667368;ENERGY VRAUU S/MELANCIA 250ML;1,99;3,49;Ativo
8547;7649994667306;ENERGY VRAUU S/SUGAR FREE 250ML;1,99;3,49;Ativo
8548;7649994667337;ENERGY VRAUU S/TROPICAL 250ML;1,99;3,49;Ativo
7754;7896311771592;ENERY DRINK BOOSTER 269ML;6,99;9,99;Ativo
3432;7896094921351;ENGOV AFTER BERRY VIBES 250ML;4,99;7,49;Ativo
10439;7896094931664;ENGOV AFTER S/PINK LEMONADE 250ML;6,36;9,49;Ativo
3433;7896094919709;ENGOV AFTER SABOR TANGERINA 250ML;6,36;9,49;Ativo
176;2246;ENROLADINHO DE SALSICHA KG;15,94;24,99;Ativo
9228;7891010256753;ENX BUCAL LISTERINE HORTELA 500ML;15,11;22,99;Ativo
7242;7896714292946;ENX CEPACOL MENTA ICE 250ML;4,05;6,49;Ativo
7243;7896714292915;ENX CEPACOL MENTA ICE 500ML;9,99;14,99;Ativo
8437;7891024040690;ENX COLGATE ICEFUSION 500ML;12,89;18,99;Ativo
9577;7891024131459;ENX COLGATE PLAX CLASSIC 500ML;12,30;18,99;Ativo
8997;7509546679532;ENX COLGATE PLAZ ODOR CONTROL 500ML;11,99;17,99;Ativo
6344;7896714275420;ENX.BUCAL CEPACOL MENTA FUSION 250ML;6,85;9,99;Ativo
6343;7896714275413;ENX.BUCAL CEPACOL MENTA INTENSE 250ML;6,94;9,99;Ativo
6345;7896714275437;ENX.BUCAL CEPACOL MENTA PROTECT 250ML;6,94;10,99;Ativo
5460;7891058011413;ENX.BUCAL CEPACOL MENTA.250ML;7,10;9,99;Ativo
6954;7896714292939;ENX.BUCAL CEPACOL P500ML G250ML;12,59;18,49;Ativo
5593;7891058011369;ENX.BUCAL CEPACOL TUTTI FRUT .250ML;7,10;9,99;Ativo
5269;7891024029886;ENX.BUCAL COLG. PLAX FRESH MINT.250ML;7,78;14,49;Ativo
5716;7891024131183;ENX.BUCAL COLG. PLAX FRESH MINT.500ML;13,34;18,99;Ativo
6955;7509546679525;ENX.BUCAL COLGATE MENTA ODOR CONTROL 250ML;7,43;10,99;Ativo
9208;7896714275468;ENXAG CEPACOL MENTA FUSION 500ML;9,87;14,49;Ativo
11073;7896498524905;ENXUGA TUDO GRANDE (PANO PVA);28,99;39,99;Ativo
1518;7897457628962;ERVA CIDREIRA BAMBU 15G;0,90;1,79;Ativo
5397;7896067000083;ERVA DOCA CORDEIRO 20G;2,49;3,99;Ativo
1512;7897457620720;ERVA DOCE BAMBU 10G;0,90;1,79;Ativo
930;7898905153289;ERVILHA BONARE 300G;0,00;1,49;Ativo
2869;7899659900792;ERVILHA BONARE ENLATADA 280G;2,65;3,99;Ativo
3065;7894904574230;ERVILHA CONGELADA SEARA 300G;3,45;4,99;Ativo
10809;7891032012351;ERVILHA COPO OLE 200 G;3,21;4,99;Ativo
931;7896102501407;ERVILHA E CENORA QUERO 280G;0,00;1,99;Ativo
4877;7896102500622;ERVILHA E CENOURA QUERO 280G;4,38;6,49;Ativo
929;7898905153036;ERVILHA E MILHO BONARE 300G;0,00;1,49;Ativo
928;7896102501308;ERVILHA E MILHO QUERO 280G;0,00;1,49;Ativo
61;1167;ERVILHA E MILHO QUERO 280G;2,99;2,99;Ativo
1720;7896102500448;ERVILHA E MILHO QUERO 280G;3,24;4,69;Ativo
927;7896292313729;ERVILHA E MILHO SÓ FRUTA 300G;0,00;0,99;Ativo
3159;7891032013402;ERVILHA E MILHO VERDE OLE VD 170G;3,16;4,49;Ativo
10154;7897517209650;ERVILHA FUGINI SACHE 170G;2,61;3,99;Ativo
7239;7896116900920;ERVILHA KICALDO 500G;10,98;15,99;Ativo
12141;3789103201220;ERVILHA OLE 280G;2,39;3,79;Ativo
3573;7896102500493;ERVILHA QUERO 170G LT;3,49;4,99;Ativo
1886;7896292340541;ERVILHAS.CONSERVA PRED 170G;3,41;4,79;Ativo
9676;7506339358247;ESC CLEAN COMPLETE ORAL-B 2UN;12,09;16,99;Ativo
9578;7509546688091;ESC COLGATE FRESH MEDIA 2UN;8,64;12,99;Ativo
9872;7891024073070;ESC COLGATE SLIM 1 UNIDADE;6,59;9,99;Ativo
3937;7891024186244;ESC COLGATE TWISTER LOVE 2 UNID;8,67;19,99;Ativo
7879;7891055324097;ESC CONDOR BLACK;1,69;2,49;Ativo
9071;7891055380123;ESC CONDOR DURA 1UN;1,68;2,49;Ativo
5939;7891055804698;ESC CONDOR FLEX 2UN;5,04;8,49;Ativo
9675;7891055815601;ESC CONDOR MACIA MARVEL 2UN;6,38;9,49;Ativo
9502;7898575563487;ESC DENTAL BIO MEDIA;1,50;2,49;Ativo
5578;7891055816042;ESC DENTAL CONDOR BARBIE 2UN;6,16;9,49;Ativo
7591;7891055317303;ESC DENTAL CONDOR DINO 1UN;1,55;3,49;Ativo
5579;7891055815403;ESC DENTAL CONDOR HOTWHEELS 2UN;7,34;10,99;Ativo
10663;7897534850439;ESC DENTAL DENTIL INF CARROS;3,62;5,99;Ativo
7396;7899454441797;ESC DENTAL LIMPIUS KIDS MACIA;1,54;2,99;Ativo
7398;7899454445580;ESC DENTAL LIMPIUS MACIA;1,54;2,99;Ativo
8051;7899454445603;ESC DENTAL LIMPIUS MEDIA;1,54;2,49;Ativo
7397;7899454441834;ESC DENTAL LIMPIUS MEDIA;1,54;2,99;Ativo
5580;7500435171083;ESC DENTAL ORAL-B CARVÃO 2UN;19,18;26,99;Ativo
4608;7891528016498;ESC DENTAL SORRISO MACIA;2,87;4,49;Ativo
8824;7891055815205;ESC DENTE CONDOR PLUS 4UN;4,73;6,99;Ativo
8825;7891055805701;ESC DENTE CONDOR PLUS MACIA;1,58;2,49;Ativo
12350;7898711710072;ESC DENTIL SLIMSHINE MACIA C/3;3,78;6,49;Ativo
10666;7898711710973;ESC DENTIL URSINHO;2,19;3,99;Ativo
10130;7898711711062;ESC KIDS MEU AMIGO DRAGAO;2,67;4,49;Ativo
3935;7891024037812;ESC MINIONS+CREME DENT COLGATE KIDS;15,64;23,49;Ativo
9072;7500435134415;ESC ORAL B PRO 1UN;2,60;3,99;Ativo
9677;7500435171243;ESC SENSITIVE ORAL-B 2UN+FIO;16,74;24,99;Ativo
3936;7891024008799;ESC TANDY COLGATE 2 UNID;7,96;11,99;Ativo
98;1659;ESCAROLA UNIDADE;2,00;2,99;Ativo
8197;7896216102156;ESCONDIDINHO DE CARNE MEZZANI 350G;9,67;13,99;Ativo
9314;7894904575848;ESCONDIDINHO DE CARNE MOIDA SEARA 600G;15,77;22,99;Ativo
4651;7898920552043;ESCOVA  ANATOMICA CADA;2,79;4,25;Ativo
4432;7898908237115;ESCOVA + PENTE INFANTIL;6,40;9,99;Ativo
9039;7898575561681;ESCOVA BIO MEDIA 1UN;1,50;2,49;Ativo
12175;7891055520017;ESCOVA BOM BANHO CONDOR;23,98;34,99;Ativo
5068;7896818242373;ESCOVA CACHEADO POLVO;10,99;17,49;Ativo
2631;7891024026434;ESCOVA CLASSIC CLEAN C/3;8,29;12,99;Ativo
11076;7898920552203;ESCOVA CLIP P/UNHAS;1,99;3,99;Ativo
4308;7793100151224;ESCOVA COLGATE RABBIT INF;5,57;7,99;Ativo
5810;7891055111604;ESCOVA CONDOR MADEIRA;2,69;4,49;Ativo
6904;602883876941;ESCOVA COSMIC MACIA BIO;1,50;2,25;Ativo
6455;7898165301314;ESCOVA DE LAVAR PLASTICO;2,34;3,99;Ativo
9971;7896699024167;ESCOVA DE LIMPEZA P/MAMADEIRA E BICO LOLLY AZUL;15,99;24,99;Ativo
9970;7896699024174;ESCOVA DE LIMPEZA P/MAMADEIRA E BICO LOLLY BRANCO;15,99;24,99;Ativo
9972;7896699024181;ESCOVA DE LIMPEZA P/MAMADEIRA E BICO LOLLY ROSA;15,99;24,99;Ativo
7084;7898909770031;ESCOVA DE MADEIRA C/CABO;4,44;6,99;Ativo
4384;7898908237139;ESCOVA DE MAMAD.MURANO;0,00;12,29;Ativo
9221;7891055525104;ESCOVA DE SAPATOS CONDOR;6,59;9,49;Ativo
134;1898;ESCOVA DENT. CONDOR MÉDIA UNID;1,95;2,99;Ativo
3525;602883876927;ESCOVA DENTAL ADULTO BIO ORAL;1,49;2,99;Ativo
3538;602883876897;ESCOVA DENTAL ADULTO BIO ORAL MACIA;1,50;2,99;Ativo
3537;602883877016;ESCOVA DENTAL ADULTO BIO ORAL MÉDIA;1,50;2,25;Ativo
8428;7898575561438;ESCOVA DENTAL BIO MACIA;1,50;2,49;Ativo
8429;7898575561865;ESCOVA DENTAL BIO MEDIA;1,50;2,49;Ativo
1618;7898575562824;ESCOVA DENTAL BIO ORAL MACIA;1,30;2,25;Ativo
3171;7891024184608;ESCOVA DENTAL CLASSIC CLEAN;4,20;5,99;Ativo
6254;7501033205293;ESCOVA DENTAL COLGATE SUAVE 1UN;3,01;5,99;Ativo
6255;7509546673042;ESCOVA DENTAL COLGATE ZIGZAG 2UN;8,57;12,99;Ativo
7340;7509546702087;ESCOVA DENTAL COLGATE ZIGZAG MACIA;3,55;6,99;Ativo
2502;7891055323519;ESCOVA DENTAL CONDOR;2,95;2,99;Ativo
6256;7891055803004;ESCOVA DENTAL CONDOR KIT FAMILIA;1,99;2,99;Ativo
4359;7891055803509;ESCOVA DENTAL CONDOR L2 P 1;3,38;4,99;Ativo
3895;7891055337318;ESCOVA DENTAL CONDOR MÉDIA;2,02;2,99;Ativo
1205;7899793400363;ESCOVA DENTAL DENTIL KIDS;0,00;1,99;Ativo
9275;7898575561537;ESCOVA DENTAL DURA BIO;1,50;2,49;Ativo
4252;602883876965;ESCOVA DENTAL INFANTIL;1,49;2,49;Ativo
3539;602883876972;ESCOVA DENTAL INFANTIL BIO;1,50;3,49;Ativo
5081;602883876989;ESCOVA DENTAL KIDS BIO ORAL;1,50;2,25;Ativo
6489;7899454441858;ESCOVA DENTAL LIMPIUS MAX MACIA;1,49;2,25;Ativo
1203;7898634473511;ESCOVA DENTAL MACIA B POTENZIA;0,00;2,99;Ativo
1206;7899454429894;ESCOVA DENTAL MACIA DENTEEX;0,00;1,99;Ativo
9276;7898575563579;ESCOVA DENTAL MEDIA BIO;1,50;2,49;Ativo
4819;602883877009;ESCOVA DENTAL MEDIA BIO;1,50;2,25;Ativo
1204;7897040589038;ESCOVA DENTAL MEDIA SEGMA;0,00;2,99;Ativo
5124;7891528016511;ESCOVA DENTAL SORRISO DURA;2,87;4,49;Ativo
3867;7891528016504;ESCOVA DENTAL SORRISO MÉDIA;2,87;4,49;Ativo
3896;7891528012582;ESCOVA DENTAL SORRISO TRIPLA 123 MACIA;9,03;13,99;Ativo
2253;7891024024386;ESCOVA DENTÁRIA COLGATE 1UN;3,60;5,99;Ativo
10664;7897534850422;ESCOVA DENTIL KIDS CINDERELA;3,62;5,99;Ativo
10031;7897788813310;ESCOVA ESFREGONA C/ALCA;3,70;5,49;Ativo
5069;7896818242359;ESCOVA FUNCIONAL MARILU;7,99;12,99;Ativo
8156;7898934930738;ESCOVA INFANTIL MASHA E O URSO;5,00;6,99;Ativo
8157;7898934930745;ESCOVA INFANTIL POCOYO;5,00;6,99;Ativo
4260;7898909770116;ESCOVA LAVADEIRA OVAL MADEIRA;2,05;2,99;Ativo
5260;7898165301307;ESCOVA LAVADEIRA OVAL MADEIRA UNID.;2,34;3,99;Ativo
5259;7898951534704;ESCOVA LAVADEIRA OVAL PLASTICA;3,55;4,99;Ativo
4259;7898909770024;ESCOVA LAVADEIRA OVAL PLÁSTICO;3,90;5,49;Ativo
9965;7898908237047;ESCOVA LIMPEZA P/MAMADEIRA MURANO 2UNID.;8,90;14,99;Ativo
8430;7898575563548;ESCOVA MACIA BIO C/3;9,98;13,99;Ativo
4818;7896818201127;ESCOVA MAFE MARILU;2,89;4,49;Ativo
3790;7896818201141;ESCOVA MARIANA;2,50;3,99;Ativo
4358;3014260833176;ESCOVA ORAL-B 1.2.3;4,38;6,49;Ativo
4357;7500435014359;ESCOVA ORAL-B L3 P2;8,38;11,99;Ativo
9790;7897788813174;ESCOVA OVAL MADEIRA;2,99;5,99;Ativo
9856;7898929403186;ESCOVA OVAL MADEIRA;2,69;4,49;Ativo
8168;7898909770017;ESCOVA OVAL NOVO HORIZONTE;2,60;3,99;Ativo
1312;7890091508256;ESCOVA OVAL PLAST.;0,00;3,00;Ativo
9918;7897788813242;ESCOVA OVAL PLASTICO;3,30;4,99;Ativo
6560;7898311540598;ESCOVA SANITARIA BRUBA LAR;5,69;7,99;Ativo
10638;7898927066246;ESCOVA SANITARIA COM POTE;5,69;8,99;Ativo
7299;7891528112534;ESCOVA TRIPLA SORRISO MACIA;4,43;6,49;Ativo
289;7896072641707;ESFIHA ABERTA UN;2,42;6,49;Ativo
147;1961;ESFIHA ABERTA UNIDADE;3,50;6,99;Ativo
148;1962;ESFIHA FECHADA UNIDADE;2,15;4,99;Ativo
151;1984;ESFIHA GRANDE;0,00;2,99;Ativo
2200;7898636191079;ESFOLIANTE ASEPXIA SAB 100ML;13,87;19,99;Ativo
9860;7898311540130;ESFREGAO PLASTICO;7,39;10,99;Ativo
5194;7896111995303;ESM.IMPALA ADMIRE CREMOSO 7.5ML;2,49;3,99;Ativo
5188;7896111995143;ESM.IMPALA ALGO ME DIZ CREM 7.5ML;2,49;3,99;Ativo
5191;7896111913796;ESM.IMPALA BASE SEDA TRAT. 7.5ML;2,49;3,99;Ativo
5185;7896111913383;ESM.IMPALA BRANCO CREMOSO 7.5ML;2,49;3,99;Ativo
5190;7896111945735;ESM.IMPALA CAFE CAFE CREM 7.5ML;2,49;3,99;Ativo
5186;7896111995181;ESM.IMPALA DESCOMPLICADO CREM 7.5ML;2,49;3,99;Ativo
5189;7896111995341;ESM.IMPALA FLORESÇA CREM 7.5ML;2,49;3,99;Ativo
5187;7896111930670;ESM.IMPALA PARAISO PEROLADO 7.5ML;2,49;3,99;Ativo
5193;7896111913475;ESM.IMPALA PRETO CREMOSO 7.5ML;2,49;3,99;Ativo
5184;7896111941386;ESM.IMPALA SONHO PEROLADO 7.5ML;2,49;3,99;Ativo
5192;7896111995068;ESM.IMPALA TEU CHEIRO CREM 7.5ML;2,49;3,99;Ativo
4843;7908083512164;ESM.NATI CAFÉ 8ML;2,84;3,99;Ativo
4846;7908083512287;ESM.NATI INC.ROSA 8ML;2,84;3,99;Ativo
4844;7908083512188;ESM.NATI NOITE 8ML;2,84;3,99;Ativo
4847;7908083513260;ESM.NATI NUDE DIVINO 8ML;2,84;3,99;Ativo
4845;7908083512928;ESM.NATI PRIM.BEIJO 8ML;2,84;3,99;Ativo
1190;7898374662848;ESP. DE BARB SKIN SORTIE 150ML;0,00;3,49;Ativo
8365;7891800364798;ESPARADRAPO CREMER;3,75;5,49;Ativo
631;7897457620188;ESPEC. ANA MARIA BAMBU 20G;0,90;1,79;Ativo
7910;7896279200240;ESPETINHO PARA CHURRASCO GABOARDI 50UN;2,57;3,99;Ativo
10605;7896067003114;ESPETO BAMBU CORDEIRO C/40UN;3,52;5,49;Ativo
8800;7896007902170;ESPETO CHURRASCO BAMBU;3,11;4,49;Ativo
1133;7897772600025;ESPETO DE BAMBU MAGRÃO C/30 UN;0,00;1,99;Ativo
10147;7896051030423;ESPETO GINA P/CHURRASCO C/100;6,42;9,99;Ativo
5404;7898946757293;ESPETOS DE BAMBU TALGE C/50;2,80;3,99;Ativo
5041;7896080900629;ESPETOS PARANA BAMBU 50UN;2,91;4,49;Ativo
310;5454;ESPIGA DE MILHO CADA;0,50;0,99;Ativo
3987;7891176117585;ESPIRAIS BOA NOITE C/8;3,20;4,99;Ativo
3680;7896582100053;ESPIRAIS REFEL PIRISA C/10UN;2,49;5,49;Ativo
1299;7891022101003;ESPOJA DE AÇO BOM BRIL 8UN 60G;1,89;2,99;Ativo
1303;7897750783665;ESPOJA MULT. BRILHEX LV4 PG3;0,00;2,99;Ativo
1302;7897750778692;ESPOJA MULT. BRILHEX UNITÁRIA;0,00;0,99;Ativo
1305;7896001045149;ESPOJA MULT. BRILHUS LV4 PG3;0,00;3,49;Ativo
1304;7891055785300;ESPOJA MULT. CONDOR LV4 PG3;2,89;3,99;Ativo
12253;7896090100071;ESPONJA ASSOLAN C/4UN;2,91;4,99;Ativo
5387;7896090100064;ESPONJA ASSONLAN C/3UN;2,20;3,99;Ativo
9227;7891022100938;ESPONJA BOMBRIL MULTIUSO 1UN;1,50;2,29;Ativo
5045;7896001004511;ESPONJA BRILHUS CADA;0,61;0,99;Ativo
3250;7897750779514;ESPONJA DE AÇO ALKIN C/6 60G;1,19;1,99;Ativo
8502;7896090100118;ESPONJA DE ACO ASSOLAN 45G;1,29;2,49;Ativo
4873;7896090100101;ESPONJA DE AÇO ASSOLAN 8UN 45G;1,25;2,49;Ativo
2535;7896090122707;ESPONJA DE AÇO ASSOLAN 8UN 60G;1,61;2,49;Ativo
5775;7908099201595;ESPONJA DE ACO ESPONFLORA 1UN;1,00;1,99;Ativo
7365;7898032680894;ESPONJA DE ACO INOXIDAVEL SAMPA 10G;1,95;2,99;Ativo
7311;7891022865004;ESPONJA DE ACO LUSTRO 40G;1,07;1,99;Ativo
5281;7891022850031;ESPONJA DE AÇO LUSTRO 8UN 60G;1,59;2,49;Ativo
1301;7891040112968;ESPONJA DE AÇO SCOTCH BRITE;0,00;4,99;Ativo
5812;7898917588116;ESPONJA DE ACO VEGA 25G;1,39;2,19;Ativo
4058;7896001004504;ESPONJA ESFREBOM CADA;1,40;2,25;Ativo
4256;7898909771489;ESPONJA ESPONFLORA;0,65;1,19;Ativo
6568;7908099201366;ESPONJA ESPONFLORA C/3UN;1,49;2,99;Ativo
9924;7898994333715;ESPONJA FILINOX MULTIUSO;1,95;2,99;Ativo
5612;7897753601409;ESPONJA INOX LIMPEZA PESADA FLASH;3,29;4,99;Ativo
4696;7896001044517;ESPONJA JEITOSA;0,40;0,79;Ativo
4874;7896090105007;ESPONJA LIMP.PERTUTO ASSOLAN;0,81;1,49;Ativo
9357;7898925434108;ESPONJA LIMPUSS MULTIUSO C/6;1,49;2,49;Ativo
7085;7908099201649;ESPONJA MAGICA ASPONFLORA;3,30;4,99;Ativo
4820;7898909772264;ESPONJA MAIS BANHO;1,05;2,99;Ativo
6901;7908099200260;ESPONJA MAIS BANHO ADULTO;1,25;1,79;Ativo
6569;7897750783641;ESPONJA MULTIUSO;0,74;1,15;Ativo
5606;7897750771778;ESPONJA MULTIUSO ALKLIN;0,79;1,29;Ativo
9209;7891055792902;ESPONJA MULTIUSO CONDOR;0,89;1,49;Ativo
10312;7896021626915;ESPONJA MULTIUSO SUPER WISH EMBALAGEM ECONOMICA COM 4 UNIDAD;1,89;3,99;Ativo
1196;7898546726163;ESPONJA P/ BANHO CORPUS;0,00;3,99;Ativo
1197;7898930467610;ESPONJA P/ BANHO MAXXIMO;0,00;3,49;Ativo
5611;7897753601416;ESPONJA POLIESTER FLASH LIMP;3,29;4,99;Ativo
1195;7891040001187;ESPONJA PONJITA 3M;0,00;2,99;Ativo
1194;7896021622900;ESPONJA PÓRUS BANHO LIMPPANO;0,00;2,99;Ativo
4445;7891040001057;ESPONJA SCOTCH BRITE 1UN;1,37;2,49;Ativo
10026;7891040121885;ESPONJA SCOTCH BRITE 1UNI;7,55;10,99;Ativo
9576;7891040028931;ESPONJA SCOTCH BRITE 3M;3,90;5,99;Ativo
5609;7891040347261;ESPONJA SCOTCH BRITE 3M;1,49;2,29;Ativo
4057;7891040299614;ESPONJA SCOTCH BRITE C/4;3,64;6,79;Ativo
8385;7891040142712;ESPONJA SCOTCH BRITE LIMPA S/ RISCAR;3,19;4,49;Ativo
9764;7896314707871;ESPONJA VIP 1UN;1,00;1,49;Ativo
8905;7896021620050;ESPONJA WISH;0,59;0,99;Ativo
7819;7896098904800;ESPONJA YPE NAO RISCA 1UN;1,79;2,49;Ativo
8169;7898356981165;ESPOPNJA VEGETAL KI LEGAL;3,50;4,99;Ativo
12385;7898472257731;ESPUMA EXPANSIVA TEK BONB 300ML;14,90;21,99;Ativo
7675;7899674038869;ESPUMA P/BARBEAR ABOVE 150ML;8,52;12,99;Ativo
8761;7891141033254;ESPUMANTE 0.0 ALCOOL AURORA 750ML;43,32;60,99;Ativo
8762;7891141028830;ESPUMANTE BRUT 750ML;43,32;60,99;Ativo
8759;7891141033117;ESPUMANTE BRUT ROSE AURORA 750ML;43,32;60,99;Ativo
2714;7896072922356;ESPUMANTE CERESER MAÇA 660ML;11,90;17,99;Ativo
2715;7896072911251;ESPUMANTE CHUVA DE PRATA DOCE MOMENTO 660ML;14,09;19,99;Ativo
3664;7896072903805;ESPUMANTE LIGA DA JUSTIÇA 660ML;13,59;19,99;Ativo
8760;7891141024917;ESPUMANTE MOSCATEL ROSE AURORA 750ML;43,32;60,99;Ativo
2370;7896267774074;ESPUMANTE SAN MARTIN 660ML;14,90;19,99;Ativo
10710;7898280620512;ESPUMANTE SIDRA PULLMAN 660ML;8,54;12,99;Ativo
10261;8412766129925;ESQUIERO CLIPPER PEQ;2,35;3,99;Ativo
1987;78905115;ESSENCIA BAUNILHA CEPERA 30ML;6,55;9,49;Ativo
8246;7897744502449;ESSENCIA COALA ALECRIM 120ML;7,99;11,99;Ativo
8247;7897744502432;ESSENCIA COALA BAMBU 120ML;7,99;11,99;Ativo
7449;7897744502166;ESSENCIA COALA CAPIM LIMAO 120ML;8,59;11,99;Ativo
6957;7897744502104;ESSENCIA COALA CITRONELA 120ML;9,85;13,99;Ativo
7514;7897744502159;ESSENCIA COALA CRAVO E CANELA 120ML;7,99;11,99;Ativo
7459;7897744502128;ESSENCIA COALA EUCALIPTO 120ML;8,59;11,99;Ativo
7592;7897744502227;ESSENCIA COALA LAVANDA 120ML;8,30;11,99;Ativo
5225;7896221512131;ESSENCIA UBON EUCALIPTO 140ML;8,99;12,99;Ativo
5226;7896221512636;ESSENCIA UBON LAVANDA 140ML;8,99;12,99;Ativo
8876;7898416525094;ESSENCIAS BAUNILHA 30ML;2,21;3,49;Ativo
9964;7898557241839;ESTOJO MULTIUSO MURANO C/GLITER;6,00;9,99;Ativo
10205;7898938890120;ETERNIZE COLOR - 0.44 MIX LARANJA;7,99;10,99;Ativo
9532;7898392800161;EXPOSIS EXTREME SCJOHNSON 100ML;30,00;49,90;Ativo
2822;7896036099117;EXT TOMATE ELEFANTE 310G;4,89;7,49;Ativo
1679;7896036095041;EXT.DE TOMATE ELEFANTE 130G;3,35;4,79;Ativo
5769;7898969329088;EXTENSAO PL-3M E SAIDAS;11,80;17,99;Ativo
9946;7891032015505;EXTRAT DE TOMATE OLÉ TR 190G;2,59;3,99;Ativo
883;7896102502657;EXTRAT DE TOMATE QUERO TR 340G;1,19;1,19;Ativo
6319;7896036000717;EXTRATO DE TOMATE ELEFANTE 300G;4,99;7,99;Ativo
2971;7896036098639;EXTRATO DE TOMATE ELEFANTE 340G;3,49;5,99;Ativo
886;7891032015604;EXTRATO DE TOMATE OLÉ 260G;3,19;4,49;Ativo
9222;7891032015550;EXTRATO DE TOMATE OLE DECORADO 190G;3,89;5,79;Ativo
9223;7896292303140;EXTRATO DE TOMATE PREDILECTA 140G;1,57;2,29;Ativo
12275;7896292300484;EXTRATO DE TOMATE PREDILECTA 300G;4,38;6,49;Ativo
1677;7896102502183;EXTRATO DE TOMATE QUERO 130G;1,73;2,49;Ativo
885;7896102502213;EXTRATO DE TOMATE QUERO 190G;2,52;3,99;Ativo
10062;7896102502008;Extrato de tomate Quero sc 300g;3,67;5,49;Ativo
10532;7896036000632;EXTRATO ELEFANTE CEB/ALHO 300G;5,88;8,99;Ativo
8658;7896036000724;EXTRATO TOMATE ELEFANTE 300G;5,99;8,49;Ativo
7058;7896235800088;EXTRATO TOMATE XAVANTE COPO 190G;3,00;4,49;Ativo
1479;7896064101301;F. DE MAND. GR CAMPO BELO 1KG;4,99;7,49;Ativo
1086;7892020200200;F. DE TRIGO R. BRANCA TP1 1KG;3,85;6,49;Ativo
2099;7892020200248;F.TRIGO ROSA BRANCA C.FER 1KG;4,99;6,99;Ativo
2182;7891060874723;FACA MUNDIAL AÇO INOX 25.4CM;0,00;69,99;Ativo
4490;7892840817534;FANDANGOS ESPIGA QUEIJO 37G;1,51;1,99;Ativo
7369;7892840822880;FANDANGOS PRESUNTO 105G;5,92;8,99;Ativo
5548;7892840820503;FANDANGOS PRESUNTO 115G;7,25;9,99;Ativo
12367;7892840824716;FANDANGOS PRESUNTO 37G;2,29;3,99;Ativo
6565;7892840821166;FANDANGOS PRESUNTO 37G;1,96;2,99;Ativo
12460;7892840825065;FANDANGOS PRESUNTO 85G;5,57;8,99;Ativo
8084;7892840822897;FANDANGOS QUEIJO 105G;5,57;8,99;Ativo
12363;7892840825058;FANDANGOS QUEIJO 85G;5,92;8,99;Ativo
8314;7894900095159;FANTA BEETLEJUICE 350ML;2,75;3,99;Ativo
8312;7894900095166;FANTA BEETLEJUICE 600ML;4,52;6,49;Ativo
1484;7894900093056;FANTA GUARANÁ 2L;6,76;8,99;Ativo
10792;7894900094053;FANTA GUARANA ZERO 350ML;2,77;4,25;Ativo
2170;7894900031300;FANTA LARANJA 220ML;2,19;3,49;Ativo
2262;7894900031607;FANTA LARANJA 600ML;4,28;6,49;Ativo
2312;7894900054217;FANTA LARANJA RETORN.2L;6,68;8,49;Ativo
10033;7894900035117;FANTA LARANJA RETORNAVEL 1L;3,63;4,99;Ativo
2172;7894900150018;FANTA LARANJA SEM AÇUCAR 350ML;3,00;4,25;Ativo
2501;7894900093384;FANTA PET GUARANÁ 200ML;1,30;1,99;Ativo
738;7894900030228;FANTA SABOR LARANJA 350ML;2,76;4,75;Ativo
2678;7894900050011;FANTA UVA 350ML;3,07;4,75;Ativo
2263;4789490005363;FANTA UVA 600ML;4,28;6,49;Ativo
2328;7894900034219;FANTA UVA RET.2 L;6,68;8,49;Ativo
2314;7894900093308;FANTA UVA RETORN.2L;6,28;7,99;Ativo
10246;7894900055115;FANTA UVA VIDRO RETORNAVEL 1l;3,63;4,99;Ativo
943;7898108090022;FAR. DE MAN. F. 3 PODERES 500G;0,00;2,29;Ativo
977;7898108090053;FAR. DE MAN. GROSSA BAMBU 500G;1,75;1,99;Ativo
1504;7898108090015;FAR. DE MAND. GR 3 PODERES 1KG;3,20;4,99;Ativo
2228;7891095008421;FAR. DE MAND. GROSSA YOKI 1KG;6,20;8,49;Ativo
1637;7898082660020;FAR. DE MAND. GS C. PRADO 500G;2,05;1,99;Ativo
2229;7896116900623;FAR. DE MAND. KICALDO 1KG;5,26;7,99;Ativo
2712;7891095200399;FAR.DE MILHO YOKI 500G;6,05;8,49;Ativo
1718;7896005202074;FAR.DE TRIGO TRAD D/BENTA 1KG;4,49;6,99;Ativo
1670;7896005232705;FAR.TRIGO D.BENTA C/FERM 1KG;5,39;7,99;Ativo
483;7716;FARDO AGUA CRISTAL COM GAS C/12 510ML;0,00;18,00;Ativo
978;7897457623097;FARI. DE MAN. GROSSA BAMBU 1KG;3,00;4,49;Ativo
976;7897457620164;FARI. DE MAND. TOR. BAMBU 500G;2,05;2,99;Ativo
10108;7896067002056;Farinha  de mandioca grossa cordeiro 500g;3,76;5,99;Ativo
10785;7896038350056;FARINHA DE ARROZ URBANO Z/GLUTEN 1KG;4,93;6,99;Ativo
9544;7898080642806;FARINHA DE AVEIA ITALAC 165G;3,01;4,49;Ativo
9096;7891095028351;FARINHA DE AVEIA YOKI 170G;3,21;4,49;Ativo
7017;7896200116572;FARINHA DE MAND BROTO LEGAL 500G;2,93;4,49;Ativo
4419;7896116900685;FARINHA DE MANDIOCA 1KG KICALDO;5,79;8,49;Ativo
7669;7896067002094;FARINHA DE MANDIOCA CORDEIRO 1KG;6,85;9,99;Ativo
7465;7896067001707;FARINHA DE MANDIOCA CORDEIRO 1KG;3,56;5,49;Ativo
3353;7898994253426;FARINHA DE MANDIOCA FINA 500G;1,59;2,49;Ativo
9521;7896064101011;FARINHA DE MANDIOCA FINA CAMPO BELO 500G;2,85;4,49;Ativo
7288;7896070800199;FARINHA DE MANDIOCA FINA PANTERA 1KG;7,80;10,99;Ativo
7375;7896039431013;FARINHA DE MANDIOCA FINA PRIMEIRA 1KG;5,99;8,99;Ativo
3354;7898994253433;FARINHA DE MANDIOCA GROSSA 500G;1,59;2,49;Ativo
9784;7896064101417;FARINHA DE MANDIOCA GROSSA CAMPO BELO 500G;2,85;4,49;Ativo
4551;7896116900661;FARINHA DE MANDIOCA GROSSA KICALDO 1KG;5,47;8,49;Ativo
6767;7896070800106;FARINHA DE MANDIOCA GROSSA PANTERA 1KG;7,39;10,99;Ativo
7950;7898270960383;FARINHA DE MANDIOCA GROSSA PONZAN 1KG;5,19;7,49;Ativo
4141;7896039432003;FARINHA DE MANDIOCA GROSSA PRIMEIRA LINHA 1KG;6,99;9,99;Ativo
9270;7896116900951;FARINHA DE MANDIOCA KICALDO FINA 500G;2,63;3,79;Ativo
9271;4789611690096;FARINHA DE MANDIOCA KICALDO GROSSA 500G;2,76;4,49;Ativo
8411;7891095300389;FARINHA DE MANDIOCA TORRADA 500G;5,45;7,99;Ativo
9785;7896064101059;FARINHA DE MANDIOCA TORRADA CAMPO BELO 500G;2,75;4,49;Ativo
7467;7896067001714;FARINHA DE MANDIOCA TORRADA CORDEIRO 1KG;4,40;5,99;Ativo
8676;7896015910044;FARINHA DE MANDIOCA TORRADA PINDUCA 1KG;6,00;8,99;Ativo
9783;7896064102315;FARINHA DE MILHO CAMPO BELO 500G;4,33;6,49;Ativo
7667;7896067001776;FARINHA DE MILHO CORDEIRO 500G;4,62;6,79;Ativo
4759;7891965120215;FARINHA DE MILHO HIKARI 500G;3,95;5,99;Ativo
7073;7892810960390;FARINHA DE MILHO PONZAN 500G;0,00;6,99;Ativo
7193;7898270960390;FARINHA DE MILHO PONZAN 500G;4,69;6,99;Ativo
1501;7897457620386;FARINHA DE ROSCA BAMBU 250G;1,90;2,99;Ativo
8302;7896064102322;FARINHA DE ROSCA CAMPO BELO 500G;4,50;8,49;Ativo
6156;7896101063340;FARINHA DE ROSCA COMBRASIL 1KG;5,40;7,69;Ativo
6672;7896067001806;FARINHA DE ROSCA CORDEIRO 500G;5,32;7,99;Ativo
2093;7891965120253;FARINHA DE ROSCA HIKARI 500G;8,40;12,49;Ativo
7951;7896348200898;FARINHA DE ROSCA JUREIA 500G;6,02;8,49;Ativo
229;2760;FARINHA DE ROSCA KG;0,00;14,99;Ativo
7144;7898270960239;FARINHA DE ROSCA PONZAN 500G;0,00;8,99;Ativo
4976;7896002362085;FARINHA DE ROSCA PULLMAN 500G;3,49;5,49;Ativo
2305;7891095400423;FARINHA DE ROSCA YOKI 500G;10,90;14,99;Ativo
8654;7896090082933;FARINHA DE TRIGO ADRIA PREMIUM 1KG;5,00;7,49;Ativo
4060;7896115400100;FARINHA DE TRIGO BUQUÊ 1KG;2,29;3,99;Ativo
3122;7896490351066;FARINHA DE TRIGO CISNE T1 1KG;3,89;5,49;Ativo
3576;7897001080178;FARINHA DE TRIGO COCAMAR 1KG;2,29;3,49;Ativo
6159;7896005270622;FARINHA DE TRIGO DONA BENTA 1KG;4,19;6,49;Ativo
6685;7897932900149;FARINHA DE TRIGO DONA LAURA 1KG;2,79;4,25;Ativo
10286;7891080007699;FARINHA DE TRIGO FARINA 1KG;2,59;3,99;Ativo
8913;7891080000256;FARINHA DE TRIGO LILI 1KG;3,79;5,49;Ativo
9479;7896005213674;FARINHA DE TRIGO LILI 1KG;3,01;4,99;Ativo
1533;7898234850576;FARINHA DE TRIGO NITA TP1 1KG;2,98;3,99;Ativo
5085;7896425400272;FARINHA DE TRIGO PALOMA 1KG;2,59;3,99;Ativo
4669;7891080147807;FARINHA DE TRIGO PRIMOR 1KG;4,20;5,99;Ativo
9665;7892020000978;FARINHA DE TRIGO TRES COROAS 1KG;1,99;3,49;Ativo
7740;7897393611059;FARINHA LACTEA ALCA.200G;2,55;4,29;Ativo
8576;7898080642790;FARINHA LACTEA ITALAC 180G;5,12;7,49;Ativo
776;7898932426073;FARINHA LÁCTEA MARATÁ 230G;3,85;5,49;Ativo
9073;7891000369357;FARINHA LACTEA NESTLE 160G;4,77;6,99;Ativo
7123;7891000358771;FARINHA LACTEA NESTLE 360G;9,43;15,99;Ativo
1713;7891000252604;FARINHA LACTEA NESTLE 400G;9,89;13,99;Ativo
7518;7891000078518;FARINHA LÁCTEA ORIG.NESTLE;14,40;20,99;Ativo
2808;7891095001101;FARINHA MANDIOCA YOKI FINA 1KG;4,99;6,99;Ativo
9365;7896256075151;FARINHA PANKO KODILAR 200G;6,40;9,49;Ativo
8514;7891122124414;FARINHA PARA EMPANAR PANKO 200G;10,89;15,99;Ativo
10787;7891080007705;FARINHA TRIGO FARINA 1KG;2,79;3,99;Ativo
12276;7891080000119;FARINHA TRIGO TRAD SOL 1KG;4,09;5,99;Ativo
2080;7891095200993;FAROFA DE MILHO YOKI 500G;4,50;6,29;Ativo
7670;7896067002162;FAROFA DE MLHO CORDEIRO 250G;3,68;5,49;Ativo
10077;42882270133;Farofa mandioca s/na brasa 330g;6,00;8,99;Ativo
10604;7896067003312;FAROFA PRONTA CORDEIRO 250G;3,94;5,79;Ativo
8088;7896067003305;FAROFA PRONTA CORDEIRO 250G;4,41;6,29;Ativo
3999;7891965129799;FAROFA PRONTA HIKARI 400G;2,38;3,99;Ativo
4290;7898416527548;FAROFA PRONTA KISABOR 400G;2,99;4,49;Ativo
6458;7891095911486;FAROFA PRONTA YOKI 400G;3,19;4,49;Ativo
8406;7891095911448;FAROFA PRONTA YOKI MILHO 400G;4,99;7,29;Ativo
9097;7891095030040;FAROFA TEMPERO SUAVE YOKI 200G;3,16;4,49;Ativo
975;7898960982213;FAROFA TRAD. DA TERRINHA 400G;3,29;4,99;Ativo
6059;7891095005895;FAROFA TRAD. YOKI 250G;3,88;5,49;Ativo
3104;7891965120178;FAROFA TRADICIONAL HIKARI 500G;2,99;3,99;Ativo
8447;7898270961380;FAROFA TRADICIONAL PONZAN 400G;3,33;4,99;Ativo
979;7891095030262;FAROFA TRADICIONAL YOKI 1KG;12,99;9,99;Ativo
10977;7891095911561;FAROFA YOKI PREMIUN 380GR;3,80;5,49;Ativo
1527;7891095300488;FAROFA YOKI TRADICIONAL 500G;7,99;9,99;Ativo
7154;7891095911394;FAROFA YOKI TRADICIONAL 800G;5,89;9,49;Ativo
751;7896037914822;FARONI LOPEZ SUCO INTEG. 1.5L;8,99;11,99;Ativo
5441;7898945701877;FASCINATE CHOCOLATE/MORANGO 180G;6,25;9,50;Ativo
5443;619205109458;FASCINATE DOCE DE LEITE TRUFADO 180G;7,76;11,99;Ativo
5442;619205109434;FASCINATE FRUTAS VERMELHAS 180G;7,76;11,99;Ativo
5444;619205109441;FASCINATE TRUFADO 180G;8,09;11,99;Ativo
418;7135;FATIA DE MELANCIA;2,00;3,99;Ativo
5547;2020987918981;FAUNA MIST P/CALOPSITA FRUTAS 500G;6,22;9,49;Ativo
2594;7896064100168;FEIJÃO B. CAMPO BELO 500G;7,50;13,99;Ativo
8139;7896200115032;FEIJAO BOLINHA BROTO LEGAL 500G;2,00;3,99;Ativo
605;789794;FEIJAO BOLINHA BROTO LEGAL 500G;5,56;7,99;Ativo
901;7897457620218;FEIJÃO BRANCO BAMBU 500G;3,89;5,79;Ativo
6066;7896116900807;FEIJAO BRANCO KICALDO 1KG;11,59;16,49;Ativo
4990;7898276600108;FEIJÃO CALDO NOBRE 1KG;2,99;4,49;Ativo
4482;7898276600122;FEIJÃO CALDO NOBRE PRETO 1KG;5,98;7,49;Ativo
2718;7896006744610;FEIJÃO CAMIL CARIOCA 1KG;6,95;9,49;Ativo
917;7896006751618;FEIJÃO CAMIL PRETO TP1 1KG;5,89;7,99;Ativo
1087;7896747500186;FEIJÃO CAR. TIO PEDRO TP1 1KG;6,24;8,79;Ativo
1638;7896099100256;FEIJÃO CARIOCA 5 ESTRTELAS 1KG;4,29;5,49;Ativo
4302;7896200115308;FEIJAO CARIOCA BROTO LEGAL 1KG;7,79;9,99;Ativo
5273;742832881500;FEIJÃO CARIOCA CALDO REI T1 1KG;2,99;2,99;Ativo
12358;7897844304578;FEIJAO CARIOCA CHEF ASSAI 1KG;6,99;9,49;Ativo
12491;2789611690012;FEIJÃO CARIOCA DA CASA 1KG;6,79;8,99;Ativo
1000;7897136400155;FEIJÃO CARIOCA KICALDO 1KG;7,39;9,99;Ativo
4039;7898996021559;FEIJÃO CARIOCA KNORR 1KG;8,29;9,99;Ativo
12118;7898053200040;FEIJAO CARIOCA MARAVILHA 1KG;6,89;8,99;Ativo
2026;7896079451316;FEIJÃO CARIOCA NAMORADO 1KG;7,36;9,99;Ativo
4647;7896079480965;FEIJÃO CARIOCA NAMORADO 1KG;7,79;9,49;Ativo
3121;7898053200019;FEIJÃO CARIOCA NENE T1 1KG;4,99;6,49;Ativo
1001;7896116900180;FEIJÃO CARIOCA NOLAR 1KG;6,79;8,79;Ativo
9959;7897517209223;FEIJAO CARIOCA PRONTO FUGINI 250G;3,29;4,99;Ativo
4573;7896584300079;FEIJÃO CARIOCA SABOROSO T1 1KG;6,89;8,99;Ativo
7021;7896200115773;FEIJAO CARIOCA SERRAZUL 1KG;7,01;6,99;Ativo
2595;7896064100960;FEIJÃO DE CORDA CAMPO BEL 500G;4,17;6,99;Ativo
3252;7898121660394;FEIJÃO DE CORDA TIGRE T1 500G;5,67;7,99;Ativo
2101;7896064100946;FEIJÃO FRADINHO CAM.BELO 500G;4,17;6,49;Ativo
3766;7896006746737;FEIJÃO FRADINHO CAMIL 1KG;6,49;8,99;Ativo
3713;7896116900821;FEIJÃO FRADINHO KICALDO 1KG;7,55;9,99;Ativo
9630;7896062600004;FEIJAO FRADINHO SOLITO 500G;3,39;4,99;Ativo
7029;7896038300228;FEIJAO FRADINHO URBANO 1KG;5,26;6,99;Ativo
8137;7896401183120;FEIJAO FRADINHO URBANO 500G;3,12;4,99;Ativo
915;7896116900647;FEIJÃO KICALDO PRETO TP1 1KG;5,69;7,99;Ativo
1763;7896070800014;FEIJÃO PANTERA 1KG;8,75;11,49;Ativo
5270;7896070800793;FEIJÃO PANTERA FRADINHO 1KG;6,99;9,79;Ativo
1716;7897517209247;FEIJÃO PRETO FUGINI 250G;1,49;2,49;Ativo
8975;7896079461117;FEIJAO PRETO NAMORADO 1KG;5,24;6,99;Ativo
3242;7896102501551;FEIJÃO PRETO QUERO 340G;4,69;5,99;Ativo
2360;7896401100097;FEIJÃO PRETO SABOR MAXIMO 1KG;6,19;7,49;Ativo
7408;7896200116398;FEIJAO PRETO SERRA AZUL 1KG;3,75;5,49;Ativo
4374;7896062602015;FEIJÃO PRETO SOLITO 1KG;4,23;5,99;Ativo
124;1845;FEIJÃO PRETO URB. MÁXIMO 1KG;0,00;8,99;Ativo
8141;7896038388059;FEIJAO PRETO URBANO 1KG;7,11;9,49;Ativo
1002;7896380200016;FEIJÃO PRETO VILA NOVA 1KG;3,59;4,49;Ativo
8134;7896200115025;FEIJAO RAJADO BROTO LEGAL 500G;6,89;9,99;Ativo
3767;7896116900425;FEIJÃO RAJADO KICALDO 1KG;5,59;8,99;Ativo
8140;7896200115100;FEIJAO ROSINHA BROTO LEGAL 500G;2,00;3,99;Ativo
916;7896584300444;FEIJÃO SABOROSO PRETO TP1 1KG;4,99;6,99;Ativo
10489;7896062602091;FEIJAO SOLITO PREMIUM T1 1KG;6,17;7,99;Ativo
914;7896062602008;FEIJÃO SOLITO TRAD. TP1 1KG;6,69;8,99;Ativo
4779;7896116900845;FEIJAO VERMELHO KICALDO 1KG;10,89;15,49;Ativo
8138;7896401183113;FEIJAO VERMELHO URBANO 500G;5,05;7,49;Ativo
3879;7896401100042;FEIJÃO.CAR MAXIMO 1KG;5,63;7,49;Ativo
1856;7896031224088;FEIJOADA BORDON;16,35;22,99;Ativo
2057;7896031224583;FEIJOADA BORDON 430G;9,97;14,49;Ativo
3125;7896005271964;FERM. BIOLÓGICO DONA BENTA SECO 10G;0,75;1,29;Ativo
1816;7896005279489;FERM. EM PÓ TRAD.DONA BEN.100G;2,74;3,99;Ativo
1640;7891048040003;FERM. QUÍMICO DR. OETKER 100G;3,69;5,49;Ativo
7014;7896545504515;FERMENTO BIO ITAIQUARA 10G;0,80;1,49;Ativo
9603;7896005282649;FERMENTO BIOLOGICO FLEISCHMANN 10G;0,79;1,19;Ativo
12318;7898236720020;FERMENTO BIOLOGICO TOK 10G;0,89;1,49;Ativo
2786;7622210992918;FERMENTO EM PÓ ROYAL 100G;3,13;4,79;Ativo
839;7896327512967;FERMENTO QUÍMICO APIT 100G;1,99;2,99;Ativo
3996;7898409951046;FERMENTO QUÍMICO FLISCHMANN 100G;4,00;5,99;Ativo
1988;7891048040065;FERMENTO.BIOLÓGICODR.OETK 10G;1,33;1,99;Ativo
5198;7891990000179;FERNET FENETTI DUBAR 900ML;18,18;27,49;Ativo
287;4830;FERRADURA UN;2,20;3,49;Ativo
4207;7898024396994;FERRERO ROCHE C/12UN;33,99;47,99;Ativo
3557;78909434;FERRERO ROCHER 37.5G;8,46;12,49;Ativo
7238;7861002900117;FERRERO ROCHER C/8 UN 100G;21,99;33,99;Ativo
9507;7897157052258;FERVEDOR AURORA ALUMINIO N14;15,50;24,99;Ativo
6978;7891515605803;FETTUCCINE BOLONHESA 300G;5,98;8,49;Ativo
12493;7894904575824;FETTUCCINE BOLONHESA MENU PROTEIN 350G;8,76;12,99;Ativo
7840;7891515606435;FETTUCCINE PERDIGAO MOLHO BRANCO 300G;6,23;8,99;Ativo
1929;7894904792306;FGO PASSAR.SEARA 1KG;13,40;24,99;Ativo
10121;7894904769889;FGO PASSARINHO TEMP IQF;9,80;16,99;Ativo
5706;7896031230386;FIAMBRE BORDON 320G;8,90;13,49;Ativo
8549;7896031203359;FIAMBRE KITUT 320G;8,79;12,99;Ativo
541;7897606700488;FIGADO BOVINO KG;13,99;19,99;Ativo
577;9121;FIGADO DE FRANGO KG;5,00;7,99;Ativo
4306;7896369632241;FIGOS EM CALDA MARIZA 850G;8,25;12,49;Ativo
7381;7891164016715;FILE DE COXA AURORA 1KG;11,93;16,99;Ativo
10925;7898373970111;FILE DE FRANGO EMPANADO BAITA 1 KG;23,90;34,99;Ativo
10542;9091;FILE DE MERLUZA ARGENTINA  KG;25,70;38,98;Ativo
6948;7894904259106;FILE DE MERLUZA SEARA 500G;18,73;26,99;Ativo
567;9111;FILE DE PEITO DE FGO;16,60;24,99;Ativo
7768;7894904224579;FILE DE PEITO EM CUBOS SEARA 1KG;18,60;26,99;Ativo
7565;7894904224586;FILE DE PEITO EM TIRAS SEARA 1KG;23,05;29,99;Ativo
242;3256;FILE DE PEITO GRANEL KG;13,00;18,99;Ativo
8415;7891515430115;FILE DE PEITO PERDIGAO 800G;14,90;20,99;Ativo
2635;7893000005945;FILE DE PEITO SADIA 1KG;15,93;21,99;Ativo
8115;7894904958559;FILE DE PEITO SEARA 1KG;19,83;27,99;Ativo
8369;7894904790098;FILE DE PEITO SEARA 1KG;16,79;23,49;Ativo
2311;7898957594504;FILÉ DE PEIXE.MELUZA 800G;28,99;29,99;Ativo
9182;7891164035020;FILE DE TILAPIA AURORA 800G;38,09;54,99;Ativo
8693;7897200607541;FILE DE TILAPIA CANCAO 400G;15,20;21,99;Ativo
7097;7894904255030;FILE DE TILAPIA SEARA 600G;24,73;34,99;Ativo
521;9008;FILE MIGNON BOVINA KG;22,08;59,99;Ativo
5576;7893000516083;FILEZINHO (SASSAMI) SADIA 1KG;14,20;19,99;Ativo
8333;7891515531164;FILEZINHO (SASSAMI)TEMP. SADIA 1KG;18,45;25,99;Ativo
10447;7898208483946;FILEZINHO DE FGO EMP CANCAO 700G;21,14;31,99;Ativo
9831;7898208486329;FILEZINHO DE FRANGO EMPANADO CANCAO 1KG;20,47;29,99;Ativo
9589;7891164110796;FILEZINHO EMPANADO AURORA 600G;16,75;23,99;Ativo
404;7891164110710;FILEZINHO EMPANADO AURORA KG;20,80;39,99;Ativo
7385;7894904036868;FILEZINHO SASSAMI BIG FRANGO 1KG;17,18;24,49;Ativo
1928;7894904769827;FILEZINHO SEARA TEMP.1KG;16,70;23,99;Ativo
12311;7898608572905;FILME DE POLIESTER PARA CHURRASCO BRICOFLEX 45CM X 4M;3,59;5,99;Ativo
1149;7898932863151;FILME DE PVC LUMIPAM 30X28;0,00;3,49;Ativo
8482;7898952009270;FILME DE PVC NOBRE;2,60;3,99;Ativo
6204;7898930672328;FILME DE PVC WYDA 28CM;3,80;5,49;Ativo
9018;7898930672618;FILME POLIESTER P CHURRASCO WYDA 5M;8,55;11,99;Ativo
7593;7898921466394;FILME PVC 1RL BOMPACK;2,64;3,99;Ativo
9127;7898608572929;FILME PVC BRICOFLEX 30M;5,80;8,99;Ativo
2592;7896005803721;FILTRO 103 3 CORAÇÕES C/30;3,01;4,49;Ativo
3251;7898960628036;FILTRO 103 PILÃO C/30;3,17;3,99;Ativo
10564;7896976600305;FILTRO 103 TRIUTRIL;3,01;4,49;Ativo
857;7896005803714;FILTRO DE P. TRÊS CORAÇÕES 102;3,25;4,49;Ativo
855;7891021002110;FILTRO DE PAPEL BRIGITTA 102;2,79;3,99;Ativo
856;7891021002134;FILTRO DE PAPEL BRIGITTA 103;2,79;4,49;Ativo
858;7891021001946;FILTRO DE PAPEL MELITTA 103;2,99;5,49;Ativo
984;7898911509117;FILTRO L. VIDA SELEC LINE 103;0,00;3,99;Ativo
985;7898911509124;FILTRO L. VIDA SELECT LINE 102;0,00;3,49;Ativo
5773;7898952009409;FILTRO PAPEL BAC 103;1,29;2,49;Ativo
4000;7891021001908;FILTRO PAPEL ORIGINAL MELITTA 102;2,99;5,49;Ativo
7645;7898148910762;FILTRO PERM BONSUCESSO 102;3,07;4,99;Ativo
7646;7898148910168;FILTRO PERM BONSUCESSO 103;3,07;5,49;Ativo
6531;7898591453403;FINI AMORAS 15G;0,87;1,19;Ativo
7090;7908228802280;FINI BALAS FRUTIE 70G;3,89;5,99;Ativo
7196;7908228804567;FINI BANANAS 35G;2,41;3,49;Ativo
7199;7908228804543;FINI BEIJOS 35G;2,39;3,49;Ativo
10298;7908228808176;FINI CAVEIRA RECHEADA 80G;3,99;6,49;Ativo
5376;7898279794842;FINI CHICLE MELAN 80G;4,23;6,49;Ativo
2035;7898591453434;FINI DENTADURAS 15G;0,90;1,19;Ativo
7197;7908228804536;FINI DENTADURAS 35G;1,07;2,99;Ativo
8496;7908228806004;FINI DENTADURAS DE BRUXA 15G;0,69;0,99;Ativo
9165;7908228802747;FINI ESCOVINHA 80G;3,99;6,49;Ativo
12378;7908228809463;FINI GELAT MORANGO SILVESTRE 80G;4,23;6,49;Ativo
2482;7898591453410;FINI GELATINA  BANANAS 15G;0,90;1,19;Ativo
2483;7898591453441;FINI GELATINA MINHOCAS 15G;0,90;1,19;Ativo
3431;7908228801627;FINI GELATINA SORTIDAS COM/10UNI;6,49;8,00;Ativo
9368;7908228806219;FINI GELATINAS RATO 80G;4,23;6,49;Ativo
7425;7908228805885;FINI HARRY POTTER CHAPEU 70G;3,99;6,49;Ativo
8980;7908228805946;FINI HARRY POTTER OCULOS 70G;3,99;6,49;Ativo
7426;7908228805861;FINI HARRY POTTER RAIO 70G;3,99;6,49;Ativo
8309;7908228805045;FINI MARSHBOO 80G;4,26;5,99;Ativo
7092;7908228804956;FINI MARSHMALLOWS PIPOCA 80G;3,89;5,99;Ativo
7198;7908228804550;FINI MINHOCAS CITRICAS 35G;2,52;3,49;Ativo
8952;7908228805564;FINI MORANGO 35G;1,56;2,99;Ativo
8951;7908228805588;FINI MORANGO CITRICO 35G;1,56;2,99;Ativo
6304;7898279794859;FINI OVOS DINO TORÇÃO 80G;3,59;6,49;Ativo
7205;7898591451591;FINI OVOS FRITOS 90G;4,23;6,49;Ativo
7874;7908228805120;FINI POLVO GELATINAS 80G;4,23;6,49;Ativo
5375;7898591459214;FINI SABORES 90G;5,29;6,49;Ativo
6416;7898279795061;FINI SALADA DE FRUTAS 80G;4,23;6,49;Ativo
7208;7908228805151;FINI SAPO 80G;3,99;6,49;Ativo
10440;7908228808183;FINI TERROR 80G;4,23;6,49;Ativo
8308;7908228804512;FINI TORCAO AZUL RECHEADINHO 80G;3,74;5,99;Ativo
2481;7898279799823;FINI TUBE MOR NE NATA;0,90;1,19;Ativo
2813;7908228802846;FINI TUBE MORANGO 40G;1,69;2,49;Ativo
2814;7908228802822;FINI TUBE MORANGO ACIDO 40G;1,69;2,49;Ativo
2812;7908228802785;FINI TUBE TUTTI FRUT 40G;1,69;2,49;Ativo
158;2025;FINI TUBE TWISTER 17G;0,50;0,99;Ativo
2811;7908228802808;FINI TUBE TWISTER 40G;1,69;2,49;Ativo
2485;7898591457869;FINI TUBES ÁCIDO 17G 3UNID;0,62;0,99;Ativo
2486;7898591459504;FINI TUBES ÁCIDO C.A.M 17G;0,90;1,19;Ativo
8495;7908228806035;FINI TUBES BOO 15G;0,69;0,99;Ativo
2624;7898591459788;FINI TUBES FRAMB 17G;0,90;1,19;Ativo
8687;7898591457807;FINI TUBES FRUTAS SILVES. 80G;0,00;5,99;Ativo
2165;7898591454561;FINI TUBES MORANGO 17G;0,67;0,99;Ativo
2036;7898591459528;FINI TUBES MORANGO 17G;0,90;1,19;Ativo
5374;7898591453595;FINI TUBES SORTIDOS 80G;4,23;6,49;Ativo
4887;7898591459481;FINI TUBES TUTTI-FRUTTI 15G;0,90;1,19;Ativo
6220;7898279798185;FINI TUBES TUTTI-FRUTTI AZEDINHAS 80G;3,89;5,99;Ativo
8299;7898591457852;FINI TUBES TWISTER 15G;0,87;1,19;Ativo
7207;7898591457814;FINI TUBES TWISTER 80G;4,28;5,99;Ativo
2622;7898591455643;FINI TUBES UVA ÁCIDO 17G;0,87;1,19;Ativo
7206;7898591455025;FINI TUBES UVA CITRICA 80G;3,59;6,49;Ativo
2623;7898591455629;FINI TUBES UVA DOCE 17G;0,62;0,99;Ativo
7091;7908228805038;FINI TUBS TROPICAL 80G;4,20;5,99;Ativo
8950;7908228805601;FINI TUTTI FRUTTI 35G;1,07;2,99;Ativo
8949;7908228805625;FINI TWISTER 35G;1,07;2,99;Ativo
6816;7898591453076;FINI URSINHOS 15G;0,87;1,19;Ativo
2625;7898591450723;FINIGEL MINHOCA CITRICA 15G;0,67;0,99;Ativo
4247;7898909332246;FIO DENTAL 50M USE IT;2,15;3,99;Ativo
6662;7891024183007;FIO DENTAL COLGATE 50M;10,63;18,49;Ativo
5728;7891024183021;FIO DENTAL COLGATE MENTA 50M;10,56;16,99;Ativo
10457;7891010501105;FIO DENTAL ESSENCIAL MENTA J&J 100M;12,06;17,99;Ativo
10665;7898585291998;FIO DENTAL EXTRA FINO 25M DENTIL;6,22;9,49;Ativo
4349;7896444210623;FIO DENTAL HILLO 100M;3,86;5,99;Ativo
5582;7896444211118;FIO DENTAL HILLO 100M;3,15;4,49;Ativo
2279;7898909332253;FIO DENTAL USE 100M;3,15;4,49;Ativo
10017;7908467200045;FITA ADESIVA GRANDE;3,50;4,99;Ativo
4826;7898946757118;FITA ADESIVA LARGA 48X45 TALGE;5,72;8,49;Ativo
8419;7896020400042;FITA ADESIVA MARROM THREE BOND;4,08;5,99;Ativo
6868;78921481;FITA ADESIVA SCOTCH 3M 45X45;4,81;6,99;Ativo
10706;7896020400035;FITA ADESIVA THREE BOND TRANSP;4,43;6,49;Ativo
5581;7896444211132;FITA DENTAL HILLO 100M;2,75;3,99;Ativo
3061;7896444210647;FITA DENTAL HILLO 125M;3,95;5,99;Ativo
5318;7896020470274;FITA DUPLA FACE THREE BOND;3,75;6,99;Ativo
8173;7896020470281;FITA DUPLA FACE THREE BOND;8,18;11,99;Ativo
2250;7891040299447;FITA ISOLANTE 1 ROLO 750V;3,01;4,99;Ativo
4440;4713968540773;FITA ISOLANTE GC 10M;1,70;3,49;Ativo
10887;7898543391371;FITA ISOLANTE USO GERAL 19MM X 5M;1,64;2,99;Ativo
10886;7891040356782;FIXA FORTE SCOTCH 3M;18,37;27,99;Ativo
10761;7898557793925;FIXADOR P/CABELOS INFINITY 400ML;25,90;37,99;Ativo
3366;7891048047088;FLAN BAUNILHA DR OETKER 30G;1,98;2,99;Ativo
4968;7896439930147;FLANELA 38CM X 58CM;2,23;3,49;Ativo
10941;7898902405251;FLANELA 38X58CM KN;0,00;4,49;Ativo
7644;7898148910328;FLANELA BONSUCESSO 38X58;3,40;4,49;Ativo
5251;7898148910137;FLANELA MULTIOSO 1UN;1,99;2,99;Ativo
2281;7898148910120;FLANELA MULTIUSO 28X48;2,40;3,99;Ativo
9919;7898148910298;FLANELA MULTIUSO BONSUCESS0 28X38;2,12;3,49;Ativo
3847;7898907777025;FLANELA OURO;1,99;2,99;Ativo
4200;7896333200117;FLOCÃO BONOMILHO 500G;1,69;2,49;Ativo
7018;7896038360192;FLOCAO DE ARROZ URBANO 500G;3,09;4,49;Ativo
6155;7896038300136;FLOCAO DE MILHO 0 GLUTEN URBANO 500G;1,48;2,49;Ativo
8846;7896490288775;FLOCAO DONA CLARA 500G;1,60;2,49;Ativo
10844;4789611690010;FLOCAO KICALDO 400G;1,66;2,49;Ativo
9336;7898416521270;FLOCAO KISABOR 500G;1,68;2,99;Ativo
973;7898932426042;FLOCÃO MARATÁ 500G;1,59;2,79;Ativo
9916;7892300000933;FLOCÃO SINHA 500G;2,00;2,89;Ativo
1836;7891095006878;FLOCÃO YOKI 500G;3,35;4,79;Ativo
7415;618231404957;FLOQUINHO SO/OURO 500G;2,49;3,69;Ativo
1514;7898379890543;FLOR DE HIBISCO BAMBU 15G;0,90;1,79;Ativo
11098;7891150092716;FOFO AMAC CONC AZUL TUDAO 500ML;6,79;9,99;Ativo
6202;7898930672441;FOLHA ALUMINIO WYDA 30CM;4,19;6,49;Ativo
6203;7898930672472;FOLHA ALUMINIO WYDA 45CM;154,94;9,49;Ativo
2476;7896300500868;FOLHA DE ALUMINIO 4M PRATSY;2,39;3,49;Ativo
1148;7898904837265;FOLHA DE ALUMÍNIO ALUMÍNIO 30C;0,00;2,49;Ativo
12310;7898608572769;FOLHA DE ALUMINIO BRICOFLEX 45CM X 7 5M;6,19;9,49;Ativo
10711;7898964097098;FOLHA DE ALUMINIO MELLO 30CM X 4M;1,76;2,99;Ativo
10712;7898964097135;FOLHA DE ALUMINIO MELLO 45CM X 7,5M;4,82;6,99;Ativo
8892;7898546006609;FOLHA DE ALUMINIO VABENE 4M;1,79;2,99;Ativo
3712;7896519000159;FOLHA DE ALUMÍNIO WYDA 30CM 4M;2,69;4,49;Ativo
3691;7898933283187;FOLHA DE ALUMÍNIO WYDA 45CM 4M;4,73;7,99;Ativo
634;7897457623226;FOLHA DE LOURO BAMBU 10G;0,90;1,79;Ativo
4918;7896067000137;FOLHA DE LOURO CORDEIRO 5G;1,98;2,99;Ativo
3269;7891095154302;FOLHA DE LOURO KITANO 4G;1,50;2,49;Ativo
2709;78418486;FOLHAS ZOMO MARROM C/33;1,20;2,99;Ativo
2147;7891000502105;FONDOR.AVES.PEIXES MAGGI 120G;5,70;8,49;Ativo
9741;7897157051640;FORMA DE BOLO N20;15,80;23,99;Ativo
9469;7896856300653;FORMA P/ PAO BOLO POLIDA;15,50;22,99;Ativo
9470;7896856301155;FORMA P/ PAO BOLO PRETO;15,50;22,99;Ativo
9508;7896856321627;FORMA P/TORTA N2;18,00;24,99;Ativo
9476;7896856300516;FORMA PARA BOLO FUNDO REMOVIVEL;15,50;25,99;Ativo
1307;7898374660288;FORMIKELL GEL INSETIDA 10G;0,00;3,99;Ativo
6960;7891000071625;FORMULA NAN COMFOR 1 0 A 6 MESES 800G;69,28;89,98;Ativo
1659;7898932426134;FORTILON MAR. MULTI 230G;2,99;3,89;Ativo
1658;7898932426103;FORTLON MAR.ARROZ AVEIA 230G;3,29;2,99;Ativo
2679;7898932426080;FORTLON MARATA 230G;2,69;3,89;Ativo
6456;7898958192877;FOSFORO BILLA C/10 UN;2,69;3,99;Ativo
3787;7896279202008;FOSFORO GABOARDI C/10;2,43;3,99;Ativo
6436;7896080900285;FÓSFORO GIGANTE PARANÁ C/50UN;1,99;2,99;Ativo
4791;7896080900155;FOSFORO LIDER 10 CAIXINHA;1,95;3,99;Ativo
7615;7896080900216;FOSFORO PARANA C/3 UNIDADES;2,72;3,99;Ativo
1063;7896007912124;FÓSFORO PINHEIRO C/10 CX;2,69;4,49;Ativo
10969;7500435146487;FR PAMPERS T CONF PANTS G 72UN;115,90;162,99;Ativo
12244;7896007549276;FRA HUG TRIPLA PRO XG HIPER;52,90;89,99;Ativo
94;1615;FRA. BABYSEC ULTRA SEC XXG 12U;11,99;16,79;Ativo
9307;7896061995910;FRALDA BABYSEC G 32UN;31,99;46,99;Ativo
5351;7896061995057;FRALDA BABYSEC G C/ 22UN;22,14;31,99;Ativo
3217;7896061990120;FRALDA BABYSEC GALINHA XG COM 12;16,43;23,99;Ativo
9305;7896061995903;FRALDA BABYSEC M 38UN;31,99;44,99;Ativo
5688;7896061995033;FRALDA BABYSEC M C/ 26UN;21,39;29,99;Ativo
12139;7896061997259;FRALDA BABYSEC SHORT  XXG C20;25,24;37,99;Ativo
3040;7896061990090;FRALDA BABYSEC TAM G C/16UN;16,42;23,99;Ativo
3690;7896061995842;FRALDA BABYSEC TAM. XXG 12UN;15,93;22,99;Ativo
2135;7896061990076;FRALDA BABYSEC ULTRASEC M C18UN;16,43;23,99;Ativo
9308;7896061995927;FRALDA BABYSEC XG 30UN;29,19;42,99;Ativo
5350;7896061995071;FRALDA BABYSEC XG C/ 20UN;22,14;31,99;Ativo
9306;7896061995477;FRALDA BABYSEC XXG 28UN;29,19;42,99;Ativo
9722;7898064036393;FRALDA CREMER XXG 16UN;17,56;26,49;Ativo
9885;7896012880180;FRALDA GERIATRICA BIGFRAL G 7UNI;22,07;32,99;Ativo
10009;7896012880173;FRALDA GERIATRICA BIGFRAL M 8UNI;22,05;32,99;Ativo
10008;7896012880197;FRALDA GERIATRICA BIGFRAL XG 7UNI;21,66;32,99;Ativo
9678;7896007552214;FRALDA HUGGIES PRAIA/PISCINA 10UN G;31,45;44,99;Ativo
10063;7896007552870;FRALDA HUGGIES SUPRE 70UN G;75,90;109,99;Ativo
8705;7896007551088;FRALDA LITTLE SWIMMERS HUGGIES;30,45;42,99;Ativo
1186;7896914002512;FRALDA LOONEY TUNES TAM G C/14UN;13,69;19,49;Ativo
1184;7896914002529;FRALDA LOONEY TUNES TAM M C/12UN;13,69;19,49;Ativo
1185;7896914002536;FRALDA LOONEY TUNES TAM XXG C/12UN;13,69;19,49;Ativo
10999;7500435132602;FRALDA PAMPERS CONFORTSEC  XG C/58;85,61;124,99;Ativo
11001;7500435106672;FRALDA PAMPERS CONFORTSEC G C/ 60 UN;85,61;124,99;Ativo
11000;7500435132619;FRALDA PAMPERS CONFORTSEC XXG C/56;85,61;124,99;Ativo
2241;7500435158411;FRALDA PAMPERS GC/40;31,50;36,99;Ativo
2240;7500435158343;FRALDA PAMPERS M C/46;31,50;27,99;Ativo
12295;7500435250221;FRALDA PAMPERS SEQUINHA XG C/56;59,80;89,99;Ativo
12296;7500435250191;FRALDA PAMPERS SEQUINHA XXG 50UN;59,80;89,99;Ativo
7086;7500435132718;FRALDA PAMPERS SUPERS P C/34UN;30,63;39,99;Ativo
3619;7500435132831;FRALDA PAMPERS SUPERSEC TAM G C/80;69,90;96,99;Ativo
3618;7500435132848;FRALDA PAMPERS SUPERSEC XG C/68;42,00;63,99;Ativo
2239;7500435158312;FRALDA PAMPERS XG;31,50;36,99;Ativo
10588;7500435250184;FRALDA PAMPERS XXG 66UN;56,90;81,99;Ativo
1176;7898146000021;FRALDA PANDA TAM. M C/8UN;0,00;2,99;Ativo
1177;7898146000045;FRALDA PANDA TAM. XG C/6UN;0,00;2,99;Ativo
8065;7896110009742;FRALDA PERSONAL BABY G 14UN;11,99;16,99;Ativo
9075;7896110011202;FRALDA PERSONAL BABY HIPER G 60UN;45,98;67,99;Ativo
8066;7896110009759;FRALDA PERSONAL BABY M 16UN;11,88;16,99;Ativo
8064;7896110009735;FRALDA PERSONAL BABY XG 12UN;11,99;16,99;Ativo
9982;7896110010656;FRALDA PERSONAL BABY XXG 12UN;11,99;16,99;Ativo
1175;7896110005621;FRALDA PERSONAL TAM. M C/10UN;0,00;2,99;Ativo
1174;7896110005591;FRALDA PERSONAL TAM. P C/11UN;0,00;2,99;Ativo
2846;7896012880456;FRALDA POMPOM CLASSICA G C/24;16,29;23,99;Ativo
3420;7896012880449;FRALDA POMPOM CLASSICA M C/26;16,29;23,99;Ativo
8220;7896012880432;FRALDA POMPOM CLASSICA P C/30;15,99;23,99;Ativo
2847;7896012880463;FRALDA POMPOM CLASSICA XG C/20;17,54;24,99;Ativo
2845;7896012880470;FRALDA POMPOM CLASSICA XXG C/16;17,54;24,99;Ativo
2326;7896012800423;FRALDA POMPOM G 26 PROTEK;19,70;27,69;Ativo
2427;7896012800416;FRALDA POMPOM M 30 PROTEK;19,70;27,69;Ativo
9046;7896012879986;FRALDA POMPOM PROTEK G C/24UN;19,29;29,99;Ativo
9045;7896012879979;FRALDA POMPOM PROTEK M C/28UN;20,99;29,99;Ativo
9047;7896012879993;FRALDA POMPOM PROTEK XG C/20UN;19,29;29,99;Ativo
9723;7896012880005;FRALDA POMPOM PROTEK XXG 18UN;20,84;29,99;Ativo
2428;7896012800430;FRALDA POMPOM XG 22 PROTEK;19,70;27,69;Ativo
5329;7896012879733;FRALDA TURMA DA MONICA G C/16;14,47;21,99;Ativo
5330;7896012879740;FRALDA TURMA DA MONICA XG C/16;14,47;21,99;Ativo
7411;7909989394175;HAV FANTASIA STYLE AREIA 37/38;15,16;22,99;Ativo
6364;7909690260639;HAV FANTASIA STYLE AREIA 37/38;16,20;23,49;Ativo
6367;7909690260721;HAV FANTASIA STYLE ROSA MAC 35/36;14,99;23,49;Ativo
6365;7909690260738;HAV FANTASIA STYLE ROSA MAC 37/38;14,99;23,49;Ativo
6366;7909690260745;HAV FANTASIA STYLE ROSA MAC 39/40;14,99;23,49;Ativo
6368;7909690260677;HAV FANTASIA STYLE ROXO MAC 35/36;14,99;23,49;Ativo
6369;7909690260684;HAV FANTASIA STYLE ROXO MAC 37/38;13,69;20,99;Ativo
6370;7909690267959;HAV FLAT MIX BRANC/AZUL 37/38;15,95;23,49;Ativo
6374;7909690495796;HAV HYPE PRETO/BRANCO 41/42;30,68;39,99;Ativo
9248;7909989687345;HAV KIDS ATHLETIC BRANCO 25/26;21,38;31,99;Ativo
9247;7909989687352;HAV KIDS ATHLETIC BRANCO 27/28;21,38;31,99;Ativo
9244;7909989687413;HAV KIDS ATHLETIC BUTTERCREAM 25/26;21,38;31,99;Ativo
9246;7909989687420;HAV KIDS ATHLETIC BUTTERCREAM 27/28;21,38;31,99;Ativo
9245;7909989687444;HAV KIDS ATHLETIC BUTTERCREAM 31/32;21,38;31,99;Ativo
9233;7909989433584;HAV KIDS FLORES 25/26;17,90;32,99;Ativo
9238;7909989477878;HAV KIDS FLORES 25/26;22,45;33,99;Ativo
9235;7909989433591;HAV KIDS FLORES 27/28;17,90;32,99;Ativo
9240;7909989477885;HAV KIDS FLORES 27/28;22,45;33,99;Ativo
9236;7909989433607;HAV KIDS FLORES 29/30;22,45;33,99;Ativo
9237;7909989477892;HAV KIDS FLORES 29/30;22,45;33,99;Ativo
9234;7909989433614;HAV KIDS FLORES 31/32;22,45;33,99;Ativo
9239;7909989477908;HAV KIDS FLORES 31/32;22,45;33,99;Ativo
7482;7890732077820;HAV MARINHO/BCO 35/36;14,95;21,99;Ativo
7481;7890732077837;HAV MARINHO/BCO 37/38;14,95;21,99;Ativo
7479;7890732077844;HAV MARINHO/BCO 39/40;14,95;21,99;Ativo
6593;7909690426264;HAV PALETTE GLW AREIA/DOUR 33/34;28,04;39,99;Ativo
6594;7909690535027;HAV PALETTE GLW AZUL NAVAL 33.34;33,07;44,99;Ativo
6595;7909690535034;HAV PALETTE GLW AZUL NAVAL 35/36;0,00;0,00;Ativo
6596;7909690535041;HAV PALETTE GLW AZUL NAVAL 37/38;33,07;44,99;Ativo
6597;7909690426028;HAV PALETTE GLW ROSA CROCUS 35/36;28,04;39,99;Ativo
6598;7909690426035;HAV PALETTE GLW ROSA CROCUS 37/38;28,04;39,99;Ativo
6375;7909843034094;HAV POWER LIGHT 39/40;29,88;42,99;Ativo
6376;7909843034100;HAV POWER LIGHT 41/42;29,88;42,99;Ativo
6378;7909690440611;HAV SLIM ANIMAL FLORAL BEGE 37/38;23,95;34,99;Ativo
8595;7890732039873;HAV SLIM ANIMALS BEGE 37/8;27,89;41,99;Ativo
8596;7909989307960;HAV SLIM ANIMALS CINZA 35/6;27,89;41,99;Ativo
9712;7890557502477;HAV SLIM AREIA 35/36;27,58;41,99;Ativo
9626;7909989645468;HAV SLIM AZUL BRILHANTE 37/38;20,00;34,99;Ativo
8728;7890732316387;HAV SLIM AZUL MARINHO 37/38;26,21;38,99;Ativo
6762;7909843037873;HAV SLIM BRASIL AZUL PROV 35/36;29,98;39,99;Ativo
6763;7909843037880;HAV SLIM BRASIL AZUL PROV 37/38;29,98;39,99;Ativo
6759;7893249495354;HAV SLIM BRASIL PRETO 35/36;29,96;41,99;Ativo
6764;7890541785411;HAV SLIM BRASIL ROSA CROCUS 35/36;29,96;41,99;Ativo
6765;7890541785428;HAV SLIM BRASIL ROSA CROCUS 37/38;29,96;41,99;Ativo
8593;7909989354407;HAV SLIM BUTTERCREAM 35/6;25,69;38,99;Ativo
8594;7909989354414;HAV SLIM BUTTERCREAM 37/8;25,69;38,99;Ativo
6625;7893249748191;HAV SLIM DISNEY VERM CRUSH 35/36;23,46;32,99;Ativo
6592;7909690467038;HAV SLIM GLOSS MUSGO 37/38;20,07;28,99;Ativo
9708;7909989325032;HAV SLIM GLOSS PRETO 37/38;9,98;16,99;Ativo
7500;7909989354308;HAV SLIM PESSEGO 35/36;25,69;36,99;Ativo
7501;7909989354315;HAV SLIM PESSEGO 37/38;25,69;38,99;Ativo
8730;7890732316486;HAV SLIM PRETA 37/38;26,21;38,99;Ativo
6626;7909690513438;HAV SLIM PRINCESAS ROXO 35/36;23,46;32,99;Ativo
6380;7891266542068;HAV SLIM ROSE GOLD 37/38;23,68;34,99;Ativo
8729;7891266542013;HAV SLIM ROXO ESCURO 37/38;26,21;38,99;Ativo
6356;7909843020547;HAV SLIM SQUARE BRANCA 35/36;27,96;39,99;Ativo
6353;7909843020554;HAV SLIM SQUARE BRANCA 37/38;27,96;39,99;Ativo
8735;7909843020530;HAV SLIM SQUARE BRANCO 33/34;28,51;44,99;Ativo
8733;7909989870327;HAV SLIM SQUARE CORAL TROPICAL 35/36;28,51;44,99;Ativo
8734;7909989870334;HAV SLIM SQUARE CORAL TROPICAL 37/38;28,51;44,99;Ativo
6358;7909843020592;HAV SLIM SQUARE PRETA 35/36;28,51;44,99;Ativo
6354;7909843020608;HAV SLIM SQUARE PRETA 37/38;28,51;44,99;Ativo
6357;7909843020646;HAV SLIM SQUARE ROSA 35/36;28,51;44,99;Ativo
6355;7909843020653;HAV SLIM SQUARE ROSA 37/38;28,51;44,99;Ativo
6379;7909843487050;HAV SLIM VERDE VIRTUAL 37/38;23,68;34,99;Ativo
6600;7893249162003;HAV SLIM VILLAINS BERINJELA 35/36;24,08;33,99;Ativo
6599;7893249162027;HAV SLIM VILLAINS BERINJELA 37/38;24,08;33,99;Ativo
6372;7909690513490;HAV SLIN PRINCESAS AZUL 37/38;30,53;42,99;Ativo
6373;7893249161945;HAV SLIN VILLAINS PRETA 37/38;25,98;37,99;Ativo
9250;7909843739906;HAV SQR FERRUGEM 33/34;48,13;69,99;Ativo
9249;7909843739937;HAV SQR FERRUGEM 39/40;48,13;69,99;Ativo
8731;7909843739913;HAV SQUARE ONCA 35/36;48,13;69,99;Ativo
8732;7909843739920;HAV SQUARE ONCA 37//38;48,13;69,99;Ativo
6604;7893249777092;HAV STEET FIGHTER MARINHO 39/40;21,99;29,99;Ativo
6605;7893249777108;HAV STEET FIGHTER MARINHO 41/42;21,99;29,99;Ativo
6606;7893249777115;HAV STEET FIGHTER MARINHO 43/44;21,99;29,99;Ativo
6608;7909843379843;HAV TOP AMARELO 33/34;16,99;23,99;Ativo
6607;7909843379850;HAV TOP AMARELO 35/36;21,39;32,99;Ativo
6609;7909843379867;HAV TOP AMARELO 37/38;21,39;32,99;Ativo
6601;7909843035732;HAV TOP ATHLETIC CINZA 39/40;22,07;30,99;Ativo
6614;7890557722219;HAV TOP AZUL NAVAL 33/34;18,86;32,99;Ativo
6613;7890557722257;HAV TOP AZUL NAVAL 41/42;18,87;32,99;Ativo
7066;7890557722264;HAV TOP AZUL NAVAL 43/44;21,39;32,99;Ativo
8737;7909989203507;HAV TOP BASIC BRANCA 37/38;26,50;38,99;Ativo
8738;7909989203514;HAV TOP BASIC BRANCA 39/40;26,50;38,99;Ativo
8739;7909989203521;HAV TOP BASIC BRANCA 41/42;26,50;38,99;Ativo
6602;7909690257677;HAV TOP BASIC CAFE 37/38;17,03;23,99;Ativo
6603;7909690257684;HAV TOP BASIC CAFE 39/40;17,03;23,99;Ativo
5333;7909843582571;HAV TOP BRASIL 10 37/38;19,99;29,99;Ativo
5335;7909843582588;HAV TOP BRASIL 10 39/40;25,69;35,58;Ativo
5334;7909843582595;HAV TOP BRASIL 10 41/42;17,24;29,99;Ativo
5336;7909843582601;HAV TOP BRASIL 10 43/44;19,99;29,99;Ativo
7384;7909843016304;HAV TOP MARVEL 39/40;23,89;34,99;Ativo
8603;7893249665863;HAV TOP MAX BRANCO 37/8;26,79;39,99;Ativo
8604;7893249665870;HAV TOP MAX BRANCO 39/0;26,79;39,99;Ativo
8605;7893249665887;HAV TOP MAX BRANCO 41/2;26,79;39,99;Ativo
8606;7893249665894;HAV TOP MAX BRANCO 43/4;26,79;39,99;Ativo
7410;7909843592907;HAV TOP MAX COMFORT MARINHO 41/42;31,98;47,99;Ativo
6624;7891109486191;HAV TOP PRETO 33/34;18,86;32,99;Ativo
6377;7893249647364;HAV TOP ROSA BALLET 37/38;19,88;29,99;Ativo
6619;7893249647371;HAV TOP ROSA BALLET 39/40;18,98;27,99;Ativo
6612;7890732103857;HAV TOP SALMAO 33/34;16,99;23,99;Ativo
6610;7890732103864;HAV TOP SALMAO 35/36;16,99;23,99;Ativo
6611;7890732103871;HAV TOP SALMAO 37/38;16,99;23,99;Ativo
9251;7909989429358;HAV TOP STITCH 33/34;43,85;64,99;Ativo
9253;7909989429365;HAV TOP STITCH 35/36;43,85;64,99;Ativo
9254;7909989429372;HAV TOP STITCH 37/38;43,85;64,99;Ativo
9252;7909989429389;HAV TOP STITCH 39/40;43,85;64,99;Ativo
9255;7909989429396;HAV TOP STITCH 41/42;43,85;64,99;Ativo
8610;7891266523821;HAV TOP TURQUESA 35/6;19,49;28,99;Ativo
8611;7891266523838;HAV TOP TURQUESA 37/8;19,49;28,99;Ativo
8612;7891266523852;HAV TOP TURQUESA 41/2;19,49;28,99;Ativo
6618;7895265235570;HAV TOP VERDE LIMAO 33/34;16,99;23,99;Ativo
6616;7895265235587;HAV TOP VERDE LIMAO 35/36;16,99;23,99;Ativo
6617;7895265235594;HAV TOP VERDE LIMAO 37/38;16,99;23,99;Ativo
6615;7895265235600;HAV TOP VERDE LIMAO 39/40;16,99;23,99;Ativo
12413;7890557662058;HAV TOP VERDE PATRIA 33/34;18,86;32,99;Ativo
12414;7890557636844;HAV TOP VERDE PATRIA 35/36;18,86;32,99;Ativo
12415;7891266524231;HAV TOP VERMELHO 35/36;18,86;32,99;Ativo
9257;7909989680667;HAV TRACK GO CINZA GELO 37/38;24,50;38,99;Ativo
9258;7909989680698;HAV TRACK GO CINZA GELO 43/44;24,50;38,99;Ativo
12422;7909989680964;HAV TRACK WAVES LIME 37/38;29,85;49,99;Ativo
12424;7909989680971;HAV TRACK WAVES LIME 39/40;29,85;49,99;Ativo
12423;7909989680988;HAV TRACK WAVES LIME 41/42;29,85;49,99;Ativo
9232;7909989912690;HAV TRACK WAVES PRETO 43/44;29,85;49,99;Ativo
6620;7891109146354;HAV TRADICIONAL 33/34;14,79;21,99;Ativo
6621;7891109146361;HAV TRADICIONAL 35\36;14,79;21,99;Ativo
6622;7891109146408;HAV TRADICIONAL AZUL 43/44;16,49;23,99;Ativo
9709;7909989384848;HAV TUBE LILAS 39/40;9,98;16,99;Ativo
252;3557;HAV. AZUL E VERDE TMS;5,99;9,99;Ativo
5203;7890541601902;HAV. TOP AZUL MARINHO 41/42;18,86;32,99;Ativo
5202;7890557722226;HAV. TOP AZUL NAVAL 35/36;20,36;32,99;Ativo
5205;7890557699344;HAV. TOP BRASIL AZUL NAVAL 37/38;31,98;49,99;Ativo
5204;7895265145305;HAV. TOP BRASIL BRANCO 37/38;31,98;49,99;Ativo
5201;7891109486207;HAV. TOP PRETOB 35/36;18,87;32,99;Ativo
7062;7890557699498;HAV.BRASIL AZUL NAVAL 39/40;31,99;49,99;Ativo
7063;7890541601872;HAV.TOP MARINHO 35/36;20,36;32,99;Ativo
7064;7890541601889;HAV.TOP MARINHO 37/38;20,36;32,99;Ativo
7065;7890541601919;HAV.TOP MARINHO 43/44;21,39;32,99;Ativo
2386;7895265145312;HAVAIA BRASIL BRANCA TAM 39/40;35,27;49,99;Ativo
2385;7895265145329;HAVAIA BRASIL BRANCA TAM 41/42;31,99;49,99;Ativo
137;1906;HAVAIA BRASIL PRETA TAM 35/36;25,69;38,49;Ativo
138;1907;HAVAIA BRASIL PRETA TAM 37/38;25,69;38,49;Ativo
2384;7895265700351;HAVAIA BRASIL PRETA TAM 39/40;31,99;49,99;Ativo
3817;7893249248752;HAVAIANA ALOHA BRANCO 39/40;17,24;25,99;Ativo
3818;7893249248776;HAVAIANA ALOHA BRANCO 41/42;17,24;25,99;Ativo
3842;7909690297321;HAVAIANA ATHLETIC MAR/TUR 31/32;17,74;26,99;Ativo
3841;7909690297338;HAVAIANA ATHLETIC MAR/TUR 33/34;17,74;26,99;Ativo
3843;7909690297345;HAVAIANA ATHLETIC MAR/TUR 35/36;17,74;26,99;Ativo
2062;7890557722240;HAVAIANA AZUL NAVAL 39/40;20,36;32,99;Ativo
2068;7890557722233;HAVAIANA AZUL NAVAL TAM. 3738;20,37;32,99;Ativo
4740;7890557699337;HAVAIANA BRASIL AZUL 35/36;31,98;49,99;Ativo
4738;7895265145282;HAVAIANA BRASIL BRC 33/34;31,99;49,99;Ativo
5044;7895265145299;HAVAIANA BRASIL BRC 35/36;31,99;49,99;Ativo
5042;7890557699504;HAVAIANA BRASIL BRC 41/42;31,98;49,99;Ativo
5043;7895265145336;HAVAIANA BRASIL BRC 43/44;31,99;49,99;Ativo
4739;7895265700320;HAVAIANA BRASIL PRETA 33/34;31,98;49,99;Ativo
8589;7909989428535;HAVAIANA ELEGANCE CAFE 35/36;19,89;29,99;Ativo
8587;7909843821922;HAVAIANA ELEGANCE DOURADO;17,69;26,99;Ativo
8588;7909843821878;HAVAIANA ELEGANCE PRETO;17,69;26,99;Ativo
8590;7909989317655;HAVAIANA ELEGANCE ROSA BALLET 35/6;17,69;26,99;Ativo
8591;7909843822035;HAVAIANA ELEGANCE ROSA CROCUS 37/8;17,69;26,99;Ativo
12209;7909989962169;HAVAIANA FANTASIA  PRETO 33/34;13,98;29,99;Ativo
12211;7909989962183;HAVAIANA FANTASIA  PRETO 37/38;13,98;29,99;Ativo
12210;7909989962190;HAVAIANA FANTASIA  PRETO 39/40;13,98;29,99;Ativo
3493;7909690414223;HAVAIANA FANTASIA GLOSS 33/34;19,20;29,99;Ativo
3495;7909690414230;HAVAIANA FANTASIA GLOSS 35/36;19,20;29,99;Ativo
3494;7909690414247;HAVAIANA FANTASIA GLOSS 37/38;19,20;29,99;Ativo
3496;7909690414254;HAVAIANA FANTASIA GLOSS 39/40;19,20;29,99;Ativo
12212;7909989962176;HAVAIANA FANTASIA PRETO 35/36;13,98;29,99;Ativo
3819;7893249594507;HAVAIANA MINECRAFT 39/40;17,23;25,99;Ativo
2070;7893249647340;HAVAIANA ROSA BALET TAM. 33/34;19,49;28,99;Ativo
2069;7893249647357;HAVAIANA ROSA BALLET TAM. 35/3;19,88;29,99;Ativo
3498;7890732316219;HAVAIANA SLIM BRANCO 33/34;17,89;26,99;Ativo
3499;7890732316226;HAVAIANA SLIM BRANCO 35/36;27,58;41,99;Ativo
3497;7890732316233;HAVAIANA SLIM BRANCO 37/38;27,58;41,99;Ativo
3500;7890732316240;HAVAIANA SLIM BRANCO 39/40;27,58;41,99;Ativo
3814;7909690794776;HAVAIANA SLIM PRINCESA 31/32;24,43;36,99;Ativo
3816;7909690794783;HAVAIANA SLIM PRINCESA 33/34;23,43;36,99;Ativo
3815;7909690794790;HAVAIANA SLIM PRINCESA 35/36;24,43;36,99;Ativo
3838;7909690257806;HAVAIANA TOP BASIC 39/40;15,60;23,99;Ativo
3839;7909690257813;HAVAIANA TOP BASIC 41/42;15,60;23,99;Ativo
3840;7909690257820;HAVAIANA TOP BASIC 43/44;15,60;23,99;Ativo
2064;7891109714461;HAVAIANA TOP BRANCA 33/34;18,86;32,99;Ativo
2065;7891109714492;HAVAIANA TOP BRANCA 39/40;18,86;32,99;Ativo
2063;7891109714508;HAVAIANA TOP BRANCA 41/42;18,86;32,99;Ativo
2066;7891109714478;HAVAIANA TOP BRANCA TAM. 35/36;18,86;32,99;Ativo
2067;7891109714485;HAVAIANA TOP BRANCA TAM. 37/38;18,86;32,99;Ativo
76;1526;HAVAIANA TOP ROSA BALLET 33/34;16,99;23,99;Ativo
12192;7891266524248;HAVAIANA TOP VERMELHO 37/38;18,86;32,99;Ativo
12191;7891266524255;HAVAIANA TOP VERMELHO 39/40;20,36;32,99;Ativo
12416;7891266524262;HAVAIANA TOP VERMELHO 41/42;18,86;32,99;Ativo
12201;7909989775431;HAVAIANAS  ATHLETIC AZUL 25/26;19,95;32,99;Ativo
10676;7909989611746;HAVAIANAS  ELEGANCE  MARINHO 39/40;17,78;26,99;Ativo
10687;7909989624807;HAVAIANAS  ORGANIC BCO/DOU 35/36;28,95;43,99;Ativo
7864;7909843685098;HAVAIANAS ALOHA PRETO 37/38;24,98;34,99;Ativo
7865;7909843685043;HAVAIANAS ALOHA VERDE 41/42;24,98;34,99;Ativo
3614;7909690270812;HAVAIANAS AMARELO CITRICO 37/38;25,18;37,99;Ativo
3616;7909690270836;HAVAIANAS AMARELO CITRICO/P 41/42;25,18;37,99;Ativo
10684;7909989693551;HAVAIANAS ANIMAIS ROSE GOLD 35/36;27,98;41,99;Ativo
10686;7909989693568;HAVAIANAS ANIMAIS ROSE GOLD 37/38;27,98;41,99;Ativo
10685;7909989693575;HAVAIANAS ANIMAIS ROSE GOLD 39/40;27,98;41,99;Ativo
3812;7909690270898;HAVAIANAS AREIA AZUL INDIGO 41/42;25,18;37,99;Ativo
3615;7909690270904;HAVAIANAS AREIA AZUL INDIGO 43/44;25,18;37,99;Ativo
12205;7909989775509;HAVAIANAS ATHLETIC 25/26;19,95;32,99;Ativo
12202;7909989775455;HAVAIANAS ATHLETIC AZUL 25/26;19,95;32,99;Ativo
12199;7909989775448;HAVAIANAS ATHLETIC AZUL 27/28;19,95;32,99;Ativo
12200;7909989775462;HAVAIANAS ATHLETIC AZUL 31/32;19,95;32,99;Ativo
12203;7909989775516;HAVAIANAS ATHLETIC CINZA 27/28;19,95;32,99;Ativo
12204;7909989775523;HAVAIANAS ATHLETIC CINZA 29/30;19,95;32,99;Ativo
12206;7909989775530;HAVAIANAS ATHLETIC CINZA 31/32;19,95;32,99;Ativo
2406;7893249746227;HAVAIANAS B.BRIGHT TAM 33/34;19,35;28,99;Ativo
2407;7893249746234;HAVAIANAS B.BRIGHT TAM 35/36;19,35;28,99;Ativo
2408;7893249746241;HAVAIANAS B.BRIGHT TAM 37/38;19,35;28,99;Ativo
10309;7909989745984;HAVAIANAS BABY PEPPA PIG 22;29,69;44,99;Ativo
3617;7893249654522;HAVAIANAS BEGE PALHA BEIGE 39/40;25,18;37,99;Ativo
2403;7893249923147;HAVAIANAS BEN10 AZUL TAM 29/30;16,17;24,99;Ativo
2404;7893249923154;HAVAIANAS BEN10 AZUL TAM 31/32;16,17;24,99;Ativo
139;1930;HAVAIANAS BEN10 BRA. TAM 29/30;16,17;24,99;Ativo
2405;7909690091585;HAVAIANAS BEN10 BRA. TAM 31/32;16,17;24,99;Ativo
2681;7893249923086;HAVAIANAS BEN10 TAM 27/28;0,00;0,00;Ativo
2682;7893249923093;HAVAIANAS BEN10 TAM 29/30;0,00;0,00;Ativo
2420;7893249923123;HAVAIANAS BEN10 TAM25/26;16,17;24,99;Ativo
12188;7890557571633;HAVAIANAS BRASIL AZUL MARINHO 33/34;31,98;49,99;Ativo
12189;7890557571657;HAVAIANAS BRASIL AZUL MARINHO 37/38;31,98;49,99;Ativo
7862;7890557699511;HAVAIANAS BRASIL AZUL NAVAL 43/44;31,98;49,99;Ativo
2444;7895265700337;HAVAIANAS BRASIL PRETA 35/36;31,98;49,99;Ativo
2445;7895265700344;HAVAIANAS BRASIL PRETA 37/38;31,99;49,99;Ativo
3468;7895265700368;HAVAIANAS BRASIL PRETO 41/42;31,99;49,99;Ativo
3469;7895265700375;HAVAIANAS BRASIL PRETO 43/44;31,99;49,99;Ativo
3470;7895265788915;HAVAIANAS BRASIL PRETO 45/46;21,21;31,99;Ativo
7867;7909843237815;HAVAIANAS COLOR ESSEN PRETO 41/42;20,89;29,99;Ativo
8070;7890732077851;HAVAIANAS COLOR MIX MARINHO 41/42;14,95;21,99;Ativo
10674;7909989611722;HAVAIANAS ELEGANCE  MARINHO 35/36;17,78;26,99;Ativo
10675;7909989611739;HAVAIANAS ELEGANCE  MARINHO 37/38;17,78;26,99;Ativo
8940;7909989428528;HAVAIANAS ELEGANCE CAFE 33/34;21,29;29,99;Ativo
8296;7909989428542;HAVAIANAS ELEGANCE CAFE 37/38;19,89;29,99;Ativo
8586;7909989545591;HAVAIANAS ELEGANCE CINZA GELO;18,93;28,99;Ativo
607;789802;HAVAIANAS ELEGANCE DOURADO;17,69;26,99;Ativo
10677;7909989793848;HAVAIANAS ELEGANCE PRINT 35/36;20,69;31,99;Ativo
10678;7909989793855;HAVAIANAS ELEGANCE PRINT 37/38;20,69;31,99;Ativo
10679;7909989793862;HAVAIANAS ELEGANCE PRINT 39/40;20,69;31,99;Ativo
8804;7909989912638;HAVAIANAS TRACK WAVES BRANCO 43/44;29,85;49,99;Ativo
10698;7909989912720;HAVAIANAS TRACK WAVES CINZA 37/38;24,85;49,99;Ativo
10699;7909989912737;HAVAIANAS TRACK WAVES CINZA 39/40;29,85;49,99;Ativo
8937;7909989912669;HAVAIANAS TRACK WAVES PRETO 37/38;29,85;49,99;Ativo
8938;7909989912676;HAVAIANAS TRACK WAVES PRETO 39/40;29,85;49,99;Ativo
8939;7909989912683;HAVAIANAS TRACK WAVES PRETO 41/42;29,85;49,99;Ativo
3465;7891109146378;HAVAIANAS TRADICIONAL AZUL 37/38;16,98;25,99;Ativo
3463;7891109146385;HAVAIANAS TRADICIONAL AZUL 39/40;16,98;25,99;Ativo
3464;7891109146392;HAVAIANAS TRADICIONAL AZUL 41/42;16,98;25,99;Ativo
7866;7909989384831;HAVAIANAS TUBE LILAS 37/38;13,98;22,99;Ativo
8727;7909989384770;HAVAIANAS TUBE PINK 35/36;15,16;22,99;Ativo
8726;7909989384688;HAVAIANAS TUBE PRETA 37/38;15,16;22,99;Ativo
12182;7909989897201;HAVAIANAS VAI BRASIL 33/34;26,98;39,99;Ativo
12183;7909989897218;HAVAIANAS VAI BRASIL 35/36;26,98;39,99;Ativo
12185;7909989897225;HAVAIANAS VAI BRASIL 37/38;26,98;39,99;Ativo
12187;7909989897287;HAVAIANAS VAI BRASIL 39/40;26,99;39,99;Ativo
12184;7909989897294;HAVAIANAS VAI BRASIL 41/42;26,99;39,99;Ativo
12186;7909989897300;HAVAIANAS VAI BRASIL 43/44;26,98;39,99;Ativo
10672;7890557644023;HAVAIANAS VERDE PATRIA 39/40;18,86;32,99;Ativo
10673;7890557662072;HAVAIANAS VERDE PATRIA 41/42;20,36;32,99;Ativo
11087;7909989734285;HAVAIANS SLIM SQUARE FLOWER 35/36;31,90;47,99;Ativo
7856;7909843685104;HAVAINAS ALOHA PRETO 39/40;24,98;34,99;Ativo
7855;7909843685111;HAVAINAS ALOHA PRETO 41/42;24,98;38,99;Ativo
7728;7890557699221;HAVAINAS BRASIL AZUL NAVAL 33/34;31,98;49,99;Ativo
7857;7909843238423;HAVAINAS COLOR ESSENTIAL MARINHO 39/40;19,98;27,99;Ativo
8746;7909989325087;HAVAINAS SLIM GLOSS AMARANTO 37/38;0,00;34,99;Ativo
8747;7909690414155;HAVAINAS SLIM GLOSS AZUL INDICO 39/40;0,00;34,99;Ativo
11086;7909989734308;HAVAINAS SLIM SQUARE FLOWER 39/40;31,90;47,99;Ativo
11084;7909989734315;HAVAINAS SLIM SQUARE FLOWER 41/42;31,90;47,99;Ativo
9617;7896045506873;HEINEKEN ORIGINAL LT 350ML;4,38;6,49;Ativo
6070;7896049528598;HERBISSIMO ACTION 55G;4,20;5,99;Ativo
8452;7896049525726;HERBISSIMO BIO PROTECT 55G;3,79;5,49;Ativo
6071;7896049528529;HERBISSIMO LAVANDA 55G;3,99;5,99;Ativo
3419;7896049528512;HERBISSIMO TRADICIONAL 55G;3,99;5,99;Ativo
8979;7896049526235;HERBISSIMO TWIST VANILLA 45G;7,05;10,99;Ativo
10445;7899970400704;HERSHEY`S TRIPLO CHOCOLATE 102G;3,69;5,49;Ativo
7487;7896085873126;HID AMENDOAS ORIGEM 380ML;6,68;9,49;Ativo
7313;7896085873072;HID CORP LAVANDA ORIGEM 380ML;6,68;9,49;Ativo
7676;7896085873140;HID LEITE DE AVEIAS ORIGEM 380ML;5,91;8,99;Ativo
7079;7896235354192;HID MONAGE EXTRATO/ALGODAO 200ML;6,26;8,99;Ativo
7078;7898919412389;HID MONAGE LEITE/AMENDOAS 200ML;6,43;8,99;Ativo
8100;7896085873089;HID ORIGEM FRUTAS.VERMELHAS 380ML;6,27;9,49;Ativo
75;1467;HID.MONANGE AVEIA 200ML;5,63;7,89;Ativo
2006;7898919412341;HID.MONANGE AVEIA 200ML;6,99;9,99;Ativo
4072;7898919412358;HID.MONANGE FLOR DE CEREJEIRA 200ML;4,39;6,49;Ativo
2005;7898919412334;HID.MONANGE FR VERM.200ML;6,94;9,99;Ativo
2004;7898919412327;HID.MONANGE LAVANDA 200ML;6,94;9,99;Ativo
1872;7898919412266;HID.PAIXÃO IRRESISTÍVEL 400ML;12,30;15,49;Ativo
1871;7898919412273;HID.PAIXÃO TENTADORA 400ML;12,30;15,49;Ativo
9986;7896098908211;HIDRA CORP FLOR DE YPE AMEIXA FLOR DE LOTUS 400ML;13,62;19,99;Ativo
9987;7896098908235;HIDRA CORP FLOR DE YPE KARI E FLOR DE AMEND 2OOML;8,13;11,99;Ativo
9832;7898489512663;HIDRA LEITE DE AVEIA 400ML;17,44;25,49;Ativo
10576;7891150028432;HIDRA VASENOL NUTRI DO CACAU 400ML;19,67;28,99;Ativo
10463;7896098908242;HIDRAT CORPORAL AGUA DE COCO 200ML;5,85;8,49;Ativo
12263;7898489511086;HIDRAT DAVENE LEITE AVEIA 180ML;8,58;12,49;Ativo
3039;7898489514551;HIDRAT. BEBE VIDA SUAVE 200ML;8,27;12,49;Ativo
10465;7896098908228;HIDRATANTE CORPORAL AMEIXA E FLOR DE LOTUS 200ML;6,16;8,49;Ativo
5380;7896246310842;HIDRATANTE FRUTAS VERMELHAS UP 400ML;10,18;14,99;Ativo
9079;4005900453259;HIDRATANTE LABIAL NIVEA AMORA 4.8G;17,88;25,99;Ativo
9077;4005900663993;HIDRATANTE LABIAL NIVEA CEREJA 4.8G;12,15;17,99;Ativo
9078;4005808850617;HIDRATANTE LABIAL NIVEA ORIGINAL 4.8G;17,88;25,99;Ativo
9978;7890704851335;HIDRATANTE LABIAL NIVEA SUN PROTECT 4.8G;15,85;22,49;Ativo
7711;7898085945049;HIDRATANTE LEITE DE AVEIA 180ML;7,49;10,99;Ativo
5381;7896246310859;HIDRATANTE MACADAMIA UP 400ML;10,18;14,99;Ativo
5583;7898919412372;HIDRATANTE MONANGE EX/OLIVA 200ML;6,43;8,99;Ativo
8706;4005900498205;HIDRATANTE NIVEA FIRMADOR Q10 200ML;18,71;26,99;Ativo
2927;4005808309436;HIDRATANTE NIVEA MILK 48H 20ML;12,76;19,99;Ativo
8707;4005808311286;HIDRATANTE NIVEA PELE SECA 200ML;18,71;26,99;Ativo
4161;4005900116192;HIDRATANTE NIVEA Q10 400ML;27,31;39,99;Ativo
7619;7891150063105;HIDRATANTE NUTRICAO PROF DOVE 250ML;11,07;15,99;Ativo
5585;7896235354062;HIDRATANTE PAIXAO AVELÃ 200ML;5,99;8,99;Ativo
8366;7896235354550;HIDRATANTE PAIXAO CACAU PIMENTA 200ML;6,98;9,49;Ativo
11004;7896235354888;HIDRATANTE PAIXAO DAMA DE PRATA 200ML;5,99;8,99;Ativo
5584;7896235354079;HIDRATANTE PAIXAO FLOR/BAUNILHA 200ML;6,70;9,49;Ativo
4951;7896235354055;HIDRATANTE PAIXÃO FRAMBOESA 200ML;7,24;10,49;Ativo
2209;78907850;HIDRATANTE PAIXÃO INSPI. 200ML;7,24;10,49;Ativo
5922;7898919412259;HIDRATANTE PAIXAO INSPIRADORA 400ML;9,74;13,99;Ativo
2925;78914957;HIDRATANTE PAIXÃO IRRESISTIVEL 200ML;7,24;10,49;Ativo
4071;78914971;HIDRATANTE PAIXÃO RADIANTE 200ML;4,32;6,49;Ativo
4070;78925588;HIDRATANTE PAIXÃO ROMANTICA 200ML;4,32;6,49;Ativo
2926;78907867;HIDRATANTE PAIXÃO SEDUTORA 200ML;5,06;6,99;Ativo
3606;78922686;HIDRATANTE PAIXÃO TENTADORA 200ML;6,30;8,99;Ativo
2096;7897042015894;HIDRATANTE SKALA LAVANDA 400ML;4,69;6,99;Ativo
9686;7897042015832;HIDRATANTE SKALA LEITE VEGETAL 400ML;5,14;7,99;Ativo
9685;7897042015825;HIDRATANTE SKALA ROSAS E AMENDOAS 400ML;5,14;7,99;Ativo
5597;7891150028425;HIDRATANTE VASENOL CACAU 200ML;10,76;15,99;Ativo
10577;7891150028326;HIDRATANTE VASENOL HAND REPAIR 75ML;21,28;31,99;Ativo
4366;7891150028418;HIDRATANTE VASENOL P/ MAOS E UNHAS 200ML;10,76;15,99;Ativo
7581;7891156076185;HILINE YAKULT 100ML;4,00;5,49;Ativo
4609;7891156011018;HILINE YAKULT 100ML;3,49;4,99;Ativo
1511;7896217105897;HORTELÃ BAMBU 15G;0,90;1,79;Ativo
2441;7898936312211;HORTELÃ MORITA CADA;1,80;2,99;Ativo
3247;7893000043220;HOT POCKER X-BACON 145G;7,72;10,99;Ativo
2512;7571518536334;HOT POCKER X-BURGUER 145G;0,00;0,00;Ativo
2810;7891515556327;HOT POCKER X-CHEDER 145G;4,75;5,99;Ativo
1933;7891515630614;HOT POCKET X-BURGUER 145G;7,09;10,49;Ativo
164;2063;HOT POCKET XBURGUER SADIA 145G;5,49;7,99;Ativo
1932;7893000043213;HOT POCKET X-PICANHA 145G;6,99;9,99;Ativo
71;1389;HOT POCKET X-PICANHA 145G;6,49;4,80;Ativo
3748;7891515556334;HOT POCKT SADIA 145G;5,99;7,99;Ativo
10473;7896050201886;HYDRO PROTEIN S/FRUTAS VERM 500ML;6,49;9,99;Ativo
10475;7896050201749;HYDRO PROTEIN S/LIMAO 500ML;6,49;9,99;Ativo
10474;7896050201756;HYDRO PROTEIN S/TANGERINA 500ML;6,49;9,99;Ativo
10472;7896050201763;HYDRO PROTEIN S/UVA 500ML;6,49;9,99;Ativo
6915;7896092503313;ICE ASKOV F VERMELHAS 275ML;3,99;5,49;Ativo
4659;7896273100898;ICE BAILALAIKA LIMAO 275ML;3,11;4,49;Ativo
7326;7898377661770;ICE BLUE SPIRIT 275ML;4,84;6,99;Ativo
6543;7897395000493;ICE CABARE FRUTAS AMARELAS 275ML;6,37;8,99;Ativo
6544;7897395000523;ICE CABARE FRUTAS VERM 275ML;6,37;8,99;Ativo
7553;7897395001513;ICE CABARE S/TANGERINA 275ML;6,37;8,99;Ativo
5559;7896547500157;ICE COROTE S/LIMAO 275ML;3,89;5,89;Ativo
5847;7896547501543;ICE COROTE S/SEX ON 275ML;3,89;5,89;Ativo
2085;7898307570165;ICE DRINK LIMÃO 300ML;1,75;2,99;Ativo
6265;7893218003610;ICE IMIRNOFF 269ML;4,19;6,99;Ativo
8295;7909989428597;HAVAIANAS ELEGANCE ROSA CLAY 37/38;19,89;29,99;Ativo
12208;7909989962220;HAVAIANAS FANTASIA ROSA 35/36;15,89;29,99;Ativo
12207;7909989962237;HAVAIANAS FANTASIA ROSA 37/38;15,89;29,99;Ativo
10680;7909989761762;HAVAIANAS FANTASIA RS BALLET 35/36;18,78;28,99;Ativo
10682;7909989761779;HAVAIANAS FANTASIA RS BALLET 37/38;18,78;28,99;Ativo
10681;7909989761786;HAVAIANAS FANTASIA RS BALLET 39/40;18,78;28,99;Ativo
2379;7893249701813;HAVAIANAS FROZEN TAM 25/26;18,84;27,99;Ativo
135;1900;HAVAIANAS FROZEN TAM 27/28;18,84;27,99;Ativo
2380;7893249701837;HAVAIANAS FROZEN TAM 29/30;18,84;27,99;Ativo
2393;7893249701844;HAVAIANAS FROZEN TAM 31/32;18,80;27,99;Ativo
2381;7893249874883;HAVAIANAS HELLO KIT TAM 25/26;18,84;27,99;Ativo
2382;7893249874890;HAVAIANAS HELLO KIT TAM 27/28;18,84;27,99;Ativo
2383;7893249874906;HAVAIANAS HELLO KIT TAM 29/30;18,84;27,99;Ativo
136;1904;HAVAIANAS HELLO KIT TAM 31/32;18,84;27,99;Ativo
12197;7909989730485;HAVAIANAS KIDS FLORES 25/26;20,89;32,99;Ativo
12196;7909989702871;HAVAIANAS KIDS FLORES 29/30;20,89;32,99;Ativo
12198;7909989730515;HAVAIANAS KIDS FLORES 31/32;20,89;32,99;Ativo
12195;7909989702888;HAVAIANAS KIDS FLORES 31/32;20,89;32,99;Ativo
12194;7909989702949;HAVAIANAS KIDS FLORES ROSA  29/30;20,89;32,99;Ativo
2409;7893249262239;HAVAIANAS MARINHO TAM 39/40;21,73;29,99;Ativo
2410;7893249262246;HAVAIANAS MARINHO TAM 41/42;21,73;29,99;Ativo
9020;7909843976431;HAVAIANAS MARVEL 39/40;25,91;38,99;Ativo
9019;7909843976851;HAVAIANAS MARVEL 43/44;25,91;38,99;Ativo
9021;7909843974826;HAVAIANAS MARVEL BRANCO 39/40;25,89;38,99;Ativo
3820;7893249016610;HAVAIANAS MINECRAFT 37/38;17,23;25,99;Ativo
2398;7893249748283;HAVAIANAS MINIE AMAR TAM 33/34;21,10;31,99;Ativo
2399;7893249748290;HAVAIANAS MINIE AMAR TAM 35/36;21,10;31,99;Ativo
2400;7893249748306;HAVAIANAS MINIE AMAR TAM 37/38;21,10;31,99;Ativo
2401;7893249748085;HAVAIANAS MINIE ROSA TAM 35/36;21,10;31,99;Ativo
2402;7893249748092;HAVAIANAS MINIE ROSA TAM 37/38;21,10;31,99;Ativo
10689;7909989624852;HAVAIANAS ORGANIC PTO/CIN/DOU 35/36;28,95;43,99;Ativo
10688;7909989624869;HAVAIANAS ORGANIC PTO/CIN/DOU 37/38;28,95;43,99;Ativo
10691;7909989624753;HAVAIANAS ORGANIC ROSA/DOU 35/36;28,95;43,99;Ativo
10690;7909989624760;HAVAIANAS ORGANIC ROSA/DOU 37/38;28,95;43,99;Ativo
2394;7893249714752;HAVAIANAS PEQ SEREIA TAM 25/26;18,84;27,99;Ativo
2395;7893249714769;HAVAIANAS PEQ SEREIA TAM 27/28;18,84;27,99;Ativo
2396;7893249714776;HAVAIANAS PEQ SEREIA TAM 29/30;18,84;27,99;Ativo
2397;7893249714783;HAVAIANAS PEQ SEREIA TAM 31/32;18,84;27,99;Ativo
10692;7909989787793;HAVAIANAS PETS DOU/PTO/BCO 35/36;26,98;40,99;Ativo
10693;7909989787809;HAVAIANAS PETS DOU/PTO/BCO 37/38;26,98;40,99;Ativo
10694;7909989787816;HAVAIANAS PETS DOU/PTO/BCO 39/40;26,98;40,99;Ativo
10695;7909989595824;HAVAIANAS PETS ROSA CHIFFON 33/34;26,98;40,99;Ativo
10696;7909989595831;HAVAIANAS PETS ROSA CHIFFON 35/36;26,98;40,99;Ativo
10697;7909989596135;HAVAIANAS PETS ROSA CHIFFON 37/38;26,98;40,99;Ativo
7568;7909843379874;HAVAIANAS POP AMARELO 39/40;20,36;32,99;Ativo
2392;7893249567068;HAVAIANAS ROSA BALET TAM 33/34;16,85;24,99;Ativo
2391;7893249567075;HAVAIANAS ROSA BALET TAM 35/36;16,85;24,99;Ativo
2390;7893249567082;HAVAIANAS ROSA BALET TAM 37/38;16,85;24,99;Ativo
8198;7893249648064;HAVAIANAS ROSA FLUX 35/36;18,86;32,99;Ativo
8199;7893249648071;HAVAIANAS ROSA FLUX 37/38;18,86;32,99;Ativo
2389;7893249603186;HAVAIANAS ROSA FLUX TAM 33/34;16,85;24,99;Ativo
2388;7893249603193;HAVAIANAS ROSA FLUX TAM 35/36;16,85;24,99;Ativo
2387;7893249603209;HAVAIANAS ROSA FLUX TAM 37/38;16,85;24,99;Ativo
10683;7890557502484;HAVAIANAS SLIM AREIA/DOURADO 37/38;27,58;41,99;Ativo
3813;7893249567099;HAVAIANAS SLIM ROSA BALLET 39/40;18,76;28,99;Ativo
11085;7909989734292;HAVAIANAS SLIM SQUARE FLOWER 37/38;31,91;47,99;Ativo
7730;7896871213068;HAVAIANAS SURF AZUL 39/40;14,98;26,99;Ativo
11090;7909989837931;HAVAIANAS TOP  VIBES BRANCO 43/44;25,90;39,99;Ativo
8297;7909843379881;HAVAIANAS TOP AMARELA 41/42;20,36;32,99;Ativo
8298;7909843379898;HAVAIANAS TOP AMARELA 43/44;20,39;28,99;Ativo
3811;7909690222033;HAVAIANAS TOP ATHLETIC TM 39/40;19,98;29,99;Ativo
7863;7890541601896;HAVAIANAS TOP AZUL MARINHO 39/40;18,86;32,99;Ativo
3467;7891109714515;HAVAIANAS TOP BRANCA 43/44;18,87;32,99;Ativo
8743;7891109749173;HAVAIANAS TOP BRANCO 25/26;16,71;24,99;Ativo
8744;7891109714430;HAVAIANAS TOP BRANCO 27/28;16,71;24,99;Ativo
7569;791109714447;HAVAIANAS TOP BRANCO 29/30;18,89;26,99;Ativo
8745;7891109714447;HAVAIANAS TOP BRANCO 29/30;16,71;24,99;Ativo
7570;7891109714454;HAVAIANAS TOP BRANCO 31/32;16,71;24,99;Ativo
10811;7909989679623;HAVAIANAS TOP CAFE 35/36;21,39;32,99;Ativo
10810;7909989679630;HAVAIANAS TOP CAFE 37/38;21,39;32,99;Ativo
10812;7909989679647;HAVAIANAS TOP CAFE 39/40;21,39;32,99;Ativo
7573;7890541641908;HAVAIANAS TOP CINZA 35/36;18,02;25,99;Ativo
7729;7890541641915;HAVAIANAS TOP CINZA 37/38;19,88;29,99;Ativo
7572;790541641915;HAVAIANAS TOP CINZA 37/38;18,37;25,99;Ativo
7571;7890541641922;HAVAIANAS TOP CINZA 39/40;18,37;25,99;Ativo
7574;7909690697060;HAVAIANAS TOP LILAS 33/34;18,02;28,99;Ativo
7575;7909690697077;HAVAIANAS TOP LILAS 35/36;20,39;28,99;Ativo
7576;7909690697084;HAVAIANAS TOP LILAS 37/38;20,39;28,99;Ativo
8069;7890541601865;HAVAIANAS TOP MARINHO 33/34;20,36;32,99;Ativo
3466;7891109486214;HAVAIANAS TOP PRETO 37/38;20,37;32,99;Ativo
3471;7891109486221;HAVAIANAS TOP PRETO 39/40;18,87;32,99;Ativo
3472;7891109486238;HAVAIANAS TOP PRETO 41/42;20,37;32,99;Ativo
3473;7891109486245;HAVAIANAS TOP PRETO 43/44;18,87;32,99;Ativo
7859;7909843666318;HAVAIANAS TOP PRETO/BRANCO 37/38;24,98;34,99;Ativo
7858;7909843666325;HAVAIANAS TOP PRETO/BRANCO 39/40;24,98;34,99;Ativo
7860;7909843666332;HAVAIANAS TOP PRETO/BRANCO 41/42;24,98;34,99;Ativo
7861;7909843666349;HAVAIANAS TOP PRETO/BRANCO 43/44;24,98;34,99;Ativo
10815;7893249588087;HAVAIANAS TOP ROSA BALLET 33/34;21,39;32,99;Ativo
10816;7893249588094;HAVAIANAS TOP ROSA BALLET 35/36;21,40;32,99;Ativo
10817;7893249588100;HAVAIANAS TOP ROSA BALLET 37/38;21,40;32,99;Ativo
10818;7893249588117;HAVAIANAS TOP ROSA BALLET 39/40;21,39;32,99;Ativo
11093;7893249648088;HAVAIANAS TOP ROSA FLUX 39/40;18,86;32,99;Ativo
10814;7891224793440;HAVAIANAS TOP ROSE GOLD 35/36;21,39;32,99;Ativo
10813;7891224793457;HAVAIANAS TOP ROSE GOLD 37/38;21,39;32,99;Ativo
7577;7890541641861;HAVAIANAS TOP ROSE GOLD 37/38;18,38;25,99;Ativo
12190;7890557662065;HAVAIANAS TOP VERDE PATRIA 37/38;18,86;32,99;Ativo
7578;7891109263747;HAVAIANAS TOP VERM RUBI 37/38;18,37;25,99;Ativo
12421;7909989845790;HAVAIANAS TOP VIBES  MA/AZUL  41/42;25,90;39,99;Ativo
11088;7909989837566;HAVAIANAS TOP VIBES 39/40;25,91;39,99;Ativo
11092;7909989837542;HAVAIANAS TOP VIBES BRANCO 35/36;25,90;39,99;Ativo
11089;7909989837559;HAVAIANAS TOP VIBES BRANCO 37/38;25,91;39,99;Ativo
11091;7909989837573;HAVAIANAS TOP VIBES BRANCO 41/42;25,90;39,99;Ativo
12420;7909989845806;HAVAIANAS TOP VIBES MAR/AZ  43/44;25,90;39,99;Ativo
12417;7909989842089;HAVAIANAS TOP VIBES MAR/AZ 39/40;25,90;39,99;Ativo
12419;7909989842072;HAVAIANAS TOP VIBES MAR/AZUL  37/38;25,90;39,99;Ativo
12418;7909989842065;HAVAIANAS TOP VIBES MAR/AZUL 35/36;25,90;39,99;Ativo
8200;7909989680674;HAVAIANAS TRACK GO CINZA GELO 39/40;24,50;38,99;Ativo
8201;7909989680681;HAVAIANAS TRACK GO CINZA GELO 41/42;24,50;38,99;Ativo
8202;7909989680612;HAVAIANAS TRACK GO MARINHO 39/40;22,89;32,99;Ativo
8205;7909989680629;HAVAIANAS TRACK GO MARINHO 41/42;22,89;32,99;Ativo
8204;7909989680551;HAVAIANAS TRACK GO PRETO 39/40;22,89;32,99;Ativo
8203;7909989680568;HAVAIANAS TRACK GO PRETO 41/42;22,89;32,99;Ativo
12193;7909989912744;HAVAIANAS TRACK WAVER 41/42;24,85;49,99;Ativo
8936;7909989912614;HAVAIANAS TRACK WAVES 39/40;29,86;49,99;Ativo
8803;7909989912607;HAVAIANAS TRACK WAVES BRANCO 37/38;29,86;49,99;Ativo
8805;7909989912621;HAVAIANAS TRACK WAVES BRANCO 41/42;29,86;49,99;Ativo
1292;7898032681600;GEL LIMPADOR SNT. SAMPA CLEAN;0,00;4,99;Ativo
1294;7898032681617;GEL LIMPADOR SNT. SAMPA CLEAN;0,00;4,99;Ativo
1293;7898032681624;GEL LIMPADOR SNT. SAMPA CLEAN;3,15;4,99;Ativo
3692;7898553880025;GEL MAX COLA 250G;6,10;8,99;Ativo
1457;7898553880032;GEL MAX COLA 500G;9,99;14,49;Ativo
117;1777;GEL NY LOOKS 240G;4,31;6,49;Ativo
2274;7891350034950;GEL NY LOOKS 240G;6,45;9,49;Ativo
1235;7898431310224;GEL P/ MASS. DR. MASSAGEM 240G;0,00;4,99;Ativo
4010;7898032682201;GEL P/ SANITARIO;3,37;5,49;Ativo
4864;7898936760821;GEL PIERRY LOHAN CERA 500G;10,50;15,49;Ativo
4863;7898936760357;GEL PIERRY LOHAN COLA 500G;9,80;14,99;Ativo
4142;7896451914354;GEL.DOCILE CUBO 80G;2,93;4,49;Ativo
2284;7891048050644;GEL.DR OETKER LIMÃO 20G;1,50;2,19;Ativo
2286;7891048050651;GEL.DR OETKER MARACUJA 20G;1,50;2,19;Ativo
2285;7891048050682;GEL.DR OETKER UVA 20G;1,50;2,19;Ativo
2699;7896292314344;GEL.SOFRUTA GOIABA  230G;3,85;5,49;Ativo
2698;7896292314351;GEL.SOFRUTA UVA 230G;4,09;7,99;Ativo
7072;7896673042750;GELADINHO ARTIFICIAL C/5 UN;1,36;2,00;Ativo
7800;7896673042644;GELADINHO KE-DELICIA ABACAXI 55ML;0,27;0,50;Ativo
7801;7896673042668;GELADINHO KE-DELICIA LARANJA 55ML;0,27;0,50;Ativo
7797;7896673042613;GELADINHO KE-DELICIA MORANGO 55ML;0,27;0,50;Ativo
7798;7896673042651;GELADINHO KE-DELICIA TUTTI FRUT 55ML;0,27;0,50;Ativo
7799;7896673042637;GELADINHO KE-DELICIA UVA 55ML;0,27;0,50;Ativo
1965;7891048050057;GELAT.S.SABOR DR.OETKER 24G;6,42;9,49;Ativo
3703;7898409952173;GELAT.S.SABOR FLEISCHMAN 24G;5,25;7,89;Ativo
5996;7896327516132;GELATINA ABACAXI APTI 20G;1,05;1,59;Ativo
10651;7896327513971;GELATINA APTI ZERO FRUTAS VERM 12G;1,79;2,69;Ativo
827;7898027658082;GELATINA CAMP FRAMBOESA 30G;0,39;0,99;Ativo
828;7898027658105;GELATINA CAMP MORANGO 30G;0,39;0,99;Ativo
5993;7896327516156;GELATINA CEREJA APTI 20G;1,05;1,59;Ativo
1581;7896327514138;GELATINA DE ABACAXI APTI 35G;0,73;0,49;Ativo
6807;7896005218013;GELATINA DE ABACAXI SOL 25G;1,15;1,69;Ativo
1585;7896327514237;GELATINA DE AMORA APTI 35G;0,73;0,49;Ativo
1582;7896327514152;GELATINA DE CEREJA APTI 35G;0,73;0,49;Ativo
6806;7896005218037;GELATINA DE CEREJA SOL 25G;1,15;1,69;Ativo
1583;7896327514169;GELATINA DE FRAMBOESA APTI 35G;0,73;0,49;Ativo
1584;7896327514145;GELATINA DE LIMÃO APTI 35G;0,49;0,49;Ativo
6805;7896005218051;GELATINA DE LIMAO SOL 25G;1,15;1,69;Ativo
1580;7896327514183;GELATINA DE MARACUJÁ APTI 35G;0,73;0,49;Ativo
1587;7896327514114;GELATINA DE MORANGO APTI 35G;0,20;0,49;Ativo
1586;7896327514176;GELATINA DE TUTTI-FRU APTI 35G;0,73;0,49;Ativo
1588;7896327514121;GELATINA DE UVA APTI 35G;0,73;0,49;Ativo
4894;7896451912541;GELATINA DOCILE FITINHA 80G;2,93;4,49;Ativo
2664;7891048050606;GELATINA DR OETKER ABACAXI 20G;1,50;2,19;Ativo
10659;7891048046647;GELATINA DR OETKER LIMAO DIET 12G;3,23;4,49;Ativo
2665;7891048050668;GELATINA DR OETKER MORANGO 20G;1,50;2,19;Ativo
2663;7891048050675;GELATINA DR OETKER T FRUT 20G;1,50;2,19;Ativo
829;7891048050620;GELATINA DR. OETKER CEREJA 20G;1,50;2,19;Ativo
10658;7891048046630;GELATINA DR. OETKER FRAMB DIET 12GR;3,23;4,49;Ativo
9910;7898591455001;GELATINA FINE TUBES UVA 80G;3,99;6,49;Ativo
8754;7891048084540;GELATINA FINI BANANAS 20G;1,65;2,49;Ativo
8753;7891048084526;GELATINA FINI BEIJOS 20G;1,49;2,49;Ativo
8756;7891048084533;GELATINA FINI DENTADURAS 20G;1,65;2,49;Ativo
8755;7891048046661;GELATINA FINI DIET UVA DR 12G;3,23;4,49;Ativo
3370;7891048050637;GELATINA FRAMBOESA DR OETKER 20G;1,50;2,19;Ativo
8398;7898656686258;GELATINA GUMMY MANIA SAPO;3,01;4,49;Ativo
7254;7898331013232;GELATINA INCOLOR FLEISCHIMANN C/2 12G;5,86;8,49;Ativo
9960;7893333229001;GELATINA INCOLOR ROYAL S/SABOR 24G;7,12;10,99;Ativo
8099;7896005211144;GELATINA INCOLOR SOL 12G;2,66;3,99;Ativo
5992;7896327516149;GELATINA LIMAO APTI 20G;0,99;1,49;Ativo
5995;7896327516187;GELATINA MARACUJA APTI 20G;1,05;0,99;Ativo
3367;7891048050705;GELATINA MARACUJA LV O DOBRO 40G;1,87;1,99;Ativo
5997;7896327516118;GELATINA MORANGO APTI 20G;0,95;1,49;Ativo
3368;7891048050699;GELATINA MORANGO LV O DOBRO 40G;1,87;2,79;Ativo
3165;7622300860059;GELATINA ROYAL 25G ABACAXI;1,59;1,59;Ativo
3169;7622300859978;GELATINA ROYAL 25G CEREJA;0,99;0,99;Ativo
3166;7622300859930;GELATINA ROYAL 25G FRAMBOESA;1,59;2,39;Ativo
3168;7622300859893;GELATINA ROYAL 25G LIMÃO;0,50;0,99;Ativo
3167;7622300859855;GELATINA ROYAL 25G MARACUJA;1,59;1,89;Ativo
7849;7622300859817;GELATINA ROYAL 25G MORANGO;1,49;2,19;Ativo
4162;7622300859770;GELATINA ROYAL UVA 25G;1,49;2,19;Ativo
5481;7896072050035;GELATINA S/SABOR INCOLOR BRETZKE 48G;2,79;4,49;Ativo
7004;7908458304547;GELATINA SALON LINE RICINO 550G;17,45;24,99;Ativo
9684;7898524349155;GELATINA SALON LINE S.TRANSICAO 550G;18,02;25,99;Ativo
6865;7898623951198;GELATINA SALON LINE SUPER DEFINIÇÃO 550G;18,02;25,99;Ativo
1069;7896706302233;GELATINA SEM SABOR NEILAR 24G;1,81;2,69;Ativo
11058;7896005210581;GELATINA SOL ABACAXI 20G;0,98;1,79;Ativo
11059;7896005210628;GELATINA SOL CEREJA 20G;0,98;1,79;Ativo
11060;7896005210659;GELATINA SOL FRAMBOESA 20G;0,98;1,79;Ativo
11063;7896005210697;GELATINA SOL LIMAO 20G;0,98;1,79;Ativo
11061;7896005210741;GELATINA SOL MORANGO 20G;0,98;1,79;Ativo
11062;7896005210789;GELATINA SOL UVA 20G;0,98;1,79;Ativo
5994;7896327516125;GELATINA UVA APTI 20G;1,05;1,59;Ativo
3369;7891048050712;GELATINA UVA LV O DOBRO 40G;1,87;1,99;Ativo
3990;7790580411770;GELATINAS 7BELO 70G;2,49;3,49;Ativo
3991;7790580413422;GELATINAS 7BELO MORANGO 70G;2,25;3,49;Ativo
6581;7891151040921;GELATINAS BEIJINHO GO 70G;2,89;3,99;Ativo
5211;7898279790431;GELATINAS FINI AMORA 90G;4,23;6,49;Ativo
8413;7908228806011;GELATINAS FINI ARANHA 80G;3,99;6,49;Ativo
6504;7898279790387;GELATINAS FINI AROS MOR.90G;4,23;6,49;Ativo
5208;7898279790394;GELATINAS FINI BANANAS 90G;4,23;6,49;Ativo
5213;7898279790400;GELATINAS FINI BEIJOS 90G;4,23;6,49;Ativo
5216;7898279790417;GELATINAS FINI DENTADURAS 90G;4,23;6,49;Ativo
10609;7908228808152;GELATINAS FINI FAZENDO ARTE 80G;3,59;6,49;Ativo
6505;7898279791179;GELATINAS FINI MARSH ALVORADA.90G;4,39;6,99;Ativo
6507;7898279794521;GELATINAS FINI MARSH CORAÇÃO.90G;4,39;6,99;Ativo
6506;7898279797911;GELATINAS FINI MARSH FLOR.90G;4,39;6,99;Ativo
5214;7898279790776;GELATINAS FINI MINHOCAS 90G;4,23;6,49;Ativo
5217;7898279792039;GELATINAS FINI MINHOCAS AZED.90G;4,23;6,49;Ativo
5210;8410525159619;GELATINAS FINI MOR.NATA 80G;4,23;6,49;Ativo
5218;7898279791162;GELATINAS FINI TPRÇÃO BAUN.90G;3,99;6,49;Ativo
10297;7908228807322;GELATINAS FINI TUBES AZED. 80G;3,99;6,49;Ativo
5209;8410525146435;GELATINAS FINI TUBES AZED.80G;4,23;6,49;Ativo
5212;7898279790639;GELATINAS FINI URSINHOS 90G;5,29;6,49;Ativo
5215;7898279792077;GELATINAS FINIHAMBURGUERS 90G;4,23;6,49;Ativo
3992;7790580415150;GELATINAS MORDIDA ARCOR 70G;2,49;3,99;Ativo
4813;7790580411718;GELATINAS PLUTONITA ARCOR 70G;2,49;3,99;Ativo
4814;7790580414856;GELATINAS UNICORNIO ARCOR 70G;2,09;3,49;Ativo
3632;7896451912435;GELATINE DENTADURAS ACIDO DOCILE 80G;3,37;4,99;Ativo
5962;7896451920355;GELATINES ABBORA DOCILE 80G;3,21;4,99;Ativo
3636;7896451908681;GELATINES AMORAS DOCILE 80G;3,37;4,99;Ativo
3635;7896451908810;GELATINES BANANA DOCILE 80G;3,37;4,99;Ativo
5957;7891151041010;GELATINES BANANA GO! 70G;2,69;3,99;Ativo
5122;7896451909381;GELATINES BEIJO DOCILE 70G;2,94;4,49;Ativo
5958;7891151034944;GELATINES CHAVES GO! 70G;2,69;3,99;Ativo
3634;7896451908629;GELATINES COBRINHAS DOCILE 80G;3,37;4,99;Ativo
3631;7896451906168;GELATINES COBRINHAS DOCILE 80G;3,37;4,99;Ativo
5959;7891151041102;GELATINES DENTADURA GO! 70G;2,69;3,99;Ativo
3633;7896451906175;GELATINES DENTADURAS DOCILE 80G;3,24;4,99;Ativo
3637;7896451908803;GELATINES FESTA DOCILE 80G;2,93;4,49;Ativo
6306;7896451922656;GELATINES MIX DOCILE 80G;3,37;4,99;Ativo
4533;7896451921772;GELATINES SKATE DOCILE 70G;3,37;4,99;Ativo
3638;7896451913869;GELATINES UNI DOCILE 80G;2,93;4,49;Ativo
12327;7896025804128;GELEIA CEPERA FVERMELHAS 230G;12,66;17,99;Ativo
12329;7896025801660;GELEIA CEPERA S/GOIABA 230G;9,93;14,99;Ativo
12328;7896025801677;GELEIA CEPERA S/MORANGO 230G;12,66;17,99;Ativo
7945;7898145450391;GELEIA CRISTAL 180G;1,17;1,79;Ativo
7555;7896292307513;GELEIA DE FRAMBOESA PREDILECTA 320G;15,11;21,99;Ativo
10470;736532239631;GELEIA DE FRUTAS PRIMO 55G;1,09;1,99;Ativo
9224;7891032019343;GELEIA DE GOIABA OLE 230G;6,99;9,99;Ativo
10471;736532043306;GELEIA DE MOCOTO 35G;1,04;1,99;Ativo
8110;7896292360709;GELEIA DE PESSEGO PREDILECTA 230G;9,49;13,99;Ativo
10020;7896001200111;GELEIA LINEA FRUTAS VERMELHAS 230G;18,23;26,99;Ativo
10021;7896001210042;GELEIA LINEA MORANGO 230G;20,83;29,99;Ativo
1826;7896292360112;GELEIA PREDLECTA MORANGO 230G;6,67;9,49;Ativo
1825;7896292360143;GELEIA PREDLECTA UVA 230G;5,80;7,99;Ativo
6873;7896104805916;GELEIA RITTER S/ABACAXI 310G;14,59;20,49;Ativo
6874;7896104805923;GELEIA RITTER S/AMORA 310G;14,59;20,49;Ativo
10330;7891150096233;GELEIA SEDA DEFINICAO INTENSA 500G;19,85;27,99;Ativo
6277;609963255955;GELO DE COCO;0,00;2,50;Ativo
6279;7897990137044;GELO DE MARACUJA;0,00;2,50;Ativo
6278;609963255924;GELO DE MELANCIA;0,00;2,50;Ativo
10480;74468155497;GELO DE SABOR 200ML;0,99;1,99;Ativo
162;2059;GENGIBRE KG;12,50;19,99;Ativo
10656;7891048050613;GETALINA DR.OETKER AMORA 20G;1,50;2,19;Ativo
5940;7500435134156;GILLETTE 5 PLATINUM;37,95;2,99;Ativo
9417;7500435172561;GILLETTE VENUS SUAVE SENSITIVE 4UN;21,45;30,99;Ativo
9501;7898422679514;GIN ETERNITY PESSEGO E FRAMBOESA 900ML;15,79;24,99;Ativo
10580;7898080663900;GIN INTENCION MORANGO 900ML;11,90;19,99;Ativo
10579;7898080663771;GIN INTENCION ZIMBRO 900ML;11,90;19,99;Ativo
8715;7896037918646;GIN ROCK´S STRAWBERRY 1L;21,90;34,99;Ativo
7724;7894900184709;GIN TONICA PINK SCHWEPPES 269ML;4,53;6,49;Ativo
12476;7894650938928;GLADE AGUAS FLORAIS 360ML;10,94;17,99;Ativo
12474;7894650015667;GLADE ODORIZADOR LAVANDA 120ML;10,17;14,99;Ativo
12475;7894650009260;GLADE TOQUE DE MACIEZ 360ML;10,94;17,99;Ativo
1646;7898201580130;GLICOMEL  SATÉLITE 200ML;3,75;5,69;Ativo
9318;8004690203002;GNOCCHI MOLISANA 500G;10,60;15,49;Ativo
79;1585;GOIABA KG;6,67;9,99;Ativo
859;7896113200214;GOIABADA ANHEMBI 300G;3,36;4,99;Ativo
8019;7898254930210;GOIABADA CASCAO SR.LORENZO 300G;7,50;10,49;Ativo
10608;7896067003152;GOIABADA CORDEIRO 400g;4,99;6,99;Ativo
8382;7891032018124;GOIABADA OLE POTE 250G;3,76;5,99;Ativo
6958;7896292315969;GOIABADA PREDILECTA 250G;3,94;5,99;Ativo
2341;7896292330054;GOIABADA PREDILECTA 300G;2,15;3,29;Ativo
3911;7896292330061;GOIABADA PREDILECTA 300G;3,08;4,49;Ativo
8278;7896292315952;GOIABADA PREDILECTA 500G;6,57;9,49;Ativo
8826;7896292370050;GOIABADA PREDILECTA CASCAO 350G;4,23;5,99;Ativo
2294;7896102506020;GOIABADA QUERO 300G;3,32;4,69;Ativo
5314;7898904189418;GOIABADA RALSTON 30G;1,14;1,75;Ativo
2940;7898045700336;GOIABADA VAL 300G;1,55;2,39;Ativo
7201;7898953335255;GOIABADA VIEIRA 28G;1,50;2,49;Ativo
9719;7896235800286;GOIABADA XAVANTE 250G;3,35;5,49;Ativo
1666;7896235800019;GOIABADA XAVANTE 300G;3,25;4,79;Ativo
8565;7896235800293;GOIABADA XAVANTE 500G;5,79;8,99;Ativo
4823;7896235800149;GOIABADA XAVANTE REFIL 300G;2,49;3,99;Ativo
5370;7896235800156;GOIABADA XAVANTE REFIL 400G;2,87;4,49;Ativo
12335;7898775460074;GOIABINHA CROCKS CLUB 30G;1,85;2,99;Ativo
299;5217;GOLDEN CAES FILHOTE CARNE KG;13,50;18,99;Ativo
301;5239;GOLDEN GATOS CARNE KG;15,19;19,99;Ativo
302;5240;GOLDEN GATOS CASTRADOS FRANGO OU CARNE KG;15,30;23,99;Ativo
600;9859;GOLDEN GATOS FILHOTES FRANGO KG;16,39;23,99;Ativo
322;5990;GOLDEN GATOS FRANGO KG;14,44;19,99;Ativo
4889;78939356;GOMA MENTOS PURE FRESH 1.5G;0,14;0,25;Ativo
4890;78939349;GOMA MENTOS PURE FRESH 1.5G;0,14;0,25;Ativo
5011;78922310;GOMA MENTOS PURE FRESH 56G;9,94;13,99;Ativo
8372;78922334;GOMA MENTOS PURE WHITE 56G;9,94;14,99;Ativo
5315;7898681350315;GOMA ZOIO S/MORANGO;3,32;4,99;Ativo
10468;7896248100595;GORDURA VEGETAL SAUDE  500G;10,07;14,99;Ativo
2304;7896102500820;GRAÃO DE BICO QUERO 280G;5,75;8,49;Ativo
12249;7896194401739;GRANATUS FRUT/CASTANHA 250GR;5,00;9,99;Ativo
12250;7896194402163;GRANATUS GRANOLA ORIGINAL 250G;5,00;9,99;Ativo
7167;7898055420996;GRANOLA C/FRUTAS LIGHT NATURALE 250G;5,37;7,99;Ativo
7164;7898055420484;GRANOLA C/FRUTAS NATURALE 1KG;15,30;21,99;Ativo
7165;7898055420200;GRANOLA C/PASSA E MEL NATURALE 1KG;15,30;21,99;Ativo
5282;7896283000430;GRANOLA CEREAIS MALT.JASMINE 250G;10,49;11,99;Ativo
852;7896194401821;GRANOLA GRANATUS 250G;0,00;5,99;Ativo
5241;7896194400930;GRANOLA GRANATUS PASSAS E MEL 300G;7,49;11,99;Ativo
8645;7891772151396;GRANOLA KOBBER TRAD C/MEL 250G;7,99;11,99;Ativo
8303;7891772144824;GRANOLA KOBBER TRAD/MEL 500G;13,60;18,99;Ativo
9093;7896256040470;GRANOLA NATURAL LIFE MACA&MEL 300G;9,99;14,99;Ativo
9094;7896256040326;GRANOLA NATURAL LIFE TRADICIONAL 300G;10,21;14,99;Ativo
6451;7891772156193;GRANOLA TRAD. VILLAMAR 200G;6,67;9,49;Ativo
4978;7896283000157;GRANOLA TRAD.JASMINE INT.300;10,49;11,99;Ativo
4688;7896496972005;GRANOLA TRADICIONAL MAE TERRA 250G;9,90;14,99;Ativo
10855;7898027658464;GRANULADO CAMP 101KG;16,79;25,99;Ativo
2208;7896058592139;GRANULADO COLORIDO DORI 150G;2,30;3,29;Ativo
7631;7898683710001;GRANULADO CONFEITO FAÇA A FESTA 130G;4,63;6,79;Ativo
5903;7896219102863;GRANULADO DOCURA 90G;1,69;2,49;Ativo
1591;7896497200374;GRANULADO DONA JURA 130G;2,49;3,99;Ativo
2863;7896058501506;GRANULADO DORI 150G;2,85;4,49;Ativo
9284;7898994724742;GRANULADO HIG DE MADEIRA PRIMORE 2KG;6,99;10,99;Ativo
10611;7896273800033;GRANULADO SANIT  P/GATOS PIPICAT 4KG;8,99;14,99;Ativo
907;7897457620270;GRÃO DE BICO BAMBU 500G;3,89;5,79;Ativo
8136;7896200116527;GRAO DE BICO BROTO LEGAL 500G;5,49;6,99;Ativo
4760;7896064104197;GRÃO DE BICO CAMPO BELO 500G;8,10;12,49;Ativo
10603;7896067002131;GRAO DE BICO CORDEIRO 500G;9,99;14,49;Ativo
3360;7891965220403;GRÃO DE BICO HIKARI 500G;10,70;3,99;Ativo
4560;7898416522079;GRÃO DE BICO KI SABOR 500G;3,99;7,99;Ativo
5701;7896116910028;GRAO DE BICO KICALDO 400G;9,04;12,99;Ativo
3073;7896102517149;GRÃO DE BICO TP 280G;3,09;4,49;Ativo
9638;7897053931329;GROSELHA CACHOEIRA AZUL 920ML;5,00;7,49;Ativo
2906;7897711700014;GROSELHA G´NUTRE 900ML;6,50;9,49;Ativo
6135;7896344205668;GROSELHA GUULY 900ML;6,13;8,99;Ativo
2717;7896344202476;GROSELHA SABORAMA 970 ML;5,80;7,49;Ativo
6882;7891991302395;GT BEATS LONG NECK 269ML;5,33;8,49;Ativo
6883;7891991301121;GT BEATS LONG NECK 269ML PACK C/6;32,90;45,99;Ativo
1131;7898994310211;GUAR. DE PAPEL PALELO FS 19X20;0,00;1,49;Ativo
2540;7891991015868;GUARANÁ ANTARTICA 2 DOBRO 1L;3,34;10,99;Ativo
2044;7891991003148;GUARANÁ ANTARTICA 2L;6,69;10,99;Ativo
739;7891991002189;GUARANÁ ANTARTICA 350ML;2,79;3,99;Ativo
2169;7894900911305;GUARANA KUAT 220ML;1,95;3,49;Ativo
3362;7894900911510;GUARANÁ KUAT 2L;5,45;7,99;Ativo
3630;7894900910018;GUARANÁ KUAT 350ML;2,81;4,75;Ativo
2539;7891991014915;GUARANÁ MINI 200ML;1,25;2,25;Ativo
2788;7898923217208;GUARAVITON AÇAI 500ML;1,79;2,99;Ativo
10902;7896326103418;GUARAVITON ACAI S ACUCARES 500ML;1,99;2,99;Ativo
1860;7896326100233;GUARAVITON CATUABA 500ML;2,05;2,99;Ativo
8209;7896326100004;GUARAVITON GENGIBRE 500ML;1,89;2,99;Ativo
7609;7898923217017;GUARAVITON GINSENG 500ML;1,99;2,99;Ativo
8500;7896326100257;GUARAVITON SEM ACUCARES 500ML;1,89;2,99;Ativo
12498;7898614340222;GUARD MASTER CHEF  30X30 50UN;2,37;3,99;Ativo
1144;7896301800073;GUARD. COQUETEL 30X33;0,00;3,49;Ativo
1132;7896301800028;GUARD. DE PAPEL COQUETEL 22X23;1,44;2,49;Ativo
4566;7898066210036;GUARDANAPO ANEPEL C/50FOLHAS;1,22;1,99;Ativo
9727;7898066210043;GUARDANAPO ANEPEL C/50FOLHAS 30X30;1,26;3,99;Ativo
2724;7897844300747;GUARDANAPO ECONOBOM C/50;0,88;1,39;Ativo
8483;7898614340215;GUARDANAPO MASTER CHEFF 50UN;1,16;1,99;Ativo
3667;7898614341014;GUARDANAPO MASTER CHEFF FOLHA SIMPLES CONTEM 50UN.;0,99;1,49;Ativo
12142;7898964675982;GUARDANAPO PAPEL ABSOLUTO 50UN;2,39;3,79;Ativo
7911;7896110083254;GUARDANAPO SANTEPEL 50UN;1,96;2,99;Ativo
2881;7896110081250;GUARDANAPO SNOB 24CMX22CM C/50;1,72;2,79;Ativo
4219;7896053440220;GUARDANAPO SORELLA C/50 22X23CM;1,09;1,99;Ativo
5774;7898389770750;GUARDANAPO TULIPA C\50 20CMX22CM;0,69;1,25;Ativo
9113;7898946920116;GUIA 08MM 1M;9,99;19,99;Ativo
9114;7898946920093;GUIA 12MM 1M;15,90;31,99;Ativo
5095;7896775179149;GUIMARAES MELADO DE CANA 250G;4,99;7,49;Ativo
5879;7892840812737;H2 OH CITRUS 500ML;3,50;5,49;Ativo
5808;7892840812430;H2 OH LIMAO 1.5L;7,51;10,99;Ativo
2765;7892840812447;H2 OH LIMÃO 500ML;4,91;6,99;Ativo
5807;7892840812867;H2 OH LIMONETO 500ML;3,91;6,99;Ativo
9415;7892840821999;H2 OH PITAYA E LIMÃO 500ML;3,50;5,99;Ativo
7719;7892840812881;H2OH LIMONETO 1.5L;7,51;10,99;Ativo
12483;7892840823986;H2OH! LIMONETO LATA 350 ML;2,92;4,29;Ativo
2072;7896046700607;HAIR SPRAY EXTRA FORTE 400ML;32,94;47,99;Ativo
8827;7893300521084;HAIR SPRAY FIX KARINA 400ML;17,07;23,99;Ativo
685;7622210812636;HALLS CEREJA 28G;1,10;1,99;Ativo
689;7622210878946;HALLS EXTRA FORTE 28G;1,10;1,99;Ativo
688;78938854;HALLS MELANCIA 28G;1,13;1,99;Ativo
687;78938830;HALLS MENTA 28G;1,13;1,99;Ativo
6398;78938878;HALLS MENTA PRATA 28G;0,95;1,99;Ativo
690;7622210857293;HALLS MENTOL 28G;1,04;1,99;Ativo
686;78938847;HALLS MORANGO 28G;1,10;2,49;Ativo
3899;78938861;HALLS UVA VERDE 28G;1,13;1,99;Ativo
6010;7891164021191;HAM. SABOR CHURRASCO AURORA CX C/12;12,88;18,99;Ativo
7016;7891164136444;HAMB CXT NOBRE C/10UN 560G;9,72;13,99;Ativo
7759;7891164020323;HAMB FAROESTE CHHURRASCO 56G;0,73;1,09;Ativo
3204;7891164020248;HAMB.AURORA FAROESTE 56G;1,09;1,59;Ativo
2932;7898914401425;HAMB.BOVMEAT DE CARNE E AVES 56G;0,88;1,19;Ativo
3591;7898908236552;HAMB.CHULETÃO 56G;0,59;0,99;Ativo
2872;7898914401364;HAMB.FAST BURGER DE CARNE E AVES 56G;0,75;1,19;Ativo
7525;7899638343800;HAMB.MONTANA MISTO 672G;10,90;16,49;Ativo
1926;7893000387096;HAMB.SADIA TRAD.672;16,10;23,49;Ativo
1925;7894904002450;HAMB.TEXAS TRAD.672G;10,90;19,99;Ativo
2356;7894904500383;HAMBUR. DE CARNE B. TEXAS 56G;1,11;1,99;Ativo
396;7000;HAMBURGÃO UN;3,00;6,49;Ativo
3958;7891164020156;HAMBURGUER AURORA FAROESTE CX12;13,62;19,99;Ativo
8669;7891164020897;HAMBURGUER AURORA S/PICANHA 90G;1,77;2,49;Ativo
5179;7898542022900;HAMBURGUER BOVINA FRIBOI 56G;1,03;1,49;Ativo
5145;7891164020026;HAMBURGUER BOVINO AURORA 56G;0,78;1,49;Ativo
6009;7898901212119;HAMBURGUER BRASIL BURGER 56G;0,66;1,19;Ativo
2355;7894904578207;HAMBURGUER DE CARNE TEXAS 56G;1,01;1,75;Ativo
3209;7891515989408;HAMBURGUER DE PERDIGÃO  56G;1,13;1,69;Ativo
4132;7898542022931;HAMBURGUER FRIBOI 56G;0,99;1,49;Ativo
4227;7894904578146;HAMBURGUER REZENDE 56G;0,90;1,49;Ativo
2508;7891515554224;HAMBURGUER SABIA 56G;0,99;1,49;Ativo
92;1609;HAMBURGUER SADIA CARNE 56G;1,07;1,49;Ativo
2131;7893000950528;HAMBURGUER SADIA FOOD UND.;1,07;1,49;Ativo
1451;7898095298104;HAS. FLEXÍV. COTTON BOY C/150;3,40;4,99;Ativo
1452;7898095298111;HAS. FLEXÍV. COTTON GIRL C/150;3,40;5,49;Ativo
7312;7891010032937;HASTE COTONETES JHONSON POTE C/150;11,18;15,99;Ativo
1617;7898095296063;HASTE FLEXÍVEIS COTTON C/75UNN;1,80;2,99;Ativo
7283;7898909332758;HASTE USE C/80UN;1,40;2,49;Ativo
5685;7896224410816;HASTES APONETE 75UN;1,46;2,49;Ativo
3323;7891010560737;HASTES COTONETES JJ 75 UNIDADES;5,04;7,49;Ativo
2617;7891800350142;HASTES FLEX.CREMER C/75 UN;1,88;2,99;Ativo
1450;7898095297978;HASTES FLEXÍVEIS COTTON C/150;4,70;6,99;Ativo
1036;7898909332116;HASTES FLEXÍVEIS USE C/75 UN;1,30;1,99;Ativo
8431;7898909332093;HASTES FLEXIVEIS USE IT C/120UN;2,10;2,99;Ativo
9076;7891800646047;HASTES TOPZ BABY PATRULHA CANINA 50UN;4,87;6,99;Ativo
4246;7898909332055;HASTES USE IT 100UN;1,25;2,49;Ativo
8736;7909989703564;HAV ALOHA BRANCA/VERDE 43/44;26,50;38,99;Ativo
8597;7909989703533;HAV ALOHA BRANCO 37/8;26,50;38,99;Ativo
8598;7909989703540;HAV ALOHA BRANCO 39/0;26,50;38,99;Ativo
8599;7909989703557;HAV ALOHA BRANCO 41/2;26,50;38,99;Ativo
8601;7909989691410;HAV ALOHA CINZA 41/2;25,98;38,99;Ativo
6195;7909843032335;HAV ALOHA FC 39/40;22,69;34,99;Ativo
8600;7909989703724;HAV ALOHA MARINHO 39/0;25,98;38,99;Ativo
8602;7909843685036;HAV ALOHA VERDE OLIVE 39/0;24,98;38,99;Ativo
7483;7895265327985;HAV AREIA/DOURADO 37/38;14,95;21,99;Ativo
7484;7895265327992;HAV AREIA/DOURADO 39/40;14,95;21,99;Ativo
8615;7909989687437;HAV ATHLETIC 29/0;21,38;31,99;Ativo
8613;7909989687369;HAV ATHLETIC BRANCO/AZUL 29/0;21,38;31,99;Ativo
500;8498;HAV ATHLETIC BRANCO/AZUL 29/0;19,98;29,99;Ativo
8614;7909989687376;HAV ATHLETIC BRANCO/AZUL 31/2;21,38;31,99;Ativo
6757;7909843212973;HAV BRASIL LIGHT 37/38;24,98;34,99;Ativo
6756;7909843212980;HAV BRASIL LIGHT 39/40;24,98;34,99;Ativo
6755;7909843212997;HAV BRASIL LIGHT 41/42;24,98;34,99;Ativo
6760;7909843213086;HAV BRASIL LIGHT PRETO 39/40;24,98;34,99;Ativo
6758;7909843213093;HAV BRASIL LIGHT PRETO 41/42;24,98;34,99;Ativo
8608;7895265369817;HAV BRASIL LOGO AZUL 39/0;32,98;49,99;Ativo
8609;7895265369824;HAV BRASIL LOGO AZUL 41/2;32,98;49,99;Ativo
7493;7890557571640;HAV BRASIL MARINHO 35/36;31,98;49,99;Ativo
7492;790557571657;HAV BRASIL MARINHO 37/38;29,89;41,99;Ativo
7494;7890557571664;HAV BRASIL MARINHO 39/40;31,98;49,99;Ativo
7491;7890557571671;HAV BRASIL MARINHO 41/42;31,98;49,99;Ativo
8607;7890557571688;HAV BRASIL MARINHO 43/4;31,98;49,99;Ativo
6761;7893249495361;HAV BRASIL PRETO 37/38;29,96;41,99;Ativo
7489;7909690531623;HAV BRASIL VERDE LIMAO 33/34;29,89;42,99;Ativo
7486;7909690531630;HAV BRASIL VERDE LIMAO 35/36;29,89;49,99;Ativo
7485;7909690531647;HAV BRASIL VERDE LIMAO 37/38;29,89;49,99;Ativo
7488;7909690531654;HAV BRASIL VERDE LIMAO 39/40;29,89;42,99;Ativo
9242;7909989504864;HAV CARS BRANCO 27/28;26,70;39,99;Ativo
9241;7909989504871;HAV CARS BRANCO 29/30;26,70;39,99;Ativo
9243;7909989504888;HAV CARS BRANCO 31/32;26,70;39,99;Ativo
12410;7909989965542;HAV CITY BASIC ROSE/CAFE 39/40;33,98;49,99;Ativo
12412;7909989965559;HAV CITY ROSE/CAFE 41/42;33,98;49,99;Ativo
12411;7909989965566;HAV CITY ROSE/CAFE 43/44;33,98;49,99;Ativo
6754;7909843238416;HAV COLOR ESSEN FC 37/38;20,89;29,99;Ativo
7068;7909843238430;HAV COLOR ESSEN FC 41/42;20,89;29,99;Ativo
6753;7909843237822;HAV COLOR ESSEN FC 43/44;20,89;29,99;Ativo
7497;7909843238348;HAV COLOR ESSENTIAL AREIA 37/38;19,95;29,99;Ativo
7498;7909843238355;HAV COLOR ESSENTIAL AREIA 39/40;18,90;27,99;Ativo
7499;7909843238362;HAV COLOR ESSENTIAL AREIA 41/42;18,90;27,99;Ativo
7496;7909843237792;HAV COLOR ESSENTIAL PRETO 37/38;20,89;29,99;Ativo
7495;7909843237808;HAV COLOR ESSENTIAL PRETO 39/40;20,89;29,99;Ativo
7502;7895265327961;HAV COLOR MIX AREIA/DOUR 33/34;14,95;21,99;Ativo
7503;7895265327978;HAV COLOR MIX AREIA/DOUR 35/36;14,95;21,99;Ativo
9259;7909989545584;HAV ELEGANCE CINZA GELO 35/36;18,93;27,99;Ativo
9256;7909989545607;HAV ELEGANCE CINZA GELO 39/40;18,93;27,99;Ativo
9707;7909989317662;HAV ELEGANCE ROSA BALLET 37/38;9,98;16,99;Ativo
9260;7909989428580;HAV ELEGANCE ROSA CLAY 35/36;21,29;31,99;Ativo
9710;7909989428603;HAV ELEGANCE ROSA CLAY 39/40;9,98;16,99;Ativo
6362;7909690414131;HAV FANTASIA GLOSS AZUL INDIGO 35/36;16,20;23,49;Ativo
6360;7893249802374;HAV FANTASIA GLOSS CEU DE INV 35/36;16,20;23,49;Ativo
6363;7893249802381;HAV FANTASIA GLOSS DEU DE INV 37/38;16,20;23,49;Ativo
6359;7909690620174;HAV FANTASIA JOY PINK LEMON 35/36;16,20;23,49;Ativo
6371;7909690759881;HAV FANTASIA PRETA 37/38;14,98;21,99;Ativo
8592;7909690759836;HAV FANTASIA ROSA BALLET 37/8;15,28;22,49;Ativo
6361;7909690260622;HAV FANTASIA STYLE AREIA 35/36;16,20;23,49;Ativo
2233;7896205788248;MAC ADRIA C OVOS CONCHAS 500G;3,29;4,49;Ativo
2234;7896205754434;MAC ADRIA C OVOS LETRAS 500G;3,29;4,49;Ativo
11068;7896024210128;MAC CAMIL OVOS PENNE 500G;1,99;3,49;Ativo
9548;7896024210111;MAC CAMIL PARAFUSO 500G;1,99;3,49;Ativo
9889;7896005277317;MAC DONA BENTA AVE MARIA 500G;2,79;3,99;Ativo
8497;7896024210098;MAC ESPAGUETE 8 CAMIL 500G;1,99;3,49;Ativo
8578;7897721411252;MAC ESPAGUETE PETYBON 500G;5,39;7,49;Ativo
7122;7896327514541;MAC INST APTI CARNE 70G;0,90;1,49;Ativo
7121;7896327514558;MAC INST APTI GALINHA 70G;0,90;1,49;Ativo
7124;7896327514565;MAC INST APTI GALINHA CAIPIRA 70G;0,95;1,49;Ativo
7559;7891079014028;MAC INST GALINHA PICANTE NISSIN 80G;2,22;2,99;Ativo
7560;7891079001011;MAC INST MONICA NISSIN GALINHA 80G;2,31;2,99;Ativo
10518;7891079014240;MAC INST NISSIN CUSCUZ C/CALABRESA 85G;2,22;2,99;Ativo
2683;7891203057501;MAC INST PANCO CARNE 80G;1,60;2,19;Ativo
2590;7891079001004;MAC INST T MON CARNE SUAVE 85G;2,31;2,99;Ativo
10582;7891079000410;MAC INST. TALHARIM CARNE C/ TOMATE 90G;3,08;4,49;Ativo
2258;7891079000427;MAC INST.TALHARIM 90G;3,08;4,49;Ativo
7049;7896005275399;MAC LINGUNE DONA BENTA 500G;2,79;4,29;Ativo
12272;7896934602051;MAC MARIMASSAS ESPAGUETE 500G;1,69;2,49;Ativo
12270;7896934602044;MAC MARIMASSAS PARAFUSO 500G;1,69;2,49;Ativo
12271;7896934602082;MAC MARIMASSAS PENNE 500G;1,69;2,49;Ativo
10652;7896005220252;MAC PETYBON FURADINHO 500G;3,36;4,99;Ativo
12375;7896205789481;MAC SEMOLA PARAFUSO ADRIA 400G;2,49;3,79;Ativo
2231;7896205788224;MAC. ADRIA ARGOLA C OVOS 500G;3,29;4,49;Ativo
2232;7896205788156;MAC. ADRIA C OVOS PARAF. 500G;2,79;3,79;Ativo
2230;7896205788040;MAC. ADRIA ESP. C OVOS 8 500G;2,25;3,79;Ativo
2879;7896205788187;MAC. ADRIA PADRE NOSSO 500G;3,49;4,99;Ativo
2884;7896205788217;MAC. ADRIA PENA 500G;2,79;3,79;Ativo
946;7896005286579;MAC. B. BENTA ESPAG. N°8 500G;2,29;3,49;Ativo
6334;7896205774029;MAC. CABELINHO DE ANJO 500G;3,85;4,99;Ativo
947;8005121000085;MAC. DIVELLA ESPAG. N°8 500G;0,00;1,49;Ativo
968;7896005286593;MAC. DONA BENTA PARAFUSO 500G;2,39;3,99;Ativo
967;7896005281710;MAC. DONA BENTA PENNE 500G;2,29;3,49;Ativo
2668;7896412802393;MAC. ESPAGUETE INT. ORQUIDEA 500G;3,23;3,99;Ativo
4075;7896022201340;MAC. ESPAGUETE INT.RENATA 500G;5,19;7,89;Ativo
1088;7896412800092;MAC. ESPAGUETE ORQUIDEA 500G;0,00;2,79;Ativo
948;7896412800856;MAC. F. DE LIS ESPAG. N°8 500G;0,00;2,49;Ativo
950;7896412800863;MAC. F. DE LIS PARAFUASO 500G;1,29;1,79;Ativo
5956;7896022200572;MAC. GALO PENA 500G;3,49;4,99;Ativo
6335;7896205754458;MAC. GRAVATA 500G;3,29;4,49;Ativo
913;7896205772735;MAC. INST. ADRIA CARNE 85G;0,69;1,29;Ativo
911;7896205772742;MAC. INST. ADRIA G. CAIP. 85G;0,69;1,29;Ativo
912;7896205774203;MAC. INST. ADRIA GALINHA 85G;1,85;1,49;Ativo
1059;7896327514534;MAC. INST. APIT GAL. CAIP. 80G;0,65;1,19;Ativo
1346;7896327514527;MAC. INST. APTI GALINHA 80G;0,65;1,19;Ativo
1557;7891203057723;MAC. INST. G. BAIANA PANCO 80G;1,60;2,19;Ativo
910;7891000811504;MAC. INST. MAGGI GAL. CAI. 80G;0,69;0,99;Ativo
1556;7891203059000;MAC. INST. MEXICANO PANCO 80G;1,60;2,19;Ativo
1342;7891079000205;MAC. INST. NISSIN CARNE 80G;2,22;2,99;Ativo
1343;7891079000229;MAC. INST. NISSIN G. CAIP  80G;2,06;2,99;Ativo
52;385;MAC. LIANE ESPAG. N°8 500G;0,00;1,49;Ativo
949;7896080820286;MAC. LIANE PADRE NOSSO 500G;0,00;1,49;Ativo
4614;7896005286609;MAC. NINHO DONA BENTA 500G;4,75;6,99;Ativo
4076;7896022200534;MAC. PARAFUSO GALO 500G;3,70;4,99;Ativo
1089;7896412800108;MAC. PARAFUSO ORQUIDEA 500G;0,00;2,79;Ativo
1090;7896412800122;MAC. PENNE ORQUIDEA 500G;0,00;2,79;Ativo
945;7896022200282;MAC. RENATA ESPAG. N°8 500G;0,00;1,49;Ativo
964;7896021300501;MAC. STA AMALÍA AVE MARIA 500G;0,00;1,49;Ativo
965;7896021302932;MAC. STA AMALÍA C. DE ANJ 500G;0,00;1,49;Ativo
963;7896021312047;MAC. STA AMALÍA PARAFUSO 500G;0,00;1,49;Ativo
962;7896022205966;MAC. TODESCHINI AVE MARIA 500G;0,00;1,49;Ativo
961;7896022206031;MAC. TODESCHINI PENA 500G;0,00;1,49;Ativo
966;7896417203775;MAC. YARA PENNE 500G;0,00;1,49;Ativo
5371;7896205788255;MAC.ADRIA AVE MARIA 500G;3,49;4,99;Ativo
3700;7896005275382;MAC.DONA BENTA ESPAGUETE N9 500G;2,69;3,99;Ativo
4077;7896022200756;MAC.ESPAGUETE 8 GALO 500G;3,70;5,49;Ativo
7791;7896213006587;MAC.ESPAGUETE VITARELLA 400G;2,09;3,49;Ativo
6337;7896205788064;MAC.FIDELINHO 10 ADRIA 500G;3,48;4,99;Ativo
5831;7896205789184;MAC.INS ADRIA GALINHA 85G;0,85;1,19;Ativo
2576;7891203057525;MAC.INS PANCO GALINHA/CAIP 80G;1,52;2,19;Ativo
1951;7896205789177;MAC.INST.ADRIA CARNE 85G;0,85;1,19;Ativo
6986;7898932426783;MAC.INST.MARATÁ CARNE 80G;0,95;1,39;Ativo
7737;7898932426776;MAC.INST.MARATÁ GALINHA CAIPIRA 80G;0,95;1,39;Ativo
9450;41789000126;MAC.INST.MARUCHAN CARNE 64G;3,89;6,49;Ativo
9449;41789000171;MAC.INST.MARUCHAN GAL.CAIPIRA 64G;3,89;6,49;Ativo
2372;7896205788095;MAC.NINHO ADRIA 500G;3,29;4,99;Ativo
6984;7896213006594;MAC.VITARELLA PARAFUSO 400G;2,49;3,49;Ativo
9414;7896304000012;MAÇÃ FISCHER TURMA DA MONICA 1KG;10,00;14,99;Ativo
83;1589;MAÇÃ FUJI;10,28;14,99;Ativo
47;45;MAÇÃ GALA KG;7,78;11,49;Ativo
10765;9999;MACA VERDE GRANSMITH KG;11,11;16,99;Ativo
7931;7898951850064;MACARRAO BARILLA ESPAGUETE  N8 500G;4,29;6,29;Ativo
7850;7896205789405;MACARRAO BASILAR ESPAGUETE 400G;2,69;3,99;Ativo
7851;7896205789467;MACARRAO BASILAR PENNE 400G;2,69;3,99;Ativo
8383;7896005286555;MACARRAO D. BENTA MASSA SEMOLA 500G;2,69;3,99;Ativo
1722;7891079000434;MACARRÃO INST.TALHARIM 90G;3,08;4,49;Ativo
10798;7891079014301;MACARRAO NISSIN 85 G LOMBO SUINO TOQUE DE LIMAO;2,22;2,99;Ativo
12217;7891079014318;MACARRAO NISSIN UFO TOMATE 95GR;5,96;8,49;Ativo
8258;7898951850118;MACARRAO PARAFUSO BARILLA 500G;4,29;5,99;Ativo
10464;7898951850095;MACARRAO PENNE BARILLA 500G;4,29;5,99;Ativo
2577;7891203058560;MACARRÃO.IN MIX PANCO C/4 350G;6,04;8,49;Ativo
10056;7891203068620;MacarraoLamenCremPicanha 85;1,52;2,19;Ativo
265;3850;MAÇO DE BETERRABA;2,49;4,99;Ativo
352;6510;MAÇO ESPINAFRE UN;2,90;4,49;Ativo
5255;7899985000388;MADELEINE LONGA C/ CHOC. 200G;10,54;14,49;Ativo
5982;7899985000371;MADELEINE LONGA C/AÇUCAR 200G;10,54;14,49;Ativo
1441;7891999872500;MAGARINA VIGOR C/ SAL 500G;5,23;7,49;Ativo
1750;7891000249871;MAGGI CALDO COSTELA 57G;1,70;2,79;Ativo
8852;7891000394960;MAGGI MEU SEGREDO 7 VEGETAIS 49G;1,00;3,99;Ativo
10024;7896332727011;MAIONESE ACCERT 180G;2,73;3,99;Ativo
3622;7891700206921;MAIONESE ARISCO 500G;5,97;6,49;Ativo
9815;7891700206952;MAIONESE ARISCO SACHE 196G;2,43;3,49;Ativo
5700;7894904271368;MAIONESE CASEIRA SOYA 500G;3,69;5,49;Ativo
4594;7891080803918;MAIONESE CASEIRA SOYA 500G;3,50;4,99;Ativo
6797;7898416524196;MAIONESE CEBOLA E ALHO KISABOR 200G;4,59;6,49;Ativo
12323;7896025805620;MAIONESE CEPERA 200G;4,35;6,49;Ativo
8691;7896025805743;MAIONESE CEPÊRA TRAD.500G;3,99;6,49;Ativo
9452;7898701760506;MAIONESE CHEF CLAY 369G;5,69;7,99;Ativo
10628;7896025805613;MAIONESE CHURRASCO CEPERA 200G;4,93;6,99;Ativo
4160;7897517205508;MAIONESE FUGINI 200G;1,64;2,29;Ativo
7002;7897517205638;MAIONESE FUGINI SACHE 180G;0,00;3,49;Ativo
7852;7897517200022;MAIONESE FUGINI SACHE 180G;1,99;2,79;Ativo
1561;7891150057692;MAIONESE GOURMET 500G;4,29;6,85;Ativo
3239;7896102584189;MAIONESE HEINZ 215G;6,85;9,59;Ativo
5090;7896102583182;MAIONESE HEINZ 390G;11,49;16,49;Ativo
8636;7891150089501;MAIONESE HELLMANN`S LIGHT 335G;9,85;14,49;Ativo
8635;7894000050539;MAIONESE HELLMANN`S LIMAO 500G;9,42;13,49;Ativo
904;7894000050027;MAIONESE HELLMANN´S 250G;6,02;8,49;Ativo
905;7891150058262;MAIONESE HELLMANN´S 500G;8,00;11,99;Ativo
8494;7891150072077;MAIONESE HELLMANNS AIOLI 500G;7,37;10,99;Ativo
10230;7891150096462;MAIONESE HELLMANNS ALHO 335G;8,91;12,99;Ativo
8347;7891150090835;MAIONESE HELLMANNS CHURRASCO 335G;9,85;14,49;Ativo
8983;7898738660367;ICE LEEV ABACAXI/HORTELÃ 275ML;5,16;7,99;Ativo
8982;7898738660350;ICE LEEV MAÇA VERDE 275ML;5,16;7,99;Ativo
10944;7897110000272;ICE LEONOFF FRESH PURPLE  275ML;3,39;4,99;Ativo
10945;3789711000178;ICE LEONOFF FRUTAS VERM 275ML;3,39;4,99;Ativo
10946;7897110002016;ICE LEONOFF PINEBERRY 275ML;3,39;4,99;Ativo
4372;7893218003603;ICE SMIRNOFF ORIGINAL 275ML;5,49;8,99;Ativo
10777;7893218000145;ICE SMIRNOFF S/FRAMBOESA 275ML;7,59;10,99;Ativo
2762;78939806;ICE TEA LEÃO PESSEGO 250ML;1,15;1,99;Ativo
4602;7891098040893;ICE TEA LEAO PESSEGO 450ML;3,09;4,99;Ativo
10003;7891098040855;ICE TEA S/LIMAO 1.5L;5,94;9,49;Ativo
5917;7891098040909;ICE TEA S/PESSEGO 1.5L;5,94;9,49;Ativo
10441;7891098041074;ICE TEA ZERO LIMAO 450ML;3,09;4,99;Ativo
6264;7891098041135;ICE TEA ZERO PESSEGO 450ML;3,09;4,99;Ativo
1043;7909224064504;IMPANEMA JARDINS Nº33;0,00;14,99;Ativo
1040;7909224497241;IMPANEMA LIKE Nº37;0,00;14,99;Ativo
1041;7909224451441;IMPANEMA LOVE PRETO ROSA Nº36;0,00;14,99;Ativo
1042;7909224279144;IMPANEMA MIRACULOUS Nº31;0,00;14,99;Ativo
1726;7898016920022;IMPERADOR PALMITO 500G;18,00;25,99;Ativo
4465;7891242480032;INGLEZA BRILHO E PROTEÇÃO PRETO 60G;8,15;14,49;Ativo
4993;7891164002251;INGREDIENTES P/FEIJOADA AURORA 1KG;22,79;30,00;Ativo
546;9045;INGREDIENTES P/FEIJOADA KG;7,00;9,99;Ativo
4212;7896716304760;INGREDIENTES P/FEIJOADA PAMPLONA 600G;19,50;26,99;Ativo
201;2561;INHAME KG;10,00;13,99;Ativo
5942;7896084916244;INS MAT INSET ELETRICO PASTILHA;16,02;22,99;Ativo
4127;7891035618239;INS SBP ELETR 45NOITES REF 35ML;14,55;21,99;Ativo
5628;7891035617959;INS SBP MULTI PROTECÃO 450ML;13,79;19,49;Ativo
2060;7891035652004;INS. DETEFOX ESPIRAL C/10UN;2,59;3,99;Ativo
5627;7891035002083;INS. SBP ULTRA 360ML;11,20;15,99;Ativo
2058;7891035990984;INSE.SBP ELÉTRICO 1+1 35ML;10,88;19,99;Ativo
12326;7894650000373;INSET AER RAID ACAO TOTAL 300ML;11,30;16,99;Ativo
3868;7897664170735;INSET MAT MULTI INSETICIDA 270ML;9,64;15,99;Ativo
5821;7894650014134;INSET RAID MULTI INSETO 420ML;8,90;13,99;Ativo
2695;7894650009963;INSET.BAYGON AÇÃO TOTAL 360ML;11,19;16,99;Ativo
2696;7894650004227;INSET.BAYGON C/O.EUCALIPTO 360ML;11,19;16,99;Ativo
4540;7894650079171;INSETICIDA BAYGIN MULTI INSETOS 285ML;8,52;11,99;Ativo
4218;7894650012888;INSETICIDA BAYGON 360ML;6,99;9,99;Ativo
10741;7897664170759;INSETICIDA MAT INSET 360ML;9,00;14,99;Ativo
8971;7891035024894;INSETICIDA SBP 450ML;18,10;25,49;Ativo
3906;7891035618543;INSETICIDA SBP EMBA. ECO EUCALIPTO 380ML;9,98;14,99;Ativo
1885;7891035618567;INSETICIDA SBP EMBA.ECO 380ML;13,08;18,99;Ativo
8900;7891035002663;INSETICIDA SBP MULTI 285ML;8,88;12,99;Ativo
2273;7891035618550;INSETIDA SBP CITRONELA 380 ML;10,99;16,99;Ativo
6067;7896862002909;IOG ACAI C/ MORANGO 160G;1,93;2,79;Ativo
6068;7896862002916;IOG ACAI C/ MORANGO 850G;7,76;10,99;Ativo
7996;7891097000201;IOG BATAVO AMEIXA 170G;2,19;3,29;Ativo
7995;7891097000195;IOG BATAVO LARANJA/CEN 170G;2,39;3,29;Ativo
4622;7896862002794;IOG CEREAIS COLORIDOS FRUTAP 115G;3,25;4,69;Ativo
7094;7891000252819;IOG CHAYTO/GO MORANGO 100G;3,54;5,49;Ativo
4176;7896629642034;IOG COCO CAN.MINAS 170G;1,79;2,49;Ativo
4623;7896862001605;IOG COM PEDAÇOS MORANGO 450G;7,30;10,49;Ativo
6809;7896862002763;IOG DESNATADO FRUTAP 150G;2,51;3,49;Ativo
12468;7896625210749;IOG DESNATADO VIGOR VIV 150G;2,95;4,29;Ativo
7472;7896629642201;IOG DUO CANTO DE MINAS 120G;2,05;2,79;Ativo
11030;7896275980092;IOG FRIMESA ZERO AMEIXA 170G;2,16;3,29;Ativo
11028;7896275982607;IOG FRIMESA ZERO F VERMELHAS 170G;2,16;3,29;Ativo
11029;7896275980108;IOG FRIMESA ZERO MORANGO 170G;2,16;3,29;Ativo
12453;7896862003074;IOG FRUTAP MORANGO POUCH 90G;2,80;3,99;Ativo
9757;7896862002381;IOG FRUTAP ZERO S/MORANGO 160G;2,40;3,49;Ativo
9756;7896862002398;IOG FRUTAP ZERO S/MORANGO 850G;8,40;12,99;Ativo
10983;7896625210756;IOG INTEGRAL AMEIXA VIGOR VIV 12X150G;2,95;4,29;Ativo
12469;7896625210725;IOG LAR/CEN VIGOR VIV 150ML;2,95;4,29;Ativo
7350;7896862002787;IOG MEL FRUTAP 150G;2,21;2,99;Ativo
3923;7896629642386;IOG MORANGO BITS CHOCOBALL 130G;4,34;5,99;Ativo
3922;7896629642294;IOG MORANGO BITS CHOCODISCOS 130G;4,34;5,99;Ativo
3928;7896629642058;IOG MORANGO CANTO DE MINAS 170G;1,79;2,49;Ativo
10760;7891097101533;IOG NATURAL BATAVO INTEGRAL 170G;2,39;3,79;Ativo
10194;7891000073018;IOG NESTLE DESNATADO 160G;1,99;3,99;Ativo
6643;7891000104385;IOG PETIT CHAMBINHO 80G;1,95;2,75;Ativo
12117;7891097107214;IOG PROTEIN MOR PARMALAT 120G;2,99;4,99;Ativo
10970;7891097107191;IOG PROTEIN NATUR PARMALAT 120G;2,99;4,49;Ativo
3925;7896629642393;IOG RECREIO MORANGO CANTO DE MINAS 100G;2,79;3,89;Ativo
12472;7896625210442;IOG VIGOR BATIDO 170G;2,72;3,99;Ativo
12470;7896625213467;IOG VIGOR MOR ZERO 170G;2,72;3,99;Ativo
12471;7896625210473;IOG VIGOR S/VITAMINA 170G;2,72;3,99;Ativo
9317;7896625210763;IOG VIGOR VIV NATURAL 150G;2,95;4,29;Ativo
3927;7896629642041;IOG VITAMINA DE FRUTA  CANTO DE MINAS 170G;1,79;2,49;Ativo
4371;7896862002664;IOG. + CEREAIS DE CHOCOLATE FRUTAP 115G;3,45;4,99;Ativo
5342;7896629640597;IOG. DESNATADO CANTO MINAS 180G;1,89;2,69;Ativo
5841;7896629640559;IOG. NATURAL CANTO DE MINAS 850G;10,36;14,99;Ativo
5574;7896862000776;IOG. PETIT MOR.+BANANA FRUTAP 320G;4,99;7,49;Ativo
6435;7891000362037;IOG. POLPA MORANGO NESTLE 510G;5,69;7,99;Ativo
6433;7891000260166;IOG+CEREAIS CHAMYTO 117G;3,95;5,49;Ativo
6434;7891000261460;IOG+CEREAIS CHAMYTO 117G;3,09;4,49;Ativo
4680;7896862002589;IOGUR. SALADA DE FRUTAS 1.25KG;11,75;17,99;Ativo
2105;7896862002367;IOGURT FRUTAP AÇAI/BANANA 180G;2,40;3,49;Ativo
2446;7891000072998;IOGURT NESTLÉ CEN.LAR.MEL 170G;2,59;3,99;Ativo
1522;7896862000424;IOGURTE DE COCO FRUTAP 900ML;7,90;12,99;Ativo
12176;7896275970536;IOGURTE FRIMESA COCO 170G;2,06;2,99;Ativo
12290;7896275983079;IOGURTE FRIMESA DESNATADO 165G;2,07;3,29;Ativo
12287;7896275983192;IOGURTE FRIMESA F/VERM.AMARELAS 540G;5,05;7,49;Ativo
12179;7896275970789;IOGURTE FRIMESA MIX DE FRUTAS 540G;5,05;7,49;Ativo
12291;7896275960988;IOGURTE FRIMESA S/MEL DESNATADO 165G;2,07;3,29;Ativo
3155;7896862002343;IOGURTE FRUTAP AÇAI/BANANA 850G;8,40;12,99;Ativo
707;7896862000417;IOGURTE FRUTAP COCO 160ML;2,39;3,25;Ativo
708;7896862000844;IOGURTE FRUTAP F. VERMEL 180ML;2,40;3,49;Ativo
5770;7896862002770;IOGURTE FRUTAP LARANJA.MEL 150G;2,00;3,49;Ativo
709;7896862000806;IOGURTE FRUTAP MORANGO 160ML;2,40;3,49;Ativo
711;7896862000011;IOGURTE FRUTAP MORANGO 450G;5,20;7,99;Ativo
710;7896862000875;IOGURTE FRUTAP MORANGO 850G;8,40;12,99;Ativo
3153;7896862001292;IOGURTE FRUTAP S.MORANGO C/6UNI 540G;5,30;7,49;Ativo
2106;7896862000042;IOGURTE FRUTAP SAL FRUTAS 450G;5,20;7,99;Ativo
8311;7896862002329;IOGURTE GREGO FRUTAS VERMELHAS 90G;4,00;5,79;Ativo
10610;7891097104190;IOGURTE INTEGRAL BATAVO 160G;2,99;3,99;Ativo
715;7898016050699;IOGURTE JAMAVA AME.CER 180G;1,05;1,49;Ativo
716;7898016050644;IOGURTE JAMAVA AMEIXA 180G;1,05;1,49;Ativo
717;7898016050460;IOGURTE JAMAVA F. VERMELH 180G;1,05;1,49;Ativo
714;7898016050446;IOGURTE JAMAVA MORANGO 180G;1,05;1,49;Ativo
718;7898016050491;IOGURTE JAMAVA S. DE FRUT 180G;1,05;1,49;Ativo
2447;7891000072974;IOGURTE NESTLÉ MEL 170G;2,79;3,99;Ativo
3143;7891025121091;IOGURTE PAULISTA C/ 6UNI 510G;3,29;4,99;Ativo
3144;7891025121121;IOGURTE PAULISTA MIX C/ 6UNI 510G;3,29;4,99;Ativo
8701;7896051167150;IOGURTE VITAMINA C/CERAL ITAMBE 170G;2,19;3,29;Ativo
3173;7898292884070;IOIO CREM DUO 180G;4,89;7,29;Ativo
4837;7899970402456;IOIO CREM DUO MIX;2,81;4,49;Ativo
5023;7899970402463;IOIO CREM MIX CHOCO;2,99;3,99;Ativo
3308;7898292884629;IOIO MIX CHOCO;2,39;3,49;Ativo
2243;7898292883974;IOIÔ MIX DUO;2,67;3,99;Ativo
12102;7899970404153;IOIO MIX MORANGO 41.9G;2,81;4,49;Ativo
5646;7891164028695;IORG AURORA MORANGO 850G;6,50;9,49;Ativo
10833;7896275960544;IORG FRIMESA NATURAL INT 165G;2,07;3,29;Ativo
10830;7896275970987;IORG FRIMESA ZERO MAMAO/LARANJA 165G;2,10;3,29;Ativo
10832;7896275970123;IORG FRIMESA ZERO S/AMEIXA 165G;2,10;3,29;Ativo
10831;7896275970994;IORG FRIMESA ZERO S/MORANGO 165G;2,10;3,29;Ativo
12231;7896275980665;IORG FRIMESA ZERO/LAC S/FRUTAS V 165G;2,31;3,29;Ativo
9369;7896051125488;IORG ITAMBE MAMÃO 0% 170G;2,15;3,49;Ativo
8003;7896051123828;IORG ITAMBE S/MARACUJA 170G;2,19;3,29;Ativo
8004;7896051123811;IORG ITAMBE S/MORANGO 170G;2,19;2,99;Ativo
8992;7891000261484;IORG NINHO LANCHIEIRNHA 100G;2,49;3,49;Ativo
3105;7896862001681;IORG. FRUTILAC S.MORANGO 120G;0,89;1,49;Ativo
4222;7896629640122;IORG.CANTO MINAS COCO. 900G;5,99;8,49;Ativo
4221;7896629640603;IORG.CANTO MINAS F VERM. 900G;8,63;11,49;Ativo
4521;7896629640016;IORG.CANTO MINAS MORANGO 900G;7,69;10,99;Ativo
5003;7896629640504;IORG.CANTO MINAS VITAMINA 900G;7,69;10,99;Ativo
2703;7891025121251;IORG.DANONE L C M 160G;1,99;2,99;Ativo
2702;7891025121244;IORG.DANONE MEL 160G;1,59;2,49;Ativo
2704;7891025101376;IORG.DANONE MORANGO 170G;1,99;2,99;Ativo
4515;7896862002657;IORG.FRUTAP CONFEITOS 115G;3,45;4,99;Ativo
4516;7896862002572;IORG.FRUTAP S.FAMILIA 1.250KG;11,75;17,99;Ativo
6973;7891000340004;IORG.NESTLE BICAMADA MOR.150G;2,59;3,99;Ativo
3583;78936171;IORG.NESTLE GREGO 90G;2,92;3,99;Ativo
6972;7891000244449;IORG.NESTLE MORANGO 1.250KG;11,95;16,99;Ativo
3579;7891000244272;IORG.NESTLE MORANGO 170G;2,19;3,49;Ativo
3807;7891000072950;IORG.NESTLE NATURAL INT.170G;2,79;3,99;Ativo
3584;7891000241448;IORG.NESTLE VITAMINA 170G;2,19;3,49;Ativo
3582;7891000260609;IORG.NESTON VIT.E CEREAIS 170G;2,92;3,99;Ativo
3580;7891000103852;IORG.NINHO MAÇA E BANANA 170G;2,74;3,79;Ativo
3581;7891000103876;IORG.NINHO MORANGO 170G;2,74;3,79;Ativo
4519;7898016720462;IORG.TOP MILK AMEIXA 120G;1,20;1,69;Ativo
4520;7898016720455;IORG.TOP MILK COCO 120G;1,20;1,69;Ativo
4517;7898016720424;IORG.TOP MILK MORANGO 120G;1,35;1,99;Ativo
4518;7898016720431;IORG.TOP MILK VITAMINA 120G;0,95;1,50;Ativo
12228;7896275970802;IORG.ZERO FRIMESA 4 MOR 2 AMEIXA 540G;5,13;7,99;Ativo
6525;7891164028626;IORGUTE AURORA COCO 850G;4,48;8,49;Ativo
3459;7891164028633;IORGUTE AURORA FR VERMELHAS 1 L;5,80;8,99;Ativo
3460;7891164028657;IORGUTE AURORA SAL.FRUTAS 1 L;6,50;9,49;Ativo
3458;7891164028640;IORGUTE AURORA UVA VERDE 1 L;6,50;9,49;Ativo
3457;7891164027360;IORGUTE AURORA UVA VERDE 170G;1,31;1,99;Ativo
3456;7896862000462;IORGUTE BICAMADA MOR.120G;2,40;3,49;Ativo
3828;7896629640535;IORGUTE C MINAS L C M 180G;2,29;3,19;Ativo
3829;7896629640511;IORGUTE C MINAS LIM.HORT 180G;1,79;2,29;Ativo
3830;7896629640528;IORGUTE C MINAS MARACUJA 180G;1,79;2,69;Ativo
4046;7896629640696;IORGUTE C MINAS MEL 180G;1,89;2,69;Ativo
4047;7896629640542;IORGUTE C MINAS NATURAL 180G;2,85;3,99;Ativo
3832;7896629642157;IORGUTE C MINAS PED.MORANGO 100G;2,03;2,99;Ativo
3831;7896629642409;IORGUTE C MINAS PEDAÇOS PESSEGO 100G;2,03;2,99;Ativo
3826;7896629642317;IORGUTE C/PEDAÇOS C MINAS 400G;6,71;9,49;Ativo
3827;7896629640719;IORGUTE C/PEDAÇOS MOR.C MINAS 400G;6,71;9,49;Ativo
1948;7891025700609;IORGUTE DANONE 540G;3,65;4,99;Ativo
2559;7891025700579;IORGUTE DANONE FRUTAS VERM.;3,99;4,99;Ativo
3085;7891025121626;IORGUTE DANONE MOR. C/ 6UNI 510G;3,20;4,99;Ativo
12229;7896275980061;IORGUTE FRIMESA 0 S/AMEIXA 850G;9,37;13,49;Ativo
12180;7896275980511;IORGUTE FRIMESA CAMADAS/MORANGO 165G;2,54;3,79;Ativo
12177;7896275970772;IORGUTE FRIMESA FRUTAS VERMELHAS 170G;2,14;2,99;Ativo
12178;7896275970529;IORGUTE FRIMESA MORANGO 170G;2,14;2,99;Ativo
12181;7896275970970;IORGUTE FRIMESA S/MORANGO 165G;2,00;3,29;Ativo
12288;7896275970796;IORGUTE FRIMESA S/MORANGO 540G;5,05;7,49;Ativo
10835;7896275980436;IORGUTE FRIMESA SALADA 540G;4,81;7,99;Ativo
12230;7896275980672;IORGUTE FRIMESA ZEO/LACTOSE S/MOR 165G;2,31;3,29;Ativo
1381;7896862000028;IORGUTE FRUTAP COCO 500G;2,95;4,69;Ativo
1380;7896862000035;IORGUTE FRUTAP F. VERM. 500G;5,20;7,99;Ativo
9115;7896862003005;IORGUTE FRUTAP S/UVA VERDE 850G;6,55;10,99;Ativo
3649;7896862000868;IORGUTE FRUTAS VERMELHAS 850G;8,40;12,99;Ativo
8194;7896862003111;IORGUTE GREGO S/MARACUJA 90G;2,25;3,29;Ativo
8193;7896862001889;IORGUTE GREGO S/MORANGO FRUTAP 90G;4,00;5,79;Ativo
8195;7896862001865;IORGUTE GREGO S/TRADICIONAL  90G;4,00;5,79;Ativo
9938;7896051123859;IORGUTE ITAMBE FRUTAS VERM.170G;2,49;3,49;Ativo
8007;7896051124047;IORGUTE ITAMBE MORANGO 1.15KG;11,48;15,99;Ativo
7515;7896051125433;IORGUTE ITAMBE ZERO MORANGO 170G;2,39;3,49;Ativo
8048;7896051121275;IORGUTE LARANJA/CENOURA ITAMBE 170G;2,18;3,49;Ativo
8008;7896051164708;IORGUTE MILK NATURAL ITAMBE 170G;1,99;2,99;Ativo
3455;7896862000431;IORGUTE NATURAL FRUTAP 170G;2,40;3,49;Ativo
8049;7896051121251;IORGUTE NATURAL INTEGRAL ITAMBE 170G;2,75;3,99;Ativo
6050;7896625210466;IORGUTE VIGOR MORANGO 170G;2,72;3,99;Ativo
5570;7909806651245;IPANEMA BRASIL BRC/BRC 37/38;0,00;34,99;Ativo
5569;7909806651252;IPANEMA BRASIL BRC/BRC 39/40;0,00;34,99;Ativo
5568;7909806651269;IPANEMA BRASIL BRC/BRC 41/42;25,18;34,99;Ativo
5567;7909806905638;IPANEMA BRASIL BRC/ROSA 35;24,18;34,99;Ativo
1038;7909224860724;IPANEMA LOVE PRINT INFAN. Nº27;0,00;14,99;Ativo
1037;7909224029657;IPANEMA MAIS TIRAS INFANT Nº35;0,00;14,99;Ativo
1039;7909224760956;IPANEMA MATCH Nº29;0,00;14,99;Ativo
10667;7898947389073;ISABABY CURATIVO 10UN;1,98;3,49;Ativo
6181;7891035612107;ISCA MATA BARATAS C/6;21,90;31,99;Ativo
9128;7891164110666;ISCAS DE FRANGO TEMPURA AURORA 275G;7,45;10,49;Ativo
8655;7897200607732;ISCAS DE TILAPIA CANCAO 400G;18,00;25,99;Ativo
10960;8412765508905;ISQ CLIPPER CP MAXI COLLECTION;3,60;4,99;Ativo
10956;70330656277;ISQUEIRO BIC MAX;5,49;7,99;Ativo
1065;70330909229;ISQUEIRO BIC MAX;3,49;5,99;Ativo
73;1453;ISQUEIRO BIC MINI;2,50;3,49;Ativo
1994;7891028592034;ISQUEIRO BIC MINI;3,73;3,99;Ativo
12435;70330913431;ISQUEIRO BIC PEQUENO;5,00;5,99;Ativo
6051;6958731901094;ISQUEIRO HIPER;1,00;1,99;Ativo
1741;7898080640833;ITALAC ACHOC.400G POTE;4,39;5,59;Ativo
5247;7898080642974;ITALAC MISTURA LACTEA SORO/LEITE 395G;3,00;4,69;Ativo
1663;7898080640963;ITALAC MORANG INS POTE 400G;3,99;5,49;Ativo
724;7898080640253;ITALAKINHO BEB. LACTEA 200ML;0,97;1,79;Ativo
4588;7898080642844;ITALAKINHO SABOR MORANGO 200ML;0,97;2,49;Ativo
1077;7896052604715;ITUBAÍNA 237ML;0,00;1,49;Ativo
1076;7896052604975;ITUBAÍNA 350ML;2,69;3,79;Ativo
4373;7896052603497;ITUBAINA GARRAFA ORIGINAL 355ML;2,48;3,99;Ativo
1073;7896052600236;ITUBAÍNA ORIGINAL 2L;3,99;5,99;Ativo
1075;7896052604999;ITUBAÍNA RETRO ZERO 350ML;0,00;2,49;Ativo
10352;9089;JABUTICABA CX;15,00;24,99;Ativo
255;3617;JACA KG;3,15;4,99;Ativo
256;3618;JACA KG/;3,15;4,99;Ativo
9366;7894900336542;JACK COCA 269ML;5,54;9,99;Ativo
5718;7898542029855;JERKED BEEF DIANT.500G;17,60;24,99;Ativo
3384;7899567218125;JERKED BEEF TRAZ.400G;16,03;23,99;Ativo
6950;7894904272396;JERKED SUINO SEARA 400G;7,80;13,99;Ativo
9443;7898937082595;JERKED VILHETO DIANTEIRO 400G;15,99;23,99;Ativo
9444;7898937082601;JERKED VILHETO TRASEIRO 400G;16,99;24,99;Ativo
506;8778;JILO BANDEJA;6,00;8,99;Ativo
185;2461;JILO GRANEL KG;9,99;19,99;Ativo
186;2462;JILO GRANEL KG;9,00;13,99;Ativo
202;2562;JILO KG;15,00;19,99;Ativo
556;9058;JOELHO SUINO KG;14,00;17,99;Ativo
10236;7891010247423;JOHNSON''S ADULT BAR SOAP ROMI 80G;0,00;0,00;Ativo
3660;7896486100012;JURUBEBA LEÃO DO NORTE;11,90;16,99;Ativo
8908;7896356600758;JURUPINGA LATA 269ML;7,04;9,99;Ativo
6158;7896356600161;JURUPINGA ORI 975ML;22,85;32,99;Ativo
2716;7896356600772;JURUPINGA VINHO BRANCO 975ML;16,48;24,69;Ativo
82;1588;KABOCHAN KG;2,70;3,99;Ativo
6979;7896082500513;KANO KAMA COSTA SUL 200G;6,00;11,99;Ativo
2472;7896004000602;KELLUYY´S SUCRILHOS;6,96;9,99;Ativo
12396;7896007870554;KENKO FARINHA PANKO 200G;7,99;11,99;Ativo
4780;7898918330356;KEROCOPO 50ML C/100 UN;3,99;5,99;Ativo
12158;7891150079212;KETCHUP ARISCO 370G;7,07;10,49;Ativo
10624;7896025800779;KETCHUP CEPERA 400G;5,56;7,99;Ativo
1879;7896025803688;KETCHUP CEPERA 400G;5,30;6,69;Ativo
9451;7898701760469;KETCHUP CHEF CLAY 389G;5,99;8,99;Ativo
9824;7896036001059;KETCHUP ELEFANTE 350G;5,63;8,99;Ativo
7549;7897517207540;KETCHUP FUGINI SACHE 180G;1,75;2,99;Ativo
1366;7897517207212;KETCHUP FUGINI TRAD. 400G;3,25;4,19;Ativo
2673;7896102503708;KETCHUP HEINZ 397g;11,87;16,99;Ativo
1727;7891150077775;KETCHUP HELLMANN´S 380G;7,52;11,99;Ativo
8071;7891150027831;KETCHUP HELLMANNS PICANTE 380G;7,36;11,99;Ativo
7040;7891150027855;KETCHUP HELLMANNS TRAD 178G;4,93;7,49;Ativo
6296;7891031409404;KETCHUP HEMMER TRAD. 320G;6,49;9,49;Ativo
10583;7896007870684;KETCHUP KENKO 200G;3,55;5,49;Ativo
10802;7896007875689;KETCHUP KENKO TRAD.400G;5,17;7,49;Ativo
7608;7898416524653;KETCHUP KISABOR 380G;3,79;5,49;Ativo
4210;7896102502770;KETCHUP PICANTE QUERO 400G;4,69;6,99;Ativo
1462;7896292313880;KETCHUP PICANTE SOFRUTA 400G;2,10;3,49;Ativo
5712;7896292360464;KETCHUP PREDILECTA PICANTE 400G;4,29;6,49;Ativo
8818;7896292301412;KETCHUP PREDILECTA TRAD 200G;2,69;4,49;Ativo
7179;7896102502787;KETCHUP QUERO PICANTE 200G;3,59;4,99;Ativo
894;7896102502763;KETCHUP QUERO TRAD. 200G;3,75;5,49;Ativo
895;7896102502756;KETCHUP QUERO TRAD. 400G;5,36;7,99;Ativo
10198;7896102000382;KETCHUP TRAD HEINZ 260G;0,00;10,99;Ativo
2308;7896292300460;KETCHUP TRAD PREDILECTA 400G;4,49;6,99;Ativo
1365;7898045700466;KETCHUP VAL TRADICIONAL 400G;2,19;3,49;Ativo
1835;7891095200870;KIMILHO YOKI 500G;3,99;5,79;Ativo
8260;7898024397113;KINDER BUENO WHITE 39G;5,78;8,49;Ativo
10061;7898024398493;KINDER JOY JURASSIK 20G;6,60;9,99;Ativo
10732;78940802;KINDER OVO 20G;8,13;11,49;Ativo
12252;7898024396567;KINDER OVO MAXI NATOONS 150G;74,04;114,99;Ativo
2921;78940826;KINDER OVO NATOON 20G;5,00;6,99;Ativo
10660;7898024398202;KINDER OVO PATRULHA CANINA 20G;8,13;11,49;Ativo
6635;8000500384763;KINDER TRONKY 18G;3,02;4,29;Ativo
7460;7898700710656;KIT 2 BUDWEISER 330ML LN 330ML + COPO;16,90;24,99;Ativo
10971;7898645220517;KIT AUTO PROAUTO AUTO CARE;31,99;44,99;Ativo
4433;7898908237269;KIT BANHO INFANTIL;9,90;14,99;Ativo
6342;7896044952695;KIT C/2 DEO. GIOVANNA BABY 50ML CD;8,01;12,99;Ativo
6341;7896044963554;KIT C/2 DEO. GIOVANNA BABY 50ML CD;7,43;10,99;Ativo
6382;7896044963530;KIT C/2 DEO. GIOVANNA BABY 50ML CD;6,97;10,99;Ativo
7056;7891150075474;KIT C/2 HELLMANS DE 500G;14,98;21,99;Ativo
7247;7891055816264;KIT C/3 ESCOVA DENTAL CONDOR MACIA;5,99;9,99;Ativo
1193;7891055141328;KIT CONDOR COM 3 PENTES;0,00;9,49;Ativo
2207;7891058018238;KIT DEMACYD FEM. 200ML+100ML;19,45;27,99;Ativo
2206;7891058018245;KIT DEMARCYD DEL. 200ML+100ML;19,45;27,99;Ativo
8822;7896044999492;KIT DEO AERO G BABY BLUE 150ML;14,34;20,99;Ativo
8823;7896044999485;KIT DEO AERO G BABY CLASSIC 150ML;14,34;21,99;Ativo
4089;7891000248829;KIT KAT DARK 41.5G;3,21;4,99;Ativo
4213;7891000249246;KIT KAT WHITE 41.5G;2,78;4,99;Ativo
5161;7898965559519;KIT KELMA ARGAN 500ML+500ML;6,99;9,99;Ativo
5163;7898965559533;KIT KELMA BABOSA 500ML+500ML;6,99;9,99;Ativo
5164;7898965559502;KIT KELMA COCO 500ML+500ML;6,99;9,99;Ativo
5162;7898965559526;KIT KELMA MANDIOCA 500ML+500ML;6,99;9,99;Ativo
3026;7908324401622;KIT KOLENE CACHOS SH300+CO200;0,00;12,49;Ativo
3027;7908324401615;KIT KOLENE ORIG. SH300+CO200;0,00;12,49;Ativo
1024;7897750773369;KIT LIMPEZA LEVE C/3 UN;0,00;2,49;Ativo
3519;7898557240832;KIT MANICURE INFANTIL MURANO;17,70;24,99;Ativo
12405;7908324408270;KIT NEUTROX FORCA 300+200ML;12,58;18,99;Ativo
3915;7899706190923;KIT NIELY DETOX 275ML+ C175ML;14,94;20,99;Ativo
2737;7896000713186;KIT NIELY GOLD LISO PLENO 275ML+ C175ML;14,94;20,99;Ativo
2738;7896000717658;KIT NIELY GOLD LISO PLENO 275ML+ C175ML;11,79;16,99;Ativo
2739;7896000727527;KIT NIELY GOLD MILAGROSA 275ML+ C175ML;13,02;18,49;Ativo
2204;7896000724595;KIT NIELY GOLD S275ML+ C175ML;10,90;15,99;Ativo
2203;7896000725264;KIT NIELY GOLD S275ML+ C175ML;9,93;14,99;Ativo
2205;7896000726407;KIT NIELY GOLD S275ML+ C175ML;14,57;20,99;Ativo
4351;7896000711601;KIT NIELY GOLD SHAMPOO + COND. 275ML +175ML;8,43;14,99;Ativo
5154;7896000722577;KIT NIELY OLEO DE COCO 275ML+ C175ML;8,43;14,99;Ativo
8267;7891079014097;KIT NISSIN GALINHA CAIPIRA 480G;12,74;16,99;Ativo
12406;7908324400861;KIT OX LISOS 375+170ML;22,13;32,99;Ativo
12407;7908324400847;KIT OX NUTRE 375+170ML;22,13;32,99;Ativo
2740;7500435128391;KIT PANTENE CACHOS S175+C175ML;17,64;25,99;Ativo
2741;7500435128384;KIT PANTENE H CAUTERIZAÇÃO S175+C175ML;17,64;25,99;Ativo
2742;7500435128360;KIT PANTENE HIDRATAÇÃO S175 C175ML;17,64;25,99;Ativo
9027;7500435169387;KIT PANTENE SHAMPOO+COND HIDROCAUTERIZACAO 525ML;25,49;36,99;Ativo
9028;7500435169363;KIT PANTENE SHAMPOO+COND LISO EXT 525ML;25,49;36,99;Ativo
9080;7896108569180;KIT PROTETOR SOLAR CENOURA BRONZE;26,35;38,99;Ativo
4434;7898557240153;KIT REFEICAO INFANTIL;12,40;18,99;Ativo
5159;7898968070349;KIT SALON BOMBA ANTIQUEDA 200ML+200ML;14,42;21,99;Ativo
5160;7898623956759;KIT SALON BOMBA CRESC.CAPILAR 200ML+200ML;14,42;21,99;Ativo
10846;7891150097384;KIT SEDA SH 300ML  COND 190ML LISO PERFEITO;14,99;21,99;Ativo
10913;7897042020201;KIT SH  COND SK BABOSA 325ML;8,99;13,99;Ativo
10040;7897042013814;KIT SH + COND SK BOMBA DE VITAMINAS 325ML;10,71;15,99;Ativo
10915;7897042020140;KIT SH COND SK 12 EM 1 325 ML;8,99;12,99;Ativo
10911;7897042020362;KIT SH COND SK BANANA;8,99;12,99;Ativo
1268;7898916841939;KIT SH E COND. A H. DO BANHO;0,00;7,49;Ativo
1267;7898293492656;KIT SH E COND. A H. DO BANHO;0,00;7,49;Ativo
1269;7898916841922;KIT SH E COND. A H. DO BANHO;0,00;7,49;Ativo
9733;7509546689357;KIT SH+COND PALMOLIVE BOOM HIDRATACAO 350ML;12,76;19,99;Ativo
9730;7509546674353;KIT SH+COND PALMOLIVE CERAMIDAS 350ML;11,86;19,99;Ativo
9735;7509546668277;KIT SH+COND PALMOLIVE DETOX ENERGIZANTE 350ML;12,72;19,99;Ativo
9732;7509546688015;KIT SH+COND PALMOLIVE FORCE 350ML;12,76;19,99;Ativo
9734;7509546687476;KIT SH+COND PALMOLIVE HYDRATE 350ML;12,76;19,99;Ativo
9731;7509546689340;KIT SH+COND PALMOLIVE LISOS RADIANTES 350ML;12,76;19,99;Ativo
10914;7897042020195;KIT SH+COND SK AMIDO DE MILHO 325ML;8,99;12,99;Ativo
10912;7897042020720;KIT SH+COND SKALA 325ML CEREJA;8,99;12,99;Ativo
9780;7897042019335;KIT SH+COND SKALA MELANCIA 325ML;10,71;15,99;Ativo
9779;7897042019359;KIT SH+COND SKALA MORANGO 325ML;10,71;15,99;Ativo
6349;7899706188302;KIT SH375ML + COND170ML ELSEVE HIDRA;25,29;35,99;Ativo
7556;7891150093263;KIT SHAMPOO E COND DOVE RECONSTRUCAO;22,10;31,99;Ativo
9952;7891150097353;KIT SHAMPOO E COND.CACHOS SEDA 325ML+300ML;14,99;21,99;Ativo
9048;7500435137577;KIT SHAMPOO PANTENE LONGO/FORTE 400ML;20,06;28,99;Ativo
5899;7897042013807;KIT SHAMPOO+CON SKALA OLEO DE ARGAN;9,78;14,49;Ativo
7696;7897042013746;KIT SHAMPOO+COND ABACATE SKALA 325ML;10,35;14,99;Ativo
7695;7897042018109;KIT SHAMPOO+COND ACACHONADOS SKALA 325ML;10,06;14,49;Ativo
7694;7897042013845;KIT SHAMPOO+COND AMIDO SKALA 325ML;10,18;14,99;Ativo
7697;7897042018284;KIT SHAMPOO+COND EXPERT SKALA 325ML;10,59;14,99;Ativo
5219;7500435188227;KIT SHAMPOO+COND PANTENE BAMBU 575ML;25,57;37,99;Ativo
12392;7897042020294;KIT SKALA SH +COND ABACATE 325+200ML;8,99;13,99;Ativo
12393;7897042020171;KIT SKALA SH+COND CACHOS 325+200ML;8,99;13,99;Ativo
12395;7897042020133;KIT SKALA SH+COND GLICOLICO 325+200ML;8,99;13,99;Ativo
5897;7897042017911;KIT SKALA SHAMPOO+COND + CACHINHOS;10,12;14,99;Ativo
5896;7897042016419;KIT SKALA SHAMPOO+COND CRESPINHO DIVINO;11,07;15,99;Ativo
5898;7897042015450;KIT SKALA SHAMPOO+COND CRESPO DIVINO;10,71;15,99;Ativo
6309;7897042013296;KIT SKALA SHAMPOO+COND MARACUJA+OLEO;9,49;13,49;Ativo
4558;7898700710588;KIT STELLA ARTOIS 4 STELLA 275ML E CÁLICE;39,99;54,99;Ativo
4448;7897888861303;KIT TOK BABOSA SHAMP+COND 500ML;7,96;11,99;Ativo
4449;7897888861334;KIT TOK CERAMIDAS SHAMP+COND 500ML;7,96;11,99;Ativo
3022;7896115705144;KIT TRALALA S480+C250ML;0,00;24,49;Ativo
3025;7896115705113;KIT TRALALA S480+C250ML;0,00;24,49;Ativo
3023;7896115703713;KIT TRALALA S480+C250ML;0,00;24,49;Ativo
3024;7896115703720;KIT TRALALA S480+C250ML;0,00;24,49;Ativo
4435;7898557240788;KIT TRES COLHERES INFANTIL;3,60;5,49;Ativo
1759;7896433641025;KITUT FIAMBRE 320G;8,95;12,99;Ativo
5608;7896304000425;KIWI CAMBUCADO 600G;10,50;14,49;Ativo
207;2567;KIWI KG;16,67;29,99;Ativo
10458;7891172523380;KLEENEX LENCO DIA A DIA 4UN;3,09;9,99;Ativo
1752;7891150012370;KNORR CALDO CARNE 19G;0,45;0,99;Ativo
1751;7894000000213;KNORR CALDO GALINHA 19G;0,45;0,99;Ativo
7896;7891772142660;KOBBER GRANOLA BANANA 250G;12,49;17,99;Ativo
385;6941;l;0,00;0,00;Ativo
518;9005;LAGARTO BOVINO KG;29,90;41,99;Ativo
9309;7896085087288;LAMEN ADRIA S/CARNE SUAVE 75G;1,49;2,49;Ativo
9310;7896085087295;LAMEN ADRIA S/GALINHA CAIPIRA 75G;1,49;2,49;Ativo
610;789814;LAMEN ADRIA S/GALINHA CAIPIRA 75G;1,89;2,99;Ativo
9311;7896085087325;LAMEN ADRIA S/TOMATE 75G;1,49;2,00;Ativo
10805;7891203068644;LAMEN PANCO FEIJAO C/BACON 80G;1,60;2,19;Ativo
9195;7891203059796;LAMEN PANCO S/CARNE TOMATE 80G;1,52;2,19;Ativo
4192;7891203057518;LÁMEN SABOR GALINHA PANCO 80G;1,60;2,19;Ativo
10759;6222001562828;LAMINA LORD PLATINUM;1,95;2,99;Ativo
2310;7891051015210;LAMINA WILKINSON SWORD;1,41;1,99;Ativo
10758;8690885201962;LAMINAS DERB EXTRA C/ 5 UN;0,47;2,99;Ativo
6824;7898324004858;LAMP SUPERLED OUROLUX 15W;6,99;9,99;Ativo
1066;7898324238536;LAMP. OUROLUX FLORECENTE 220V;7,69;11,49;Ativo
1067;7898324005152;LAMP. OUROLUX SUPERLED 6W BIV;4,95;7,49;Ativo
1068;7898324005176;LAMP. OUROLUX SUPERLED 9W BIV;1,89;4,99;Ativo
9430;7897013586255;LAMPADA ELGIN 12W;3,91;5,99;Ativo
9431;7897013585654;LAMPADA ELGIN 20W;5,69;8,99;Ativo
9961;7898495140928;LAMPADA FOGAO KIAN 40W 127V;4,29;7,49;Ativo
9976;7897079066128;LAMPADA HALOGENA TASCHIBRA 100W 220V;4,47;7,99;Ativo
1983;7898495144117;LAMPADA KIAN 20W 127V;7,99;9,99;Ativo
4567;7898495149549;LAMPADA KIAN 42W 127V;3,99;5,99;Ativo
5321;7898495140409;LAMPADA KIAN E27 110V 15W;8,99;13,49;Ativo
5320;7899710006555;LAMPADA KIAN LED 12W;3,99;7,49;Ativo
3489;7899710006517;LAMPADA KIAN LED 6W;4,69;7,99;Ativo
3215;7899710006531;LAMPADA KIAN LED 9W;2,69;4,99;Ativo
8903;7897013586279;LAMPADA LED 15W BRANCA;4,64;6,99;Ativo
8902;7897013585661;LAMPADA LED 30W BRANCA;10,99;17,99;Ativo
8904;7897013586231;LAMPADA LED 9W BRANCA;2,80;4,49;Ativo
4548;7897079085068;LAMPADA LED TASCHIBRA 12W;10,00;13,99;Ativo
4549;7897079065589;LAMPADA LED TASCHIBRA 9W;6,00;8,99;Ativo
7920;7899771503680;LAMPADA OUROLUX 100W 20W;17,61;24,99;Ativo
9542;7899771503567;LAMPADA OUROLUX 9W;23,75;33,99;Ativo
5607;7891164026950;LANCHE FAROESTE XBURGER 145G;5,94;8,49;Ativo
10223;7891164026967;LANCHE FAROESTE XFRANGO 145G;5,14;8,49;Ativo
2573;7896019611749;LANCY LACTA 30G;1,79;2,79;Ativo
206;2566;LARANJA LIMJA KG;3,91;5,49;Ativo
222;2712;LARANJA PCT 5KG;7,00;9,99;Ativo
36;34;LARANJA PÊRA KG;3,04;4,49;Ativo
12492;7894904605019;LAS 4 QUEIJOS AIR FRYER SEARA 300G;8,24;11,99;Ativo
1568;7891515496357;LAS. A BOLONHESA PERDIGÃO 600G;13,95;19,99;Ativo
1569;7891515496234;LAS. FR. C/ BANC PERDIGÃO 600G;12,68;17,99;Ativo
4217;7894904082728;LASANHA 4 QUEIJO SEARA 600G;6,99;9,99;Ativo
7540;7891515475680;LASANHA 4 QUEIJOS SADIA 600G;7,90;12,99;Ativo
2976;7891164026547;LASANHA 4QUEIJOS AURORA 600G;6,02;10,99;Ativo
2977;7891164026530;LASANHA A BOLONHESA AURORA 600G;12,04;16,99;Ativo
3183;7894904082704;LASANHA A BOLONHESA SEARA 600G;13,49;19,99;Ativo
3184;7894904072439;LASANHA A PRES.QJO SEARA 600G;8,99;12,99;Ativo
6585;4789116402613;LASANHA AURORA PRESUNTO E QUEIJO 600G;9,74;14,99;Ativo
1931;7896228101215;LASANHA BOLON.M LEVE 600G;8,65;11,99;Ativo
9139;7891164026738;LASANHA BOLONHESA AURORA 1KG;19,01;26,99;Ativo
4202;7896216101494;LASANHA BOLONHESA MEZZANI 600G;8,50;13,49;Ativo
9329;7891515496241;LASANHA BOLONHESA PERDIGAO 1KG;22,09;31,99;Ativo
1934;7893000639836;LASANHA BOLONHESA SADIA 1.6KG;20,90;29,99;Ativo
8870;7893000073142;LASANHA BOLONHESA SADIA 1KG;21,32;29,99;Ativo
7539;791515475703;LASANHA BOLONHESA SADIA 600G;7,90;12,99;Ativo
2129;7891515475703;LASANHA BOLONHESA SADIA 600G;15,47;21,99;Ativo
10875;7894904578658;LASANHA BOLONHESA SEARA 350G;8,84;12,99;Ativo
3516;4789116402675;LASANHA CALABRESA AURORA 600G;9,74;14,99;Ativo
10794;7897200607817;LASANHA CANCAO BOLONHESA 600GR;9,47;15,99;Ativo
5987;7891164026578;LASANHA DE FRANGO AURORA 600G;6,02;10,99;Ativo
4224;7896005222638;LASANHA DONA BENTA PLACA 200G;1,99;3,69;Ativo
1930;7896228101376;LASANHA FGO M LEVE 600G;8,65;11,99;Ativo
7838;7896074604496;LASANHA FORNO DE MINAS S/BOLONHESA 600G;6,50;9,99;Ativo
1675;7896228101222;LASANHA M LEVE 4 QUEIJO 600G;7,20;9,99;Ativo
5744;7891515490430;LASANHA PERDIGAO CALABRESA 600G;11,96;16,99;Ativo
10509;7891515475697;LASANHA SADIA PRES E QJO AO SUGO 600G;14,60;20,99;Ativo
10504;7891143013193;LAT REQUEIJAO POLENGHI CREM ORIGINAL 200G;5,39;9,49;Ativo
1172;7897851500024;LAVA AUTO PINHEIRO 500ML;0,00;3,99;Ativo
10466;7896098902639;LAVA LOUCAS P/MQUINA YPE 450G;20,89;29,99;Ativo
1475;7896524721063;LAVA LOUÇAS SUPREMA CLEAR 500G;1,39;1,99;Ativo
1340;7896098900253;LAVA LOUÇAS YPÊ CLEAR 500ML;1,99;2,49;Ativo
10909;7898973291463;LAVA ROUPA ARES 800G;2,99;4,49;Ativo
12382;7891150104310;LAVA ROUPA OMO CICLO RAPIDO 1,4L;23,26;34,99;Ativo
8396;7896524703281;LAVA ROUPA SUPREMA MULTI ACAO 1L;6,21;8,99;Ativo
8924;7896056405165;LAVA ROUPA URCA LIMP PROFUNDA 1000L;5,65;8,49;Ativo
1062;7897664172241;LAVA ROUPAS ASSIM 500G;3,14;4,69;Ativo
6800;7908324402698;LAVA ROUPAS ASSIM MECELAR 800G;6,14;8,99;Ativo
5805;7891150086401;LAVA ROUPAS BRILHANTE 1.6KG GRATIS 150G;14,02;21,99;Ativo
1702;7891150064959;LAVA ROUPAS BRILHANTE 1L;6,99;9,79;Ativo
6253;7891150086531;LAVA ROUPAS BRILHANTE 2.2KG;16,83;29,99;Ativo
7587;7891150091511;LAVA ROUPAS BRILHANTE C. TOTAL 800G;7,39;13,49;Ativo
7650;7891150093881;LAVA ROUPAS BRILHANTE DELICADEZA 800G;6,99;9,99;Ativo
7447;7891150091535;LAVA ROUPAS BRILHANTE HIG TOTAL 1.6KG;13,99;20,99;Ativo
7651;7891150091481;LAVA ROUPAS BRILHANTE HIGIENE 800G;7,49;11,99;Ativo
7652;7891150086524;LAVA ROUPAS BRILHANTE LIMPEZA 800G;8,10;11,99;Ativo
7314;7891024039847;LAVA ROUPAS COCO OLA 500ML;11,73;16,99;Ativo
9652;7898948339886;LAVA ROUPAS EM PÓ ARES 1KG;2,99;4,49;Ativo
1537;7898948339220;LAVA ROUPAS EM PÓ ARES 1KG;3,30;4,49;Ativo
1393;7891150064317;LAVA ROUPAS EM PÓ OMO 800G;9,50;13,99;Ativo
10383;7891150092204;LAVA ROUPAS EM PO OMO BCO ABSOLUTO 720G;11,96;16,99;Ativo
9956;7891150080188;LAVA ROUPAS EM PO OMO LAVANDA 800G;10,29;15,49;Ativo
1536;7891150067066;LAVA ROUPAS EM PÓ SURF 800G;5,29;7,89;Ativo
5723;7896098905104;LAVA ROUPAS EM PÓ YPÊ POWER 800G;9,31;12,49;Ativo
7469;7891150064713;LAVA ROUPAS LIQ BRILHANTE HIG TOTAL 3L;21,40;30,99;Ativo
8271;7891150020689;LAVA ROUPAS LIQ OMO 3L;31,77;46,99;Ativo
8150;7891150077614;LAVA ROUPAS LIQ OMO BEBE 450ML;7,97;11,49;Ativo
10381;7891150063815;LAVA ROUPAS LIQ OMO COCO 900ML;12,24;17,99;Ativo
8651;7891150064935;LAVA ROUPAS LIQ OMO PURO CUIDADO 900ML;9,67;14,99;Ativo
9541;7891150100398;LAVA ROUPAS LIQ SURF COCO 1.8L;13,81;20,99;Ativo
7757;7896098900352;LAVA ROUPAS LIQ TIXAN MACIEZ 1L;7,79;11,99;Ativo
10358;7896056405615;LAVA ROUPAS LIQ URCA 3L;16,07;23,99;Ativo
8634;7896056405233;LAVA ROUPAS LIQ URCA VERDE 1L;5,65;8,49;Ativo
6627;7500435141987;LAVA ROUPAS LIQ. ARIEL 700ML;10,99;16,49;Ativo
7956;7891150020672;LAVA ROUPAS LIQUIDO BRILHANTE 3L;23,02;32,99;Ativo
7461;7891150071193;LAVA ROUPAS LIQUIDO COCO BRILHANTE 3L;23,99;32,99;Ativo
10045;7897664120129;LAVA ROUPAS LIQUIDO MINUANO COCO 12X500ML;6,46;9,49;Ativo
7957;7896098901373;LAVA ROUPAS LIQUIDO TIXAN MACIEZ 3L;25,90;36,99;Ativo
7958;7896098901168;LAVA ROUPAS LIQUIDO TIXAN PRIMAVERA 3L;25,90;36,99;Ativo
6508;7908324403268;LAVA ROUPAS MINUANO 800G;6,40;10,49;Ativo
5838;7908324403343;LAVA ROUPAS MINUANO 800G;5,99;9,49;Ativo
6959;7891024128510;LAVA ROUPAS OLA DELICADAS 500ML;11,73;16,99;Ativo
9540;7891150078413;LAVA ROUPAS OMO LIQ LAVANDA 900ML;9,67;14,99;Ativo
5619;7896098905098;LAVA ROUPAS POWER ACT YPE 1.6KG;18,91;26,49;Ativo
307;5359;LAVA ROUPAS POWER ACT YPE 800G;9,31;12,99;Ativo
8028;7896524703274;LAVA ROUPAS SUPREMA ULTRA ACAO 1L;6,21;8,99;Ativo
1061;7891150066779;LAVA ROUPAS SURF 5 EM 1 800G;4,85;6,79;Ativo
3379;7896098909713;LAVA ROUPAS TIXAN 500G;3,65;5,49;Ativo
6829;7896098902790;LAVA ROUPAS TIXAN ANTIBAC CX 800G;6,99;8,99;Ativo
6828;7896098903988;LAVA ROUPAS TIXAN ANTIBAC SACHE 800G;5,94;7,99;Ativo
5634;7896098900369;LAVA ROUPAS TIXAN LIQ 1L;7,79;11,99;Ativo
5666;7896098909775;LAVA ROUPAS TIXAN MACIEZ 1.6KG;13,49;20,99;Ativo
7332;7896098909904;LAVA ROUPAS TIXAN MACIEZ 1.6KG;14,99;19,99;Ativo
5613;7896098909737;LAVA ROUPAS TIXAN MACIEZ 400G;3,90;6,49;Ativo
5737;7896098909812;LAVA ROUPAS TIXAN MACIEZ 800G;6,71;7,99;Ativo
9043;7896098904893;LAVA ROUPAS TIXAN MACIEZ REFIL 900ML;8,49;12,99;Ativo
7180;7896098909959;LAVA ROUPAS TIXAN PRIMAVERA 1.6KG;13,87;19,99;Ativo
5736;7896098909805;LAVA ROUPAS TIXAN PRIMAVERA 800G;6,71;7,99;Ativo
7959;7896098904053;LAVA ROUPAS TIXAN PRIMAVERA REFIL 900ML;9,77;14,49;Ativo
4963;7891242420090;LAVA ROUPAS UAU ACTIVE 1L;9,27;13,49;Ativo
6223;7891242420113;LAVA ROUPAS UAU ACTIVE 3L;22,10;29,99;Ativo
6222;7891242420137;LAVA ROUPAS UAU PERFUMES 3L;22,10;29,99;Ativo
6441;7896056401495;LAVA ROUPAS UFE COCO 500ML;3,95;9,49;Ativo
1616;7896056404571;LAVA ROUPAS URCA MAXX 1KG;4,59;6,99;Ativo
4198;7896040701389;LAVA ROUPAS VIDA MACIA 500ML;10,99;15,49;Ativo
12362;7892840824907;LAY`S QUEIJO CAMEMBERT 62G;7,54;9,99;Ativo
7335;7892840822750;LAYS CLASSICA 35G;3,63;4,99;Ativo
10669;7892840823405;LAYS CLASSICAS 115GX15 PP;8,69;13,99;Ativo
12361;7892840824884;LAYS PICANHA BRASILEIRA 62G;7,54;9,99;Ativo
9753;7892840820640;LAYS RUSTICAS CREAM CHEESE 68G;7,25;7,99;Ativo
10670;7892840823412;LAYS SOUR CREAM 115GX15 PP;8,69;13,99;Ativo
12463;7892840825188;LAYS SOUR CREAM 30G;3,82;4,99;Ativo
7249;7892840822767;LAYS SOUR CREAM 35G;3,64;4,99;Ativo
4491;7892840819613;LAYS SOUR CREAM 45G;3,80;4,99;Ativo
12366;7892840825157;LAYS SOUR CREAM 62G;5,83;9,99;Ativo
7362;7892840823399;LAYS SOUR CREAM 70G;5,83;9,99;Ativo
12447;7908966529333;LEAVE IN ELSEVE COLLAGEN 100ML;41,21;59,99;Ativo
10329;7891150099821;LEAVE IN SEDA GLYCOL VITA C 110ML;16,80;24,99;Ativo
8283;7896519246557;LEGUMES DEMARCHI CONGELADO 300G;6,66;9,49;Ativo
854;7898370100320;LEIT DE COCO S. NORDESTE 200ML;2,29;3,25;Ativo
1995;7891000070444;LEIT.FERM.CHAMYTO C/6;5,79;8,49;Ativo
7060;7896283800566;LEITE 0 LACTOSE JUSSARA 1L;5,49;7,49;Ativo
8554;7891164028299;LEITE AURORA ZERO LACTOSE INT 1L;4,89;6,49;Ativo
12312;7898701760520;LEITE COCO CHEF CLAY TRAD 500ML;5,29;7,99;Ativo
4299;7891097103810;LEITE COMPOSTO PARMALAT 380G;9,70;13,49;Ativo
10929;7898215159315;LEITE COND 8 PIRACANJUBA 395G;5,89;8,49;Ativo
9424;7896051115038;LEITE COND ITAMBE LT 395G;7,00;10,99;Ativo
10402;7898215151999;LEITE COND PIRACANJUBA ZERO LAC 395G;6,47;8,99;Ativo
10151;7896051115014;LEITE COND TP ITAMBE 395 G;5,49;7,99;Ativo
6623;7898080640529;LEITE COND. SEMIDESNATADO ITALAC 270G;3,39;4,99;Ativo
4794;7891164026905;LEITE COND.AURORA 395G;4,70;6,79;Ativo
2589;7891030002033;LEITE COND.MOCOCA INT.395G;4,13;5,49;Ativo
2454;7891000322789;LEITE COND.SEMI MOÇA 405G;5,49;7,99;Ativo
4626;7896434921133;LEITE COND.TRIANGULO MIN.395G;3,99;5,59;Ativo
788;7898215152002;LEITE CONDEN. PIRACANJUBA 395G;4,99;7,49;Ativo
1461;7896354100861;LEITE CONDENS. MARAJOARA 395G;4,59;6,99;Ativo
3676;7897076021403;LEITE CONDENSADO CAMPOS DO JORDÃO 395G;95,53;5,49;Ativo
7456;7898080642646;LEITE CONDENSADO INTEGRAL 395G;6,05;8,49;Ativo
787;7898080640437;LEITE CONDENSADO ITALAC 395G;5,20;7,49;Ativo
6207;7891000065457;LEITE CONDENSADO MOÇA 395G;6,00;8,99;Ativo
771;7891000010952;LEITE CONDENSADO MOÇA 395G;8,01;11,99;Ativo
10967;7898215152019;LEITE CONDENSADO PIRACANJUBA 270G;3,99;5,99;Ativo
8470;7896294901863;LEITE CONDENSADO SEMI PAULISTA 395G;4,99;7,49;Ativo
1986;7898904099700;LEITE DE COCO 200ML;1,75;2,59;Ativo
3176;7898406780755;LEITE DE COCO BOM COCO 200ML;1,55;2,49;Ativo
2319;7898957715015;LEITE DE COCO DA ANNNA 200ML;1,19;1,79;Ativo
2316;7898370100016;LEITE DE COCO DO VALE 200ML;2,19;3,19;Ativo
6442;7896016601408;LEITE DE COCO DUCOCO 200ML;4,06;6,49;Ativo
9319;7896016601835;LEITE DE COCO DUCOCO 500ML;11,00;15,49;Ativo
4585;7898234880320;LEITE DE COCO IMPERIAL 200ML;1,69;2,49;Ativo
853;7896004400297;LEITE DE COCO MAIS COCO 200ML;2,95;4,49;Ativo
3175;7896028014494;LEITE DE COCO MENINA 200ML;2,33;4,49;Ativo
7712;7891030300160;LEITE DE COCO MOCOCA 200ML;2,35;3,29;Ativo
8956;7898623460751;LEITE DE COCO NOBRE SABOR 200ML;1,50;2,49;Ativo
9320;7898370100337;LEITE DE COCO SABOR NORDESTE 500ML;7,93;11,49;Ativo
1590;7896004400075;LEITE DE COCO SOCOCO 200ML;5,17;7,99;Ativo
8174;7896004400372;LEITE DE COCO SOCOCO 200ML;3,79;5,99;Ativo
3038;7896235353249;LEITE DE COLONIA ORIG. 100ML;3,39;4,99;Ativo
2140;7896806700076;LEITE DE ROSAS BARLA 140G;5,59;7,99;Ativo
3037;7896806700021;LEITE DE ROSAS TRAD. 100ML;2,81;4,49;Ativo
10136;7898215157458;LEITE DESNAT MOLICO ZERO LAC 1L;6,50;3,99;Ativo
342;6175;LEITE DESNATADO ITALAC 1L;3,49;5,99;Ativo
8133;7896051111702;LEITE DESNATADO ITAMBE 1L;4,85;6,49;Ativo
7057;7896283800191;LEITE DESNATADO JUSSARA GRRF 1L;4,19;5,19;Ativo
7145;7891097001048;LEITE DESNATADO PARMALAT GARRF 1L;4,69;5,99;Ativo
7720;7891164027704;LEITE EM PO AURORA 400G;12,49;18,99;Ativo
9534;7898215152484;LEITE EM PO DESN INST PIRACANJUBA 400G;13,51;20,99;Ativo
9494;7891000249376;LEITE EM PÓ DESNATADO 280G;22,00;30,99;Ativo
2809;5789605113012;LEITE EM PO INT.ITAMBÉ INTANTANEO 400G;11,90;17,99;Ativo
9516;7898215158448;LEITE EM PÓ INTEGRAL 380G;16,62;23,49;Ativo
9517;7898215158851;LEITE EM PÓ INTEGRAL INSTANTANEO 380G;16,62;23,49;Ativo
9819;7891164027681;LEITE EM PO INTEGRAL INSTANTANEO AURORA 400G;12,92;18,99;Ativo
7235;7891000340981;LEITE EM PO INTEGRAL NINHO 380G;16,36;25,99;Ativo
1705;7898080640390;LEITE EM PO ITALAC 400G;12,81;19,99;Ativo
2887;7898080641694;LEITE EM PÓ ITALAC INST.400G;10,44;14,49;Ativo
2672;7896051130116;LEITE EM PÓ ITAMBÉ INT 400G;12,92;19,99;Ativo
3965;7898239260745;LEITE EM PÓ MERILÚ 400G;5,21;8,99;Ativo
2073;7891000062722;LEITE EM PÓ NESTOGENO 1 800G;58,16;78,99;Ativo
2074;7891000062760;LEITE EM PÓ NESTOGENO 2 800G;33,47;46,99;Ativo
67;1267;LEITE EM PÓ NINHO 1FASES.380G;11,90;16,99;Ativo
1814;7891000284933;LEITE EM PÓ NINHO INST.380G;16,90;21,99;Ativo
8551;7891000393284;LEITE EM PO NINHO INT INSTANTANEO 380G;16,49;25,99;Ativo
2854;7898215152460;LEITE EM PÓ PIRACANJUBA ÓTIMO 400G;9,44;13,49;Ativo
9736;7891515402549;LEITE FERM BOB ESPONJA LAR.80G;0,67;1,50;Ativo
12115;7891515402532;LEITE FERM BOB ESPONJA MOR 80G;3,89;6,99;Ativo
12114;7891515402563;LEITE FERM BOB ESPONJA UVA 80G;0,67;1,50;Ativo
12116;7891097101984;LEITE FERM BOB TRAD 80G;3,89;6,99;Ativo
8813;78928374;LEITE FERM CHAMYTO 75G;0,99;1,49;Ativo
10264;78948785;LEITE FERM YAKULT PESSEGO 80G;1,60;2,79;Ativo
5006;7896629643024;LEITE FERM.CANTO MINAS 480G;6,49;8,99;Ativo
5005;7896629643017;LEITE FERM.CANTO MINAS 80G;0,98;1,49;Ativo
9908;7891097087431;LEITE FERMENTADO BOB ESPONJA S/MORANGO 80G;0,75;1,50;Ativo
6432;7891000027974;LEITE FERMENTADO CHAMYTO 720G;7,99;11,99;Ativo
12289;7896275980801;LEITE FERMENTADO FRIMESA 170G;1,88;2,79;Ativo
712;7896862002107;LEITE FERMENTADO FRUTAP 170G;2,40;3,49;Ativo
9546;7896862003036;LEITE FERMENTADO FRUTAP 450G;6,80;9,99;Ativo
2892;7896862002138;LEITE FERMENTADO FRUTAP 480G C/6;6,80;9,99;Ativo
2891;7896862002121;LEITE FERMENTADO FRUTAP 80G;1,66;1,99;Ativo
713;7896862002060;LEITE FERMENTADO FRUTAP 900G;9,00;12,99;Ativo
12452;7896862003302;LEITE FERMENTADO FRUTAP POUCH 90G;2,90;4,49;Ativo
7682;7896051126072;LEITE FERMENTADO ITAMBE 80G;0,89;1,29;Ativo
5842;7896051126058;LEITE FERMENTADO ITAMBE C/6 450G;6,00;8,49;Ativo
7714;7896051165965;LEITE FERMENTADO S/MOR ITAMBE 80G;1,26;1,79;Ativo
7715;7896051165989;LEITE FERMENTADO S/UVA ITAMBE 80G;1,05;1,49;Ativo
1947;7891156001040;LEITE FERMENTADO YAKULT 480G;10,20;13,99;Ativo
10263;7891156076246;LEITE FERMENTADO YAKULT S/PESSEGO 480G;9,60;13,99;Ativo
6274;7896051111016;LEITE INT ITAMBÉ 1L;4,89;5,99;Ativo
3719;7896256601848;LEITE INT TIROL C/TAMPA 1L;3,49;5,49;Ativo
5112;7896569405003;LEITE INT.LIDER 1L;4,69;5,69;Ativo
3054;7891097001024;LEITE INT.PARMALAT 1L GARRAFA;5,29;6,49;Ativo
5083;7891164027339;LEITE INTEGRAL AURORA 1L;4,09;4,99;Ativo
7454;7891164028237;LEITE INTEGRAL AURORA TP 1L;3,19;4,09;Ativo
2955;7896066767284;LEITE INTEGRAL HERCULES 1L;3,99;4,99;Ativo
1387;7898080640611;LEITE INTEGRAL ITALAC 1L;4,99;6,29;Ativo
5422;17898080640618;LEITE INTEGRAL ITALAC CX/12 1L;47,88;55,99;Ativo
2946;7898625000016;LEITE INTEGRAL LATVIDA 1L;0,00;4,19;Ativo
1641;7892999150124;LEITE INTEGRAL LECO 1L;4,49;5,49;Ativo
1448;7898215151890;LEITE INTEGRAL PIRACAJUBA 1L;4,09;5,29;Ativo
10508;7898215153108;LEITE INTEGRAL PIRACANJUBA ZL 1L EDGE;5,29;7,49;Ativo
2439;7896183202187;LEITE INTEGRAL QUATA 1L;4,45;5,49;Ativo
4592;7896185312716;LEITE INTEGRAL SHEFA 1L;4,59;5,79;Ativo
1375;7896504300073;LEITE INTEGRAL STA CLARA 1L;4,69;5,99;Ativo
6947;7896434920549;LEITE INTEGRAL TRIANGULO 1L;4,09;4,69;Ativo
1354;7896283800221;LEITE INTG. JUSSARA 1L;3,87;3,99;Ativo
6226;7896283800184;LEITE INTG.JUSSARA GARRAFA 1L;3,88;5,19;Ativo
3877;7896283800801;LEITE INTG.JUSSARA TAMPA 1L;4,79;6,29;Ativo
5820;7898387120380;LEITE INTG.NATVILLE TAMPA 1L;3,79;4,59;Ativo
4842;7898080640017;LEITE ITALAC S/TAMPA 1L;4,58;5,99;Ativo
6899;7898080643018;LEITE ITALAC SEMI A2 1L;4,39;5,99;Ativo
4753;7898080640185;LEITE ITALAC SEMI DESN.1L;3,69;7,99;Ativo
4329;7898080640932;LEITE ITALAC ZERO LACTOSE 1L;5,89;7,49;Ativo
4885;7898080642370;LEITE ITALAC ZERO LACTOSE INT.1L;4,79;5,99;Ativo
8545;7896051128069;LEITE ITAMBE NOLAC ZERO LACTOSE 1L;5,89;7,69;Ativo
8304;7896051111740;LEITE ITAMBE ZERO LACTOSE NOLAC 1L;5,99;7,49;Ativo
10859;7896283800542;LEITE JUSSARA SEMI GARRAFA 1L;3,88;5,19;Ativo
8001;7896283800825;LEITE JUSSARA SEMIDESNATADO 1L;3,99;5,49;Ativo
9205;7896283800559;LEITE JUSSARA ZERO LACTOSE SEMI 1L;5,50;7,49;Ativo
5237;7896051111771;LEITE KIDS ITAMBÉ 1L;4,89;6,19;Ativo
68;1272;LEITE LECO SEMIDESN.1L;3,39;4,99;Ativo
1818;7892999150117;LEITE LECO SEMIDESN.1L;3,35;5,19;Ativo
8002;7896569405027;LEITE LIDER DESNATADO 1L;4,79;5,99;Ativo
9316;7891000366059;LEITE MOCA LATA 395G;8,05;11,99;Ativo
2784;7898215157441;LEITE MOLICO DESNATADO 1L;6,04;6,99;Ativo
6219;7898387120557;LEITE NATVILLE DESNATADO 1L;0,00;5,99;Ativo
9639;7891000397077;LEITE NINHO ADULTO 350G;12,90;18,99;Ativo
770;7891000142202;LEITE NINHO EM PÓ INST. 400G;10,29;14,99;Ativo
3897;7891000325858;LEITE NINHO EM PÓ INTG. 380G;16,90;23,99;Ativo
769;7891000140307;LEITE NINHO EM PÓ INTG. 400G;13,39;17,99;Ativo
8890;7891000062661;LEITE NINHO FASES 1 A 3 ANOS 800G;42,98;60,99;Ativo
2375;7891000001080;LEITE NINHO FASES 1+ 400G;21,04;29,99;Ativo
2128;7898215157403;LEITE NINHO INT. NESTLE 1L;6,79;8,99;Ativo
7960;7891000399590;LEITE NINHO INTEGRAL INSTANTANEO 380G;15,29;23,99;Ativo
10323;7898215157427;LEITE NINHO SEMIDESNATADO 1L;5,39;7,49;Ativo
7178;7898215157410;LEITE NINHO ZERO LACTOSE 1L;6,50;7,99;Ativo
6533;7896034610031;LEITE PARMALAT DESNATADO 1L;4,49;5,79;Ativo
2473;7896034610017;LEITE PARMALAT INTEGAL 1L;4,59;5,79;Ativo
2543;7896034610024;LEITE PARMALAT SEMIDESNATADO 1;4,59;5,79;Ativo
7722;7891097001482;LEITE PARMALAT ZERO LACTOSE 1L;5,99;5,99;Ativo
2307;7891097001499;LEITE PARMALAT ZERO LACTOSE 1L;3,99;5,49;Ativo
7517;7896294901856;LEITE PAULISTA INTEGRAL 1L;4,19;5,99;Ativo
10788;7896294902037;LEITE PAULISTA SEMI ZERO LACTOSE 1L;4,99;6,49;Ativo
3772;7898215157212;LEITE PIRACANJUBA DESNATADO 1L;4,29;6,19;Ativo
2904;7898215151708;LEITE PIRACANJUBA INTERGRAL 1L;4,59;6,19;Ativo
4664;7898215157830;LEITE PIRACANJUBA ZERO LACTOSE 1L;5,99;7,49;Ativo
4180;7898215152439;LEITE PÓ INTEGRAL INS PIRACANJUBA 400G;12,94;19,99;Ativo
4179;7898215152347;LEITE PÓ INTEGRAL PIRACANJUBA 400G;12,87;18,99;Ativo
9497;7891000101506;LEITE PO MOLICO DESNATADO 280G;17,91;26,99;Ativo
3158;7891000003404;LEITE PO NINHO FASES 3+400G;0,00;15,99;Ativo
2302;7895000318636;LEITE QUALITÁ INT.1L;3,14;3,99;Ativo
4593;7896183201357;LEITE QUATA CHOCOLATE 1L;4,99;6,99;Ativo
6248;7896504305313;LEITE SANTA CLARA ZERO LACTOSE 1L;4,79;5,99;Ativo
2860;7898215151760;LEITE SEMI DESNATADO PIRACANJUBA 1L;4,29;6,19;Ativo
3055;7891097001031;LEITE SEMI.PARMALAT 1L GARRAFA;3,99;4,79;Ativo
4625;7891025290117;LEITE SEMIDESNA PAULISTA 1L;0,00;6,99;Ativo
5735;7896185312396;LEITE SHEFA INTEGRAL GARRAFA 1L;4,49;5,49;Ativo
3358;7896504305078;LEITE STA CLARA INTERGRAL 1L;4,49;5,79;Ativo
863;7896256600223;LEITE TIROL INTEGRAL 1L;4,99;5,99;Ativo
8094;7896294901993;LEITE TIROL INTEGRAL ZERO LACTOSE 1L;5,89;7,49;Ativo
3902;7896256603446;LEITE TIROL SEMIDESNATADO 1L;4,29;5,79;Ativo
1564;7898080640635;LEITE UHT ITALAC DESNATADO 1L;3,99;5,19;Ativo
1563;7898080640628;LEITE UHT ITALAC SEMI-DES. 1L;3,99;5,49;Ativo
2362;7891025101604;LEITE.INTEGRAL PAULISTA 1L;5,29;6,39;Ativo
2361;7891025101581;LEITE.SEMI PAULISTA 1L;3,29;3,49;Ativo
10182;7896067001653;LEMON PEPPER cordeiro 15GR;1,86;2,99;Ativo
12297;7898432477049;LEMON PEPPER YOGI 15G;0,85;1,99;Ativo
10845;7891172172106;LEN PAP KLEENEX BOX L60P50 50X60;2,50;4,99;Ativo
4356;7896110011141;LENCO KISS FACIAL;1,40;1,99;Ativo
5551;7896110011158;LENCO KISS FACIAL KISS;3,12;4,99;Ativo
12346;7898728930449;LENCO UMED C/140 HORA DE BRINCAR;6,38;10,99;Ativo
8037;7896018700659;LENCO UMEDECIDOS HUGGIES MAX CLEAN 48UN;7,37;10,99;Ativo
1455;7898095297664;LENÇOS NOTURNO COTTON C/70UN;2,35;3,49;Ativo
1224;7898936110084;LENÇOS UMED. PIQUI TUCHO C/440;0,00;3,99;Ativo
1223;7898936110039;LENÇOS UMED. PIQUI TUCHO C/70;0,00;2,49;Ativo
3157;7896010100297;LENÇOS UMEDECIDOS BABY POPPY 100UNI;6,64;9,99;Ativo
3773;7896010175493;LENÇOS UMEDECIDOS BABY POPPY 120UNI;6,82;9,99;Ativo
1453;7898095296452;LENÇOS UMID. COTTON BOY C/70UN;2,35;3,49;Ativo
1454;7898095296476;LENÇOS UMID. COTTON GIRL C/70;2,35;3,49;Ativo
1456;7898095296902;LENÇOS UNISSEX COTTON C/70UN;2,35;3,49;Ativo
906;7897457620300;LENTILHA BAMBU 500G;3,89;5,79;Ativo
7219;7896067001820;LENTILHA CORDEIRO 500G;9,99;14,49;Ativo
10790;7896116910004;LENTILHA KICALDO 400G;8,33;11,99;Ativo
1838;7896116900937;LENTILHA KICALDO 500G;8,33;11,99;Ativo
7376;7891095911301;LENTILHA YOKI 500G;10,39;14,99;Ativo
4386;7896092501388;LICOR DE CACAU GOLF 900ML;19,50;28,99;Ativo
3704;7896092501401;LICOR GOLF CREME DE MENTA 900ML;19,58;28,99;Ativo
748;7898280620215;LÍDER BEB. MIST. GASEIF. 660ML;9,99;13,99;Ativo
45;43;LIMÃO KG;2,25;3,99;Ativo
271;4141;LIMAO SICILIANO KG;5,24;7,99;Ativo
10146;7896040706254;LIMP CASA PERFUME MISTERO AMORE 1L;7,59;11,49;Ativo
9746;7891150071704;LIMP CIF COZINHA 500ML;8,09;12,99;Ativo
9747;7891150081604;LIMP CIF MULTIUSO ANTIBAC 500ML;4,02;6,99;Ativo
10737;7896090700493;LIMP PERF ZULU LAVANDA 500ML;3,70;5,99;Ativo
10417;7896098904091;LIMP PERFU YPE JARDIM SECRETO 500ML;3,99;6,49;Ativo
8542;7896098904121;LIMP PERFUMADO YPE AZUL TROPICAL 500ML;3,79;5,49;Ativo
8541;7896098904107;LIMP PERFUMADO YPE DOCE VIDA 500ML;3,99;6,49;Ativo
10109;7891035285165;LIMP VEJA MULTIUSO FLORAL 500ML;93,12;5,99;Ativo
3679;7891024037928;LIMP. GERAL AJAX ERVAS FRESCAS 500ML;3,78;5,49;Ativo
3678;7891024037904;LIMP. GERAL AJAX FR.VERMELHAS 500ML;3,78;5,49;Ativo
1614;7896040705578;LIMP. PERF. AGRADA. CASA 500ML;4,05;6,49;Ativo
1615;7896040705585;LIMP. PERF. BELA FL CASA 500ML;4,15;6,49;Ativo
3677;7896040704236;LIMP. PERF. SENSAZIONE CASA 500ML;3,78;5,49;Ativo
2866;7891024128305;LIMP.GERAL AJAX FESTA FLORES 500ML;5,19;7,99;Ativo
5054;7891242404014;LIMP.UAU CUIDADO E CARINHO 500ML;3,50;5,49;Ativo
5418;7899673301674;LIMPA ALUMINIO POTI 500ML;3,49;5,49;Ativo
9857;7898961381022;LIMPA AZULEJO;6,59;9,99;Ativo
5779;7897682605394;LIMPA AZULEJO;6,59;9,49;Ativo
10743;7898917072615;LIMPA CHURRASQUEIRAS BYTS 500ML;12,74;19,99;Ativo
8371;7896495000051;LIMPA FORNO DIABO VERDE 250G;11,70;16,99;Ativo
11079;7891242000100;LIMPA PISOS PORCELANATOS UAU 750ML;7,99;12,49;Ativo
10506;7896524702024;LIMPA VIDROS SUPREMA SQUEEZE 500ML;4,99;7,99;Ativo
10538;7891035800207;LIMPA VIDROS VEJA COM ALCOOL 500ML;9,98;14,49;Ativo
10537;7891035800276;LIMPA VIDROS VEJA CRISTAL 500ML;19,05;27,99;Ativo
4584;7896040705608;LIMPADOR CASA AMABLE 500ML;4,40;6,49;Ativo
1613;7896040705561;LIMPADOR CASA E PERFUME 500ML;4,05;6,49;Ativo
2461;7896040705592;LIMPADOR CASA E PERFUME 500ML;4,15;6,49;Ativo
4583;7896040704205;LIMPADOR CASA SPECIALE 500ML;3,78;5,49;Ativo
8752;7896013403999;LIMPADOR PERFUMADO SECAR LAVADA 120ML;8,26;11,99;Ativo
7717;7891242456921;LIMPADOR UAU FLORES/SONHOS 500ML;3,30;5,49;Ativo
4257;7898909772011;LIMPEZA GRILL ESPONFLORA;1,05;1,99;Ativo
8440;7891024120705;LIMPEZA PESADA AJAX FRESH ORIGINAL 500ML;6,93;9,99;Ativo
9010;7896098902547;LIMPEZA PESADA YPE 3 EM 1 500ML;4,44;6,49;Ativo
315;5700;LING AURORA TEMPERADA KG;17,00;23,99;Ativo
69;7891164050306;LING CALABRESA DEF AURORA KG;19,69;28,99;Ativo
512;7891515391034;LING CALABRESA DEF PERDIGAO KG;21,96;29,99;Ativo
477;7372;LING CALABRESA DEF PERDIGÃO KG;21,14;20,99;Ativo
283;4800;LING CALABRESA DEF PRIETO KG;13,99;21,99;Ativo
489;7894904009749;LING CALABRESA DEF SEARA KG;17,70;28,99;Ativo
10080;9585;Ling Def Frimesa KG;18,00;25,99;Ativo
8920;7891164004729;LING FININHA AURORA APIMENTADA 600G;9,35;13,99;Ativo
291;7891164004019;LING FRESCA TOSCANA AURORA KG;18,50;27,99;Ativo
212;7893000024014;LING FRESCA TOSCANA SADIA KG;14,90;27,99;Ativo
12490;7897268102033;LING PAIO MARBA DEFUMADO 370G;12,99;18,99;Ativo
7345;7891164004750;LING TOSCANA C/CERV AURORA 500G;11,66;11,99;Ativo
7346;7891164135669;LING TOSCANA NOBRE 700G;10,60;15,99;Ativo
1572;7891515880507;LING. MISTA FINA PERDIGÃO 240G;3,99;5,95;Ativo
10924;10002;ling.viena fgo fina;17,90;25,99;Ativo
146;1960;LINGUA DE SOGRA;0,00;7,99;Ativo
174;7898148392322;LINGUA DE SOGRA CREME UNIDADE;0,84;7,99;Ativo
304;7891164004712;LINGUICA APIMENTADA AURORA KG;25,09;39,99;Ativo
12134;7891164005825;LINGUICA AURORA PAIO 400GR;12,60;18,99;Ativo
7306;7891164004248;LINGUICA AURORA PCT 800G;14,86;21,99;Ativo
353;6572;LINGUIÇA CALABRESA NOBRE KG;13,00;24,99;Ativo
476;7893000069381;LINGUIÇA CALABRESA SADIA KG;21,98;29,99;Ativo
510;8873;LINGUIÇA CHURRASCO SEARA KG;12,58;19,99;Ativo
5977;7891164004736;LINGUICA DE LOMBO AURORA 500G;8,50;13,49;Ativo
407;7070;LINGUIÇA FRESCA NOBRE KG;17,35;22,99;Ativo
395;7891515907839;LINGUIÇA FRESCA PERDIGAO NA BRASA KG;18,90;29,99;Ativo
486;8137;LINGUICA SUINA AURORA MINI P/ CHURRASCO KG;17,71;24,99;Ativo
10869;9788;LINGUICA SUINA REZENDE KG;12,90;17,99;Ativo
8515;7891164004842;LINGUICA TOSCANA AURORA 700G;10,89;15,49;Ativo
597;2789627594021;LINGUICA TOSCANA FRIMESA KG;17,28;23,99;Ativo
11026;10113;LINGUICA VIENA APIMENTADA KG;19,90;28,99;Ativo
327;6004;LIQUIGAZ BOTIJAO 13K;83,00;110,00;Ativo
10038;7891010256746;LIST TARTAR CONTROL 12X250ML;12,18;17,99;Ativo
10037;7891010256043;LISTERINE MELANCIA 12X250ML;12,18;17,99;Ativo
1192;7890374002563;LIXA P/ PÉS + 2 PALITOS;0,00;2,99;Ativo
1217;7899766824431;LIXA PÉ L´MAX;0,00;1,99;Ativo
4254;7896818206696;LIXA PEDICURE SHEILA;3,60;5,99;Ativo
1191;7890374002532;LIXAS PARA UNHAS;0,00;2,99;Ativo
992;7896679701668;LIXEIRA C/ PEDAL RAINHA 7.5L;0,00;14,99;Ativo
10728;7908324406689;LOCAO HIDRA FRANCIS ALGODAO 200ML;10,16;14,99;Ativo
10726;7908324406276;LOCAO HIDRA FRANCIS AMEIXA 200ML;10,16;14,99;Ativo
10727;7908324406375;LOCAO HIDRA FRANCIS CEREJA 200ML;10,09;14,99;Ativo
10575;7891150028456;LOCAO HIDRA VASENOL NUTRICAO 400ML;19,67;28,99;Ativo
5197;7891990000254;LOEWE STEINHAEGER DUBAR 960ML;16,15;24,49;Ativo
303;5265;LOMBO SUINO SALGADO KG;24,42;29,99;Ativo
2056;7898915949155;LONG NECK IMPÉRIO 275ML;6,00;6,00;Ativo
3880;835281000407;LOOK CHOC. 55G;2,05;3,15;Ativo
264;3798;LUA DE MEL KG;10,00;14,99;Ativo
11072;7891344015750;LUBRAX MOTO 4T 20W50;32,90;49,99;Ativo
7704;78944305;LUCKY STRIKE MENTA;11,50;12,50;Ativo
7702;7891028607066;LUCKY STRIKE VERM PETERSSON;7,16;7,75;Ativo
9571;78946330;LUCKY STRIKE WILD MIX;13,00;14,00;Ativo
10639;7891028608070;LUCKY STRIKE WILD MIX;11,54;12,75;Ativo
1628;7891242470040;LUSTRA MÓV. BRY ALFAZEMA 200ML;0,00;2,99;Ativo
7148;7896050503430;LUSTRA MOVEIS PEROBA JASMIN 200ML;4,00;5,99;Ativo
7880;7896050500286;LUSTRA MOVEIS PEROBA LAVANDA 200ML;4,99;6,49;Ativo
10321;7896050500309;LUSTRA MOVEIS PEROBA ROSA 200 ML;4,59;6,99;Ativo
2371;7896098909997;LUSTRA MOVÉIS YPE 200ML;6,25;9,49;Ativo
2092;7896098909980;LUSTRA MÓVEIS YPÊ LAV. 200ML[;6,25;9,49;Ativo
4364;7891035502200;LUSTRA-MOVEIS POLIFLOR LAVANDA 200ML;5,55;9,99;Ativo
4961;7891242470231;LUSTRA-MOVEIS UAU PERFUMES 200ML;5,53;7,99;Ativo
5249;7898946757040;LUVA DE LATEX LARANJA G;3,75;5,99;Ativo
5250;7898946757033;LUVA DE LATEX LARANJA M;3,75;5,99;Ativo
12120;7898941898526;LUVA DE LATEX M;3,75;6,99;Ativo
2910;7896353821125;LUVA LATEX DAANNY G/9;3,54;5,49;Ativo
2909;7896353821118;LUVA LATEX DAANNY M/8;3,19;5,49;Ativo
7347;7898946757026;LUVA LATEX TALGE P;3,75;5,99;Ativo
10490;7897169211889;LUVA SANTA CLARA  CABELEIREIROS PRETA;6,72;9,99;Ativo
12121;7898941898540;LUVA TALGE LATEX AMARELO G;3,75;6,99;Ativo
12119;7898941898502;LUVA TALGE LATEX AMARELO P;3,75;6,99;Ativo
9654;7898941898083;LUVAS PLASTICAS TALGE 100UN;2,10;4,99;Ativo
12157;7891150060241;LUX SAB LIQ BUQUE DE JASMIM 200ML;5,37;7,99;Ativo
10654;7896243106103;LV PLUS LARANJA G;5,90;9,99;Ativo
10653;7896243106097;LV PLUS LARANJA M;5,90;9,99;Ativo
10618;7898132847159;LV ROUPAS EM PO ACE 1,5KG;9,63;14,99;Ativo
10616;7898132847272;LV ROUPAS EM PO ACE 2,2KG;13,92;20,99;Ativo
10617;7898132847142;LV ROUPAS EM PO ACE 800G;4,91;7,49;Ativo
10644;7898942547027;LV ROUPAS EM PO BABY SOFT 1,6KG;8,29;12,99;Ativo
10420;7896075912057;LV ROUPAS LIQ BABY SOFT AZUL 1L;7,39;10,99;Ativo
10419;7896075992714;LV ROUPAS LIQ BABY SOFT TOTAL MAX 1L;7,39;10,99;Ativo
10645;7896056405332;LV ROUPAS LIQUIDO URCA 5L;20,99;31,99;Ativo
10725;7908324403312;LV ROUPAS MINUANO ROXO 800G;6,40;10,49;Ativo
10724;7908324403435;LV ROUPAS MINUANO ROXO EMB ECO 800G;5,80;8,99;Ativo
1474;7896524721018;LV. LOUÇAS SUPREMA NEUTRO 500G;1,49;2,19;Ativo
1611;7891150064652;LV. ROUPAS EM PÓ OMO PUCD 800G;9,50;13,99;Ativo
11025;7896423438918;M&MS  BROWNIE 35G;3,70;4,99;Ativo
2190;7896423469820;M&MS AMENDOIM 45G;3,66;4,99;Ativo
10478;7896423438710;M&MS AMENDOIM 45G;3,66;4,99;Ativo
12315;7896423438765;M&MS CHOCOLATE / AMENDOIM 148G;11,33;15,99;Ativo
10479;7896423438734;M&MS CHOCOLATE AO LEITE 40G;3,66;4,99;Ativo
909;7898390481201;M.DE PIM. C/ CALA. BRAS .150ML;1,35;1,99;Ativo
2059;7896423419283;M.M´S CHOC.LEITE TUBO 30G;3,45;4,99;Ativo
3546;7896071021548;MABEL ROSQUNHA DE COCO 500G;3,81;5,79;Ativo
10353;7896005213971;MIST. DONA BENTA LIMAO 450G;5,01;7,49;Ativo
10354;7896005214015;MIST. DONA BENTA MOUSSE CHOC 450G;6,02;8,99;Ativo
5405;7898080642165;MIST. ITALAC DE CENOURA 400G;3,51;5,49;Ativo
1532;7898080641588;MIST. ITALAC DE CHOCOLATE 400G;3,81;5,49;Ativo
1531;7898080641571;MIST. ITALAC DE COCO 400G;3,80;5,49;Ativo
1530;7898080641601;MIST. ITALAC DE LIMÃO 400G;3,73;5,49;Ativo
800;7898080641618;MIST. ITALAC LARANJA 400G;3,80;5,49;Ativo
801;7898080641779;MIST. ITALAC MILHO 400G;3,73;5,49;Ativo
806;7898234850811;MIST. NITA AIPIM 400G;3,29;4,29;Ativo
2993;7896327511502;MIST. P/ BOLO APTI CENOURA 400G;2,99;4,49;Ativo
2962;7891910030255;MIST. P/ BOLO UNIAO CENOURA 450G;0,00;4,99;Ativo
2961;7891910030224;MIST. P/ BOLO UNIAO LARANJA 450G;3,89;5,49;Ativo
2960;7891910030279;MIST. PARA BOLO UNIAO FUBA 450G;0,00;2,99;Ativo
3695;7896327501251;MIST.APTI ABACAXI 400G;2,99;4,49;Ativo
5125;7898331012532;MIST.BOLO FLEISCHMAN LIMÃO 390G;5,51;7,99;Ativo
5127;7898331012761;MIST.BOLO FLEISCHMANN CHOCOMOUSSE 400G;6,99;10,49;Ativo
5126;7898331012556;MIST.BOLO FLEISCHMANN COCO 390G;5,00;7,49;Ativo
3694;7896005280935;MIST.DONA BENTA AIPIM 450G;4,90;7,49;Ativo
172;2225;MIST.DONA BENTA COCO 450G;0,00;0,00;Ativo
2667;7896005272046;MIST.DONA BENTA COCO 450G;4,88;7,49;Ativo
1842;7891030300306;MIST.LACTEA MOCOCA 200G;0,05;1,99;Ativo
2498;7896005220153;MIST.P/ BOLO D.B BRIGAD 400G;5,13;7,49;Ativo
2666;7891910030200;MIST.UNIÃO CHOCOLATE 400G;2,99;2,99;Ativo
8148;7897309408575;MIST/P BOLO FLEISCHMANN S/CHOCOLATE 390G;7,72;10,99;Ativo
8213;7891048061695;MISTURA BOLO DR OETKER CHO 400G;5,76;8,49;Ativo
9821;7898331012969;MISTURA BOLO FLEISCHMANN BROWNIE 400G;6,99;10,49;Ativo
9826;7898236720105;MISTURA BOLO MONOPOL CHOCOLATE 400G;3,99;5,99;Ativo
8098;7896005210963;MISTURA DONA BENTA BROWNIE 450G;6,28;8,99;Ativo
1597;7891030300207;MISTURA LÁCTEA MOCOCA 395G;2,79;4,49;Ativo
4648;7896434920778;MISTURA LACTEA TRIANGULO 395G;3,49;4,99;Ativo
5398;7896067003442;MISTURA P/ VINAGRETE 15G;2,58;3,99;Ativo
10840;7898236720174;MISTURA P/BOLO TOK MILHO 400G;3,09;4,49;Ativo
9878;7898473366074;MIX ACAI COM NINHO 65G;3,95;6,00;Ativo
5556;7899943704976;MIX DE CASTANHA AMIGOS/BEM 50G;4,76;6,99;Ativo
6977;7891515551551;MIX DE VEGETAIS CONG.SEARA 300G;4,00;6,49;Ativo
5050;7898142865143;MIX TORTUGUITAS  #VIBES 134.5G;6,55;9,49;Ativo
220;2709;MIXIRICA MORGOT KG;7,00;10,99;Ativo
5262;7896423406054;MMS AMENDOIM 148G;10,88;15,49;Ativo
3285;7896423406108;MMS AMENDOIM 80G;3,00;4,49;Ativo
5261;7896423405743;MMS CHOCOLATE 148G;10,77;15,49;Ativo
3284;7896423406078;MMS CHOCOLATE 80G;3,00;4,49;Ativo
3286;7896423401066;MMS CRISPI 80G;3,66;4,99;Ativo
8319;7896423442564;MMS PIPOCA 35G;3,34;4,99;Ativo
8809;7896423447170;MMS POUCH CHOC NATAL 148G;9,22;12,99;Ativo
2001;7891000155905;MOÇA BEIJINHO 365G;8,99;9,99;Ativo
2003;7891000155806;MOÇA BRIGADEIRO 385G;10,00;14,99;Ativo
2002;7891000156209;MOÇA CHOCOLATE 380G;10,00;14,99;Ativo
12266;7891000339350;MOCA DOCE DE LEITE 1,01KG;34,90;47,99;Ativo
8796;7897350511408;MOCOTO ALGAGEL 50G;0,91;1,49;Ativo
544;9043;MOCOTO BOVINO KG;7,90;11,99;Ativo
10868;9787;MOCOTO CRUZEIRO DO SUL KG;8,50;14,99;Ativo
9899;7895879010501;MOEDA DE CHOCOLATE 5G;0,50;1,00;Ativo
573;9117;MOELA FGO;8,40;11,99;Ativo
759;7896589103057;MOIRANZA VINHO TIN. SECO 750ML;7,14;10,99;Ativo
923;7896054908187;MOL. DE PIM. CREM. DAJUDA 88ML;1,35;1,99;Ativo
889;7898390481188;MOL. DE PIM. CUMA. BRAS. 150ML;1,35;1,99;Ativo
888;7898390481195;MOL. DE PIM. MALG. BRAS. 150ML;1,35;1,99;Ativo
887;7896054900013;MOL. DE PIM. TRAD DAJUDA 150ML;1,35;1,99;Ativo
1538;7896025802490;MOL. DE TOM. CEPÊRA TRAD. 340G;0,99;1,49;Ativo
982;7896102509410;MOL. DE TOM. QUERO TRAD. 340G;1,15;1,49;Ativo
1481;7898902299263;MOL. DE TOM. TRAD. STE DR 340G;0,95;1,49;Ativo
1389;7896292303003;MOL. PREDILECTA TRAD. 340G;0,90;1,29;Ativo
981;7896292304215;MOL. PREDLECTA ERV. FINAS 340G;0,00;1,49;Ativo
892;7896054905032;MOL. SHOYU PREM. MITSUWA 900ML;3,49;4,99;Ativo
890;7896054907128;MOL. SHOYU TRAD. MITSUWA 150ML;1,79;2,49;Ativo
891;7896054905094;MOL. SHOYU TRAD. MITSUWA 900ML;3,49;4,99;Ativo
1014;7896042065274;MOLDE P/ PALETAS PLASÚTIL;0,00;4,99;Ativo
7680;7896292309555;MOLHO 3 QUEIJOS PREDILECTA 240G;6,20;8,69;Ativo
9797;7896455003528;MOLHO AMERICAN BURGER 370G;10,80;15,49;Ativo
5477;7896056105140;MOLHO ARRIF.DE GERGILIN 150ML;4,60;6,89;Ativo
5478;7896056104280;MOLHO ARRIF.PIMENTA ARABE 150ML;2,25;3,49;Ativo
896;7898946867534;MOLHO BAEBECUE DUSUL 200G;1,35;1,99;Ativo
1878;7896025803114;MOLHO BARBEC CEPERA 400G;8,39;12,49;Ativo
5560;7896056104563;MOLHO BARBECUE ARRIFANA 200G;3,69;5,49;Ativo
7751;7896056105263;MOLHO BARBECUE ARRIFANA 400G;4,79;7,99;Ativo
10626;7896025805811;MOLHO BARBECUE CEPERA 210G;5,95;8,79;Ativo
8234;7898701760490;MOLHO BARBECUE CHEF CLAY 389G;5,69;7,99;Ativo
12159;7891150105591;MOLHO BARBECUE HELLMANNS  380G;15,91;22,99;Ativo
10991;7891150105607;MOLHO BARBECUE HELLMANNS 280G;13,13;18,99;Ativo
2357;7891031409459;MOLHO BARBECUE HEMMER5 330G;5,75;7,99;Ativo
8828;7896292310599;MOLHO BARBECUE PREDILECTA 400G;4,93;6,99;Ativo
8672;7896102503432;MOLHO BARBECUE QUERO 210G;4,72;6,99;Ativo
3949;7898930142203;MOLHO BBQ HOPS 200G;5,99;8,49;Ativo
9536;7898416520488;MOLHO BILLY JACK JALAPENO 200G;7,20;8,99;Ativo
7826;7897517206727;MOLHO BRANCO FUGINI 250G;4,05;3,99;Ativo
8829;7896292309517;MOLHO BRANCO PREDILECTA 240G;4,03;5,99;Ativo
1966;7896048282330;MOLHO CASTELO CAS. P/SAL 236ML;3,59;5,99;Ativo
1967;7896048282309;MOLHO CASTELO ITA. P/SAL 236ML;5,90;8,49;Ativo
1650;7896048282354;MOLHO CASTELO LIMAO 236ML;5,90;8,49;Ativo
4395;7896048284747;MOLHO CASTELO MOSTARDA E MEL 236ML;3,75;5,49;Ativo
5626;7898416524479;MOLHO CREMOSO 3EM1 KI SABOR 200G;4,79;6,99;Ativo
4381;7896025801196;MOLHO DE ALHO CEPERA 150ML;0,00;3,99;Ativo
9324;7896067001400;MOLHO DE ALHO CORDEIRO 150ML;4,19;5,99;Ativo
10861;7896007811311;MOLHO DE ALHO KENKO 150 ML;3,03;4,99;Ativo
2978;7891095155590;MOLHO DE ALHO KITANO 150ML;0,00;2,49;Ativo
920;7898286191191;MOLHO DE ALHO MARATÁ 150ML;1,99;2,99;Ativo
9325;7896067001424;MOLHO DE IMENTA CORDEIRO 150ML;3,67;5,29;Ativo
4108;7898286190934;MOLHO DE LIMÃO GOTA 150ML;2,49;3,99;Ativo
2522;7896056100084;MOLHO DE PIM ARRIFANA 150ML;1,19;1,99;Ativo
2523;7896025800052;MOLHO DE PIM. CEPÊRA 150ML;2,09;2,99;Ativo
4038;7898286191320;MOLHO DE PIM.VERDE GOTA 150ML;2,19;3,49;Ativo
4378;7896181501671;MOLHO DE PIMENTA ASTECA 200ML;3,65;5,49;Ativo
4379;7896056100169;MOLHO DE PIMENTA CALABRESA 150ML;2,74;3,99;Ativo
6299;7891031403211;MOLHO DE PIMENTA HEMMER 150ML;3,43;4,99;Ativo
6176;7896007811304;MOLHO DE PIMENTA KENKO 150ML;2,65;3,99;Ativo
2979;7891095150137;MOLHO DE PIMENTA KITANO 150ML;0,00;2,49;Ativo
5950;7896102509021;MOLHO DE PIMENTA QUERO 150G;3,65;5,49;Ativo
8520;7896025804081;MOLHO DE PIMENTA SWEET CHILLI 270ML;0,00;8,99;Ativo
4380;7896056100404;MOLHO DE PIMENTA VERDE 150ML;0,00;3,49;Ativo
2365;7896036095003;MOLHO DE TOM. TARANTELLA 340G;1,03;1,49;Ativo
4562;7891300085629;MOLHO DE TOM.SALSARETTI AZEITONAS 340G;2,10;3,99;Ativo
4079;7898930142197;MOLHO DE TOM.TRAD.STELLA DORO 340G;1,05;1,59;Ativo
6457;7899659901096;MOLHO DE TOMATE BONARE TRADICIONAL 300G;1,09;1,59;Ativo
4660;7898905153630;MOLHO DE TOMATE BONARE TRADICIONAL 340G;0,99;1,49;Ativo
7304;7896102501971;MOLHO DE TOMATE ERVAS QUERO 300G;2,09;2,99;Ativo
6399;7898930142180;MOLHO DE TOMATE ETTI 300G;1,40;1,99;Ativo
1678;7897517206086;MOLHO DE TOMATE FUGINI 300G;1,30;2,49;Ativo
9272;7896102503814;MOLHO DE TOMATE HEINZ 240G;2,08;2,99;Ativo
5053;7896102000108;MOLHO DE TOMATE HEINZ TRAD 250G;1,89;2,69;Ativo
6231;7896102501896;MOLHO DE TOMATE HEINZ TRAD 300G;2,19;3,49;Ativo
2662;7896102593051;MOLHO DE TOMATE HEINZ TRAD.340G;1,85;2,59;Ativo
9013;7896102502145;MOLHO DE TOMATE HEMMER TRAD 300G;1,89;2,69;Ativo
7354;7899659900938;MOLHO DE TOMATE PALADORI 300G;0,99;1,39;Ativo
3856;7896036098974;MOLHO DE TOMATE POMAROLA 320G;1,49;1,99;Ativo
5097;7896025805149;MOLHO DE TOMATE POMAROLA TRAD.300G;2,09;3,69;Ativo
9653;7896036098981;MOLHO DE TOMATE POMODORO 300G;0,96;1,49;Ativo
3966;7896292333000;MOLHO DE TOMATE PREDILECTA 300G;1,19;2,19;Ativo
9225;7896102503661;MOLHO DE TOMATE QUERO 240G;1,36;2,49;Ativo
6731;7896102501889;MOLHO DE TOMATE QUERO MANJERICAO 300G;1,79;3,49;Ativo
5143;7896102501933;MOLHO DE TOMATE QUERO PIZZA 300G;1,79;3,49;Ativo
4348;7896102501872;MOLHO DE TOMATE QUERO TRAD.300G;1,61;2,39;Ativo
5096;7898930142654;MOLHO DE TOMATE SALSARETTI TRAD.300G;1,51;2,79;Ativo
4003;7896036099544;MOLHO DE TOMATE TARANTELLA TRAD. 300G;1,31;2,19;Ativo
5309;7898045701111;MOLHO DE TOMATE VAL 300G;1,09;1,59;Ativo
919;7898286190316;MOLHO GOTA PICAN. MARATÁ 150ML;2,49;3,79;Ativo
8984;7891150099388;MOLHO HELLMANNS 3EM1 360G;8,23;11,99;Ativo
5558;7891150027824;MOLHO HELLMANNS 3EM1 370G;8,23;12,99;Ativo
7824;7896056100176;MOLHO INGLES ARRIFANA 150ML;2,39;3,49;Ativo
893;7896054906657;MOLHO INGLÊS DAJUDA 900ML;3,49;4,99;Ativo
9836;7896007811403;MOLHO INGLES KENKO 150ML;2,65;3,99;Ativo
922;7898286190323;MOLHO INGLÊS MARATÁ 150ML;2,19;3,49;Ativo
10800;7896007800759;molho kenko ervas finas 240g;0,00;7,49;Ativo
12214;7896007800780;MOLHO KENKO P/ SALADA PARMESAO 236ML;4,75;6,99;Ativo
7828;7897517206765;MOLHO MADEIRA FUGINI 290G;6,49;8,99;Ativo
8830;7896292334298;MOLHO MADEIRA PREDILECTA 300G;3,25;4,69;Ativo
8235;7898701760483;MOLHO MOSTARDA CHEF CLAY 389G;5,99;8,49;Ativo
6799;7898937864900;MOLHO NILLY&JACK CHEDDAR 200G;5,08;8,99;Ativo
6798;7898937864078;MOLHO NILLY&JACK ORIGINAL 200G;5,08;8,99;Ativo
10326;7896007800742;MOLHO P/SALADA KENKO CAESAR 236ML;4,75;6,99;Ativo
10860;7896007800728;MOLHO P/SALADA KENKO IOGURTE;3,95;5,99;Ativo
12308;7896007811298;MOLHO PIM KENKO EX.PICANTE 250ML;2,88;4,49;Ativo
12307;7896067003220;MOLHO PIMENTA EX.FORTE CORDEIRO 60ML;6,20;9,99;Ativo
4209;7896102500677;MOLHO QUERO 3 EM 1 200G;3,89;5,49;Ativo
9440;7896102503739;MOLHO QUERO BOLONHESA 240G;1,49;2,99;Ativo
5229;7896102501919;MOLHO QUERO BOLONHESA 300G;2,34;3,49;Ativo
3548;7896102502299;MOLHO QUERO BOLONHESA 340G;1,91;2,89;Ativo
3377;7896102586060;MOLHO QUERO ERVAS FINAS 340G;1,45;2,49;Ativo
9439;7896102503685;MOLHO QUERO MANJERICAO 240G;1,49;2,99;Ativo
3665;7896102507171;MOLHO QUERO MANJERICÃO 340G;1,45;2,49;Ativo
3378;7896102502671;MOLHO QUERO MARGUERIDA 340G;1,50;2,25;Ativo
5230;7896102501940;MOLHO QUERO PARMEGIANA 300G;1,79;3,49;Ativo
3666;7896102502688;MOLHO QUERO PARMEGIANA 340G;1,45;2,49;Ativo
9438;7896102503692;MOLHO QUERO PIZZA 240G;1,49;2,99;Ativo
4208;7896102507188;MOLHO QUERO S.PIZZA 340G;1,45;2,49;Ativo
1649;7896048283139;MOLHO ROSE CASTELO 236 ML;5,90;8,49;Ativo
9657;7896007800797;MOLHO SALADA KENKO S/ITALIANO 236ML;3,96;5,99;Ativo
9655;7896007800735;MOLHO SALADA KENKO S/LIMAO 236ML;3,93;5,99;Ativo
9656;7896007800773;MOLHO SALADA KENKO S/MOSTARDA E MEL 236ML;3,93;5,99;Ativo
9658;7896007800766;MOLHO SALADA KENKO S/ROSE 236ML;4,16;5,99;Ativo
4054;7896036093467;MOLHO SALADA LISA LIMÃO 234ML;5,00;6,99;Ativo
4055;7896036098813;MOLHO SALADA LISA VINAGRETE 234ML;5,00;6,99;Ativo
614;7891300908676;MOLHO SALSARETTI TRAD 340G;1,35;1,99;Ativo
7825;7891132008391;MOLHO SHOYU AJI TRAD 150ML;2,91;4,49;Ativo
8865;7896025800250;MOLHO SHOYU CEPERA 150ML;4,39;6,49;Ativo
921;7898286190354;MOLHO SHOYU MARATÁ 150ML;2,05;2,99;Ativo
908;7898390481218;MOLHO SHOYU TEMP. BRAS. 150ML;1,35;1,99;Ativo
4412;7896056101234;MOLHO SHOYU TRAD ARRIFANA 150ML;2,69;3,99;Ativo
7586;7896007811007;MOLHO SHOYU TRAD SAKURA 150ML;2,89;4,49;Ativo
5291;7891132008421;MOLHO SHOYUSATIS SUAVE 150ML;2,92;4,49;Ativo
7420;7898416520471;MOLHO TASTY BILLY&JACK 200G;5,08;8,99;Ativo
4392;7896292306677;MOLHO TOMATE MANJERONA SACCIALI 300G;2,44;3,49;Ativo
10273;7898556015257;MOLHO TOMATE PALISTINHA 300G;0,95;1,49;Ativo
5518;7896102501988;MOLHO TOMATE QUERO HOT DOG 300G;2,09;3,49;Ativo
4393;7896292306646;MOLHO TOMATE TRAD SACCIALI 300G;1,79;2,99;Ativo
6826;7898937864023;MOLHO VERDE BILLY&JACK 200G;5,08;7,99;Ativo
7827;7896292309005;MOLHO XADREZ PREDILECTA 300G;3,89;5,47;Ativo
1881;7898286190361;MOLHO.ALHO GOTA 150ML;2,49;3,99;Ativo
6180;7898016920985;MOLHO/PIMENTA CALABRESA IMPERADOR 145G;3,43;5,49;Ativo
10316;7896235354208;MONANGE DES ANTI ESPORTE AERO 12X90G;6,39;10,49;Ativo
8531;7898938890106;MONSTER ENERGY PEADHY KEEN 473ML;8,30;10,99;Ativo
10204;7898938890144;MONSTER JUIC RIO PUNCH LT 473ML FL CP 06;7,93;10,99;Ativo
10202;7898938890137;MONSTER ULTR FIESTA MANGO LT473 FL CP 06;7,49;10,99;Ativo
12165;7898770420035;MONSTER ULTRA STRAWBERRY 473ML;8,30;10,99;Ativo
7186;7897750792476;MOP GIRATORIO ALKIN;29,90;44,99;Ativo
8690;7897753600556;MOP SPRAY FIT FLASHLIMP;29,90;59,99;Ativo
9830;7896519251797;MORANGO CONG SANTA CATARINA 1.02KG;17,20;24,99;Ativo
140;1946;MORANGO UN;8,75;9,49;Ativo
677;7896066729091;MORANGUETE 13G;0,49;0,75;Ativo
6842;7896066766560;MORANGUETE BEL 25G;0,96;1,49;Ativo
8921;7891164007195;MORT AURORA DEFUMADA 180G;5,18;7,49;Ativo
12;7891515356736;MORT.OURO PERDIGÃO KG;18,89;33,99;Ativo
167;2173;MORT.PAULECEIA KG;7,99;14,99;Ativo
5199;7891164006846;MORTADELA AURORA 400G;5,66;7,99;Ativo
9280;4789116400718;MORTADELA AURORA TIPO BOLOGNA 180G;4,21;5,99;Ativo
6;7891164005245;MORTADELA AURORA TRAD 1KG;9,67;15,99;Ativo
5200;7898908236941;MORTADELA CHULETÃO 400G;3,15;4,49;Ativo
350;4789116400589;MORTADELA DEFUMADA AURORA KG;9,79;24,99;Ativo
5;3;MORTADELA MARBA;8,90;19,99;Ativo
341;6162;MORTADELA MARBA ITALIANA KG;2,99;4,99;Ativo
149;1977;MORTADELA PAULICÉIA KG;7,20;12,99;Ativo
5577;7891515430153;MORTADELA PERDIGAO 400G;4,74;4,99;Ativo
278;7894904009640;MORTADELA SEARA;10,50;17,99;Ativo
219;7894904005550;MORTADELA SEARA DEFUMADA  KG;12,50;29,99;Ativo
487;8184;MORTADELA TRAD AURORA KG;8,67;15,99;Ativo
2343;7891035618369;MORTEIN MULTI INSETICIDA 400ML;8,05;11,49;Ativo
1060;7896292322479;MOST. AMARELA PREDILECTA 180G;3,75;5,49;Ativo
6168;7896332722832;MOSTARDA ACCERT 180G;2,33;3,49;Ativo
6169;7896332725079;MOSTARDA ACCERT 900G;5,38;7,49;Ativo
2317;7896025801387;MOSTARDA AMARELA CEPERA 370G;6,22;8,99;Ativo
10376;7891150105706;MOSTARDA AMARELA HELLMANNS 250G;8,90;12,99;Ativo
6297;7891031405017;MOSTARDA AMARELA HEMMER 200G;6,78;9,49;Ativo
9798;7891700013208;MOSTARDA ARISCO 200G;5,99;8,49;Ativo
8862;7896056100114;MOSTARDA ARRIFANA 200G;4,79;6,99;Ativo
10625;7896025802308;MOSTARDA CEPERA 200G;4,64;6,79;Ativo
12325;7896025803718;MOSTARDA COM MEL CEPÊRA  400G;13,88;19,99;Ativo
5341;7898930142425;MOSTARDA ERVAS HOPS 200G;5,99;8,49;Ativo
4107;7891300909819;MOSTARDA ETTI 190G;4,19;5,99;Ativo
8214;7896102503715;MOSTARDA HEINZ 255G;12,48;18,99;Ativo
4750;7891150027794;MOSTARDA HELLMANNS 170G;7,23;10,49;Ativo
10073;7896007870875;MOSTARDA KENKO 200G;4,39;6,49;Ativo
8925;7896220201180;MOSTARDA KONSUMO 180G;2,12;2,99;Ativo
7527;7898372018081;MOSTARDA KONSUMO 380G;2,99;4,49;Ativo
4691;7898930142401;MOSTARDA LUPULADA 200G;5,00;6,49;Ativo
281;4445;MOSTARDA MACO;2,00;3,49;Ativo
6060;7897517207595;MOSTARDA ORI. FUGINI 180G;2,65;3,99;Ativo
2335;7897517207410;MOSTARDA ORIGINAL FUGINI 190G;3,02;4,59;Ativo
3096;7896102509144;MOSTARDA QUERO 190G;4,57;6,99;Ativo
8866;7908529700254;MOSTARDA SALSARETTI 350G;8,69;12,49;Ativo
767;7891000012109;MUCILON ARROZ 230G;4,75;6,99;Ativo
768;7891000011287;MUCILON ARROZ 400G;6,67;9,99;Ativo
3607;7891000035610;MUCILON ARROZ E AVEIA 230G;4,75;6,99;Ativo
4698;7891000357026;MUCILON ARROZ E AVEIA 360G;8,48;12,49;Ativo
1813;7891000040898;MUCILON ARROZ E AVEIA 400G;6,93;9,99;Ativo
5111;7891000319543;MUCILON ARROZ E AVEIA INTEGRAL 180G;5,00;6,99;Ativo
4908;7894650013861;ODORIZANTE GLADE LAVANDA 360ML;10,94;17,99;Ativo
10657;7891048046654;OETKER GELATINA DIET MOR 12 G;3,23;4,49;Ativo
2345;7894650079423;OFF! FAMILY 100ML;10,23;12,99;Ativo
2344;7894650088807;OFF! KIDS 117ML;11,23;15,99;Ativo
2032;7896760901700;OL.COMPOSTO FAISÃO 500ML;7,49;10,49;Ativo
2686;7896036096444;OL.COMPOSTO MARIA 500ML;7,50;10,89;Ativo
2685;7896036098325;OL.COMPOSTO OLIVIA TRAD.500ML;11,39;16,49;Ativo
5815;7896235354017;OLEO BANHO PAIXAO INSPIRADORA 100ML;9,94;14,99;Ativo
1894;7898247780266;ÓLEO CANOLA VITALIV 900ML;9,15;10,99;Ativo
4050;7896096041651;ÓLEO COMP. CARMELITA 500ML;10,30;14,79;Ativo
8242;7898711980178;OLEO COMPOSTO BEIRA ALTA 500ML;9,90;13,99;Ativo
6834;7908435500665;OLEO COMPOSTO FAISAO PET 500ML;9,74;14,99;Ativo
5452;7896036096451;ÓLEO COMPOSTO MARIA CEBOLA E ALHO 500ML;0,00;15,99;Ativo
7317;7896235354048;OLEO CORP BAUNILHA PAIXAO 100ML;8,34;11,99;Ativo
7315;7896235354031;OLEO CORP FRAMBOESA PAIXAO 100ML;10,79;14,99;Ativo
5379;7896246310897;OLEO CORPORAL AMENDOAS C/ COLAGENO UP 100ML;7,00;9,99;Ativo
6661;7898919411917;OLEO CORPORAL AVELA PAIXAO 100ML;9,94;14,99;Ativo
5921;78907874;OLEO CORPORAL PAIXAO INSPIRADORA 200ML;13,97;19,99;Ativo
5587;7896235354024;OLÉO CORPORAL PAIXAO IRRESISTIVEL 100ML;8,34;11,99;Ativo
6346;78914940;OLEO CORPORAL PAIXAO IRRESISTIVEL 200ML;14,28;19,99;Ativo
5586;7898919411931;OLÉO CORPORAL PAIXAO TENTADORA 100ML;10,79;14,99;Ativo
6347;78922693;OLEO CORPORAL PAIXAO TENTADORA 200ML;13,97;19,99;Ativo
4417;7891107111927;ÓLEO DE CANOLA SALADA 900ML;14,00;17,69;Ativo
3274;7891080150449;ÓLEO DE CANOLA SOYA 900ML;10,99;14,49;Ativo
8943;7898904099892;OLEO DE COCO 200ML;17,84;24,99;Ativo
8416;7898905356246;OLEO DE COCO COPRA 15ML;1,92;2,99;Ativo
7753;7898905356567;OLEO DE COCO EXTRA V COPRA 200ML;19,93;28,99;Ativo
2225;7896256042450;ÓLEO DE COCO NATURAL LIF 200ML;12,00;16,90;Ativo
4416;7891107111910;ÓLEO DE GIRASSOL SALADA  900ML;10,79;15,99;Ativo
3275;7891080150463;ÓLEO DE GIRASSOL SOYA 900ML;10,69;14,49;Ativo
2224;7891107111934;OLÉO DE MILHO SALADA TP1 900ML;9,98;12,49;Ativo
2369;78901919;OLEO DE PEROBA 100ML;7,29;10,99;Ativo
6072;7896050502204;OLEO DE PEROBA 100ML;6,50;9,99;Ativo
1528;7896279600538;ÓLEO DE SOJA COAMO 900ML;6,59;8,99;Ativo
1521;7897001010014;ÓLEO DE SOJA COCAMAR 900ML;4,88;5,99;Ativo
1084;7898247780075;ÓLEO DE SOJA CONCÓRDIA 900ML;7,09;8,99;Ativo
1446;7896018900035;ÓLEO DE SOJA LEVE 900ML;4,45;5,79;Ativo
871;7896036090244;ÓLEO DE SOJA LIZA 900ML;6,79;8,99;Ativo
4337;7896248100601;ÓLEO DE SOJA SAUDE 900ML;7,91;8,99;Ativo
870;7891080801204;ÓLEO DE SOJA SOYA 900ML;6,79;7,99;Ativo
2141;7896223709423;ÓLEO DE SOJA VILA VELHA 900ML;5,29;6,79;Ativo
9558;7908785461555;OLEO ELSEVE LISO DOS SONHOS 100ML;32,92;49,99;Ativo
8679;7896587320852;OLEO F1 MASTER PROTECTION  1L;19,50;29,99;Ativo
3515;7908435500085;OLEO FAISÃO TRAD. 500ML;10,09;14,99;Ativo
1896;7898247780242;ÓLEO GIRASSOL VITALIV 900ML;8,39;9,99;Ativo
8678;7896587325628;OLEO IPIRANGA MOTO PROTECTION 20W50 1L;19,50;29,99;Ativo
8046;7896020418023;OLEO LUBRIFICANTE THREE BOND 300ML;7,15;11,99;Ativo
1898;7896036092934;ÓLEO MARIA COMPOSTO LATA 500ML;11,20;15,99;Ativo
1895;7896036090619;ÓLEO MILHO LISA 900ML;6,49;7,79;Ativo
4909;7898922618099;OLEO MISTO  AZEITE DE OLIVIA 500ML;10,49;15,99;Ativo
4005;7908435500115;ÓLEO MISTO AZEITE FAISÃO 500ML;10,02;14,99;Ativo
4355;7896050500071;OLEO MULTIUSO KING 100ML;2,60;3,99;Ativo
4912;7891080150456;ÓLEO SOYA DE MILHO 900ML;13,49;17,49;Ativo
2040;7896036096437;ÓLEO TRADICIONAL MARIA 500ML;8,78;14,99;Ativo
5046;7898247780297;ÓLEO VITALIV 900ML;6,39;8,99;Ativo
9100;7898656686289;OLHO GUMMY DINO 12G;3,01;4,49;Ativo
8518;7898656686340;OLHO GUMMY MANIA AZEDINHO;2,41;3,49;Ativo
8493;7891150044906;OMO LIQUIDO PURO CUIDADO 3L;31,77;44,99;Ativo
4770;7891150080843;OMO MULTI DESIFETANTE 500ML;3,42;4,99;Ativo
9615;7891150091269;OMO ULTRAPOWER 1.8L;20,73;29,99;Ativo
754;7898942775321;OQ SUCO DE UVA INTEG. 1.5L;14,47;20,99;Ativo
3264;7891095154067;OREGANO 100% KITANO 10G;3,67;5,49;Ativo
633;7897457620843;ORÉGANO BAMBU 15G;0,90;1,79;Ativo
2782;7898327420679;OREGANO CAPSUM 20G;1,30;2,49;Ativo
4932;7896067000366;OREGANO CORDEIRO 20G;2,84;4,99;Ativo
2684;7891965431250;OREGANO HIKARI 8G;1,69;2,49;Ativo
5848;7898416523472;OREGANO KISABOR 8G;2,15;3,19;Ativo
4287;7891095154265;ORÉGANO KITANO 3G;1,88;2,99;Ativo
4182;7897389309458;ORÉGANO PENINA 20G;2,32;3,29;Ativo
7192;7898270960109;OREGANO PONZAN 7G;1,22;1,99;Ativo
9196;7891122124797;OREGANO QUALIMAX 100% 8G;2,35;3,49;Ativo
565;9103;ORELHA SUINO SALGADO KG;23,60;26,99;Ativo
608;789807;OSSO BUCO KG;18,50;26,99;Ativo
8559;7898044410403;OVINHOS AMENDOCROCK  100G;1,97;2,79;Ativo
9799;7895879010044;OVINHOS CHOCOLATE 5G;0,28;0,50;Ativo
5308;7899934400795;OVINHOS DE AMENDOIM DÁVILLA 100G;2,35;3,49;Ativo
7095;7899934401341;OVINHOS DE AMENDOIM DÁVILLA 100G;18,50;25,99;Ativo
3220;7899934401013;OVINHOS DE AMENDOIM EMP.D 50G;1,45;2,29;Ativo
10543;7897064804995;OVINHOS DE AMENDOIM KUKY 100G;2,22;3,49;Ativo
8081;7892840821470;OVINHOS ELMA CHIPS 145G;5,96;8,49;Ativo
6561;7892840818258;OVINHOS ELMA CHIPS 65G;3,11;3,99;Ativo
12301;7896079800091;OVO CHOC AO LEITE CARROS MONTEVERGINE  80G;29,99;40,00;Ativo
12300;7896079800084;OVO CHOC AO LEITE HOTEL TRANSYLVANIA 80G;29,90;40,00;Ativo
7477;7506161220804;OVO CHOC LOL 20G;1,65;4,99;Ativo
7561;7506161218634;OVO CHOC SHIMMER SHINE 20G;1,65;4,99;Ativo
12302;7896079800121;OVO CHOC SHOW DA LUNA 80G;10,00;40,00;Ativo
12131;7898024399230;OVO FERRERO COLLECTION 137,5G;51,03;79,99;Ativo
12130;7898024398448;OVO FERRERO ROCHER AO LEITE 137,5G;51,03;79,99;Ativo
6053;7898024397076;OVO KINDER MAXI MINIONS 100G;40,89;57,99;Ativo
2465;78940840;OVO KINDER OVO 20G;8,13;11,49;Ativo
2466;78940833;OVO KINDER OVO MENINO 20G;8,13;11,49;Ativo
9356;7622210547880;OVO LACTA BARBIE 166G;79,99;120,00;Ativo
9354;7622202283376;OVO LACTA DIAMENTE NEGRO 163G;12,65;39,99;Ativo
9355;7622202283352;OVO LACTA LAKA 162G;37,94;39,99;Ativo
9353;7622210548535;OVO LACTA SONHO DE VALSA 357G;35,29;52,99;Ativo
12299;7898912646040;OVO PASCOA DIV DINOSSAURO 120G;23,94;35,00;Ativo
12303;7898912646804;OVO PASCOA DIVINO KIDS 80G NATAM;45,99;65,00;Ativo
12251;8000500020012;OVO PASCOA KINDER MISTO 150G;74,04;114,99;Ativo
6188;7506161218672;OVO PATRULHA CANINA 20G;5,32;7,49;Ativo
9620;7898409951404;OVOMALTINE FLOCOS CROCANTE 300G;9,99;16,99;Ativo
3997;7897309408421;OVOMALTINE ROCKS 40G;4,24;5,99;Ativo
156;2017;OVOS CARTELA C/30;19,17;26,99;Ativo
4496;7896084571528;OVOS DE CODORNA C/30;3,89;5,99;Ativo
4752;7897532501203;OVOS DE CODORNA YABUTA C/30;5,00;6,99;Ativo
10042;9700;OVOS JUMBO C/12;9,50;11,99;Ativo
235;2910;OVOS JUMBO C/6;4,00;5,99;Ativo
1119;7898359990188;OVOS MODELO TP GD BRANCO BJ/ 6;3,52;4,99;Ativo
1120;7898359990157;OVOS MODELO TP GD BRANCO BJ/12;7,04;9,99;Ativo
379;6922;OVOS TP GRANDE C/12 UN;7,79;10,49;Ativo
380;6923;OVOS TP GRANDE C/30 UN;15,83;23,49;Ativo
378;6921;OVOS TP GRANDE C/6 UN;2,41;3,99;Ativo
234;2909;OVOS VERM. CARTELA C/12;8,33;11,75;Ativo
233;2908;OVOS VERM. CARTELA C/30;20,42;26,99;Ativo
443;7230;p;0,00;0,00;Ativo
1300;7897150100079;P. DE AÇO SHOW BRILHO N°2 25G;0,00;1,49;Ativo
1070;7891962051345;P. DE F. VISCONTI INTEG. 400G;6,04;8,49;Ativo
1378;7896053411237;P. HIG. FD BAMBINO C/12 ROLOS;9,50;13,99;Ativo
1554;7891203067913;P. INT. CST. E LIN. PANCO 380G;8,80;12,49;Ativo
6962;7891172523434;P.H  NEVE C/12 20M 10CM;12,73;19,99;Ativo
6963;7891172422607;P.H NEVE SUPREME C/4 20M;6,82;9,49;Ativo
3848;7898949961857;PA DE LIXO COLET C/ CABO;3,99;8,99;Ativo
1020;7898920552197;PÁ DE LIXO SELÉTA;0,00;5,99;Ativo
493;8346;PA DE ZINCO;8,29;11,99;Ativo
8128;7897788824088;PA PLASTICA CABO CURTO;2,29;3,49;Ativo
2924;7891000012123;MUCILON MILHO 230G;4,75;6,99;Ativo
766;7891000035634;MUCILON MULTICEREAIS 230G;4,75;6,99;Ativo
4697;7891000356906;MUCILON MULTICEREAIS 360G;8,48;12,49;Ativo
1812;7891000035832;MUCILON MULTICEREAIS 400G;6,10;9,99;Ativo
5538;7891000357057;MUCILON NESTLE ARROZ.AVEIA INT 300G;5,73;8,99;Ativo
2537;7891000011294;MUCILON NESTLÉ MILHO 400G;6,50;9,99;Ativo
4772;7891000357187;MUCILON NESTLE S.ARROZ 360G;8,48;12,49;Ativo
4773;7891000356982;MUCILON NESTLE S.MILHO 360G;8,48;12,49;Ativo
5462;7896072006001;MUKY PO PREPARO S.MORANGO 400G;4,83;6,99;Ativo
9134;7897664170766;MULTI INSETICIDA S/CHEIRO MAT 360ML;9,76;14,99;Ativo
3711;7891150071742;MULTIUSO CIF ANTIBAC 500ML;4,66;7,49;Ativo
7348;7891150034341;MULTIUSO CIF LARANJA 250ML;7,31;10,99;Ativo
7349;7891150022003;MULTIUSO CIF LIMAO 250ML;7,52;10,99;Ativo
9702;7891150022027;MULTIUSO CIF LIMÃO 450ML;9,90;16,99;Ativo
6697;7891242211506;MULTIUSO DESENGORDURANTE UAU 500ML;3,15;4,49;Ativo
7713;7896083801374;MULTIUSO SUPER CANDIDA 500ML;3,45;4,99;Ativo
8911;7896524740019;MULTIUSO SUPREMA PERFUMADO 500ML;1,95;2,99;Ativo
8912;7896524740408;MULTIUSO SUPREMA PERFUMADO TRAD 500ML;1,95;2,99;Ativo
8966;7891242001015;MULTIUSO UAU INOX 500ML;3,75;5,49;Ativo
10227;7891242224322;MULTIUSO UAU ROSAS E SEDUCAO 500ML;3,29;4,99;Ativo
7761;7891035209901;MULTIUSO VEJA FLORAL 500ML;3,96;5,99;Ativo
6175;7891035800214;MULTIUSO VEJA GOLD 500ML;3,74;5,99;Ativo
7760;7891035210334;MULTIUSO VEJA LAVANDA 500ML;3,96;5,99;Ativo
3443;7896098900178;MULTIUSO YPÊ 2EM 1 500ML;2,99;4,49;Ativo
3444;7896098905890;MULTIUSO YPÊ ANTIBAC 500ML;2,95;5,49;Ativo
3485;7896098900802;MULTIUSO YPÊ CLASSICO 500ML;2,99;4,49;Ativo
3710;7896098900819;MULTIUSO YPÊ CONTROLE ODOR 500ML;2,92;4,99;Ativo
8543;7896098904411;MULTIUSO YPE GREEN 500ML;2,89;5,49;Ativo
3445;7896098900826;MULTIUSO YPÊ PREMIUM 500ML;2,99;4,49;Ativo
525;9012;MUSCULO BOV TRAZEIRO KG;22,50;33,99;Ativo
536;9024;MUSCULO BOVINO KG;23,95;29,99;Ativo
10620;7896114101633;MUSS. FATIADA IPANEMA Z/LACTOSE 150G;6,93;9,99;Ativo
3;7898024450115;MUSSARELA GRANEL KG;37,22;54,99;Ativo
318;5958;MUSSARELA GRANEL KG;25,50;39,99;Ativo
250;3393;NACIONAL GÁS;80,00;110,00;Ativo
1296;7896671000998;NAFITALINA EM BOLAS LIMPEX 50G;0,00;2,49;Ativo
1297;7898032680061;NAFITALINA SAMPA CLEAN 24G;1,28;2,49;Ativo
6209;7899916905621;NATURAL ONE LARANJA 100% SUCO 2L;16,49;23,49;Ativo
6400;7898378180171;NECTAR CAJU MARATA 200ML;0,99;1,75;Ativo
6401;798378180188;NECTAR CAJU PESSEGO 200ML;1,19;1,79;Ativo
5292;7898323456511;NÉCTAR DE CAJU BACANA 200ML;0,85;1,49;Ativo
1409;7898651640279;NÉCTAR DE CAJU YUMMY 1L;0,00;3,99;Ativo
1358;7898651640330;NÉCTAR DE GOIABA YUMMY 1L;0,00;3,99;Ativo
1361;7898651640040;NÉCTAR DE GOIABA YUMMY 200ML;0,00;1,49;Ativo
1408;7898651640071;NÉCTAR DE LARANJA YUMMY 1L;0,00;3,99;Ativo
1359;7898651640293;NÉCTAR DE MANGA YUMMY 1L;0,00;3,99;Ativo
1360;7898651640064;NÉCTAR DE MANGA YUMMY 200ML;0,00;1,49;Ativo
1407;7898651640354;NÉCTAR DE MARACUJÁ YUMMY 1L;0,00;3,99;Ativo
1410;7898651640132;NÉCTAR DE UVA YUMMY 1L;0,00;3,99;Ativo
10961;7896005404072;NECTAR LARANJA MAGUARY 1L;3,93;5,99;Ativo
10950;7898378180843;NECTAR MARATA CAJA 200ML;1,50;2,25;Ativo
6404;7898920195325;NECTAR NUTRI CAJU 200ML;0,99;1,49;Ativo
6407;7898920195363;NECTAR NUTRI GOIABA 200ML;0,99;1,49;Ativo
6402;78992195363;NECTAR NUTRI GOIABA 200ML;0,99;1,49;Ativo
6405;7898920195202;NECTAR NUTRI LARANJA 200ML;0,99;1,49;Ativo
6406;7898920195219;NECTAR NUTRI MANGA 200ML;0,99;1,49;Ativo
6403;7898920195240;NECTAR NUTRI UVA 200ML;0,99;1,49;Ativo
1476;7898378180027;NÉCTAR SABOR UVA MARATÁ 1L;4,33;6,99;Ativo
1421;7898192030515;NÉCTAR SU FRESH PÊSSEGO 330ML;1,00;1,99;Ativo
8843;7898344176276;NEM SUCO S/CAJU 1L;3,29;5,49;Ativo
8841;7898344176214;NEM SUCO S/LARANJA 1L;3,33;5,49;Ativo
8842;7898344176191;NEM SUCO S/PESSEGO 1L;2,99;5,99;Ativo
7915;7891000307045;NESCAFE MATINAL SUAVE 40G;6,34;9,49;Ativo
2164;7891000010860;NESCAFÉ TRAD. FORTE 50G;4,52;6,49;Ativo
10011;7891000416228;NESCAFE TRADICAO FORTE 40G;5,43;8,99;Ativo
3422;7891000352175;NESCAU ACTIV-GO 370G;6,99;8,99;Ativo
772;7891000053508;NESCAU ACTIV-GO 400G;5,18;6,99;Ativo
10483;7891000258613;NESCAU DUO CEREAL MATINAL 210G;9,11;13,99;Ativo
1756;7891000120101;NESTLE CREME DE LEITE 300G LTA;8,30;11,99;Ativo
1657;7891000011300;NESTON 3 CEREAIS 400G;14,99;14,99;Ativo
7183;7891000358801;NESTON 3 CEREAIS NESTLE 360G;13,00;18,99;Ativo
10539;7891000268100;NESTON VITAMINA 400G;11,41;16,99;Ativo
6850;7891000268506;NESTON VITAMINA 400G LT;11,41;16,99;Ativo
5689;7896013508885;NEUTRALIZANTE LISAHAIR 300ML;12,63;18,99;Ativo
8882;7898344176238;NEW SUCO S/UVA 1L;2,99;5,99;Ativo
7050;7898344176245;NEW SUCO UVA 200ML;1,11;1,69;Ativo
9738;7896024726827;NEWAFER PIRAQUE SAB.LIMÃO 100G;3,01;4,49;Ativo
9737;7896024702654;NEWAFER PIRAQUE SABOR CHOCOLATE 100G;3,12;4,79;Ativo
6333;7896205754465;NHOQUE ADRIA 500G;3,29;4,49;Ativo
3852;7896216100268;NHOQUE DE BATATA 500G;10,92;15,49;Ativo
5301;7898319730427;NHOQUE MANA 500G;6,18;9,49;Ativo
7853;736532439277;NHOQUE SANTA TAVOLA 500G;6,19;9,49;Ativo
11074;7891000282748;NINHO 1 FASES 1,2KG N1;66,41;94,99;Ativo
12216;7891079012581;NISSIN FRANGO ASSADO C/LIMAO 85G;2,22;2,99;Ativo
8973;7891079011478;NISSIN HOT S/MEXICANO 80G;2,57;3,69;Ativo
10799;7891079014288;NISSIN LAMEN CALABRESA PICANTE LACB 85G;2,22;2,99;Ativo
12215;7891079000243;NISSIN LAMEN LEGUMES  85G;2,09;2,99;Ativo
10082;7891079000250;NISSIN LAMEN S/BACON 85G;2,09;2,99;Ativo
12306;7891079000311;NISSIN LAMEN S/CARNE TOMATE  85G;2,02;2,99;Ativo
10259;7891079011775;NISSIN LAMEN S/PICANHA 80G;2,22;2,99;Ativo
10797;7891079012963;NISSIN LAMEN TRADICIONAL SABOR COSTELA (LACS) 85G;2,09;2,99;Ativo
12397;7891079014356;NISSIN S/GALINHA CAIPIRA MILHO 75G;2,27;2,99;Ativo
7993;7891079013847;NISSIN YAKISSOBA U.F.O S/CARNE JAPONES 81G;5,96;8,49;Ativo
7994;7891079013861;NISSIN YAKISSOBA U.F.O S/LEGUMES ORIENTAL 81G;6,31;8,99;Ativo
9994;7891079014172;NISSIN YAKISSOBA UFO GALINHA CAIPIRA 81G;6,31;8,99;Ativo
9301;42277217;NIVEA CREME 29G;9,32;13,49;Ativo
11005;7896000706027;NLY CT MKIT 7,0 LOURO MEDIO;10,71;16,99;Ativo
636;7897457620478;NOS MOSCADA BAMBU 10G;0,90;1,79;Ativo
6454;7896067000106;NOZ MOSCADA CORDEIRO 3G;2,69;3,99;Ativo
3262;7891095154319;NOZ MOSCADA KITANO 8G;1,50;2,49;Ativo
8111;7891035570308;NUGGET BRANCO 60ML;16,90;23,99;Ativo
7763;7891035570209;NUGGET INCOLOR 60ML;17,04;23,99;Ativo
7764;7891035116568;NUGGET MARROM 60ML;13,99;15,99;Ativo
3281;7791130002950;NUGGET POMADA MARROM 36G;9,90;15,49;Ativo
3280;7791130002554;NUGGET POMADA PRETO 36G;10,63;15,99;Ativo
7762;7891035116551;NUGGET PRETO 60ML;10,65;15,99;Ativo
4211;7898024394181;NUTELLA C/AVELÃ 350G;19,99;33,99;Ativo
676;7898024397533;NUTELLA CREME DE AVELÃ 140G;11,10;15,99;Ativo
5038;7891331010492;NUTRY B. DE CEREAL AVELA C/CHOCO 22G;1,17;1,99;Ativo
5037;7891331018344;NUTRY B. DE CEREAL COOKIES&CREAM 20G;1,10;1,99;Ativo
5036;7891331014520;NUTRY B. DE CEREAL F. VERMELHAS 22G;1,19;1,99;Ativo
2095;7891010010577;O.B ORIGINAL 10UN;8,41;11,99;Ativo
1285;7898374663296;ODOR. DE AMB. AR GRAD. 360ML;0,00;4,99;Ativo
1284;7898374662428;ODOR. DE AMB. AR GRAD. 360ML;0,00;4,99;Ativo
1286;7898374662411;ODOR. DE AMB. AR GRAD. 360ML;0,00;4,99;Ativo
1283;7898374663302;ODOR. DE AMB. AR GRAD. 360ML;0,00;4,99;Ativo
11083;7894650014448;ODORIZADOR GLADE LEMBRANCAS DE INFACIA 360ML;10,94;17,99;Ativo
9188;7896013404699;ODORIZADOR SECAR ALECRIM DA SICILIA 360ML;10,88;16,99;Ativo
8998;7896013401841;ODORIZADOR SECAR ALGODAO DO NILO 360ML;10,92;16,99;Ativo
8999;7896013404682;ODORIZADOR SECAR LAVANDA 360ML;10,88;16,99;Ativo
9189;7896013404705;ODORIZADOR SECAR ROSAS DE AMSTERDA 360ML;11,16;16,99;Ativo
11082;7894650938430;ODORIZANTE GLADE FRUTAS E FLORES 360ML;12,59;19,99;Ativo
6938;7891150027800;MAIONESE HELLMANNS GOLDEN 335G;9,85;14,49;Ativo
9958;7894000050720;MAIONESE HELLMANNS LIGHT 500G;9,77;13,99;Ativo
10996;7891150072053;MAIONESE HELLMANNS LV600GR PG500GR;8,77;13,99;Ativo
9538;7891150099371;MAIONESE HELLMANNS S/BACON 335ML;8,45;12,99;Ativo
6943;7891150065352;MAIONESE HELLMANNS SACHE 200G;4,68;7,49;Ativo
8269;7891150045255;MAIONESE HELLMANNS SACHE 700G;12,44;14,49;Ativo
9955;7891150078611;MAIONESE HELLMANNS SACHE 800G;13,19;19,99;Ativo
6941;7891150080546;MAIONESE HELLMANNS SUPREME 330G;10,45;15,49;Ativo
8348;7891150079892;MAIONESE HELLMANNS VERDE 335G;9,85;14,49;Ativo
6298;7891031412022;MAIONESE HEMMER 280G;6,98;6,99;Ativo
4053;7891031412176;MAIONESE HEMMER 500G;6,49;8,99;Ativo
9012;7891031412138;MAIONESE HEMMER TRAD 670G;9,59;13,49;Ativo
3948;7898930142364;MAIONESE HOPS AZEITONAS PRETA 200G;5,99;8,49;Ativo
3951;7898930142371;MAIONESE HOPS CEBOLA E ALHO 200G;5,99;8,49;Ativo
3950;7898930142333;MAIONESE HOPS LUPULADA 200G;5,59;7,99;Ativo
2821;7896036091326;MAIONESE LISA TRAD.500G;3,35;4,99;Ativo
3161;7896036094815;MAIONESE LIZA TRADICIONAL 196G;1,56;2,39;Ativo
4159;7896036094853;MAIONESE MARIA 196G;1,65;2,49;Ativo
8425;7896036000434;MAIONESE MARIA 450G;3,99;5,69;Ativo
2083;7896036092859;MAIONESE MARIA 500G/492ML;2,45;3,49;Ativo
2964;7896292360433;MAIONESE PREDILETA CLASSICA 200G;1,14;1,89;Ativo
1562;7896102584998;MAIONESE QUERO 495G;5,61;8,49;Ativo
2287;7896102509434;MAIONESE SACHE QUERO 200G;2,41;3,49;Ativo
9947;7898930141947;MAIONESE SALSARETTI TRAD.350G;6,00;6,99;Ativo
5719;7896248100830;MAIONESE SAÚDE 500G;2,99;4,49;Ativo
7709;7894904271382;MAIONESE SOYA SACHE CASEIRA 200G;1,58;2,49;Ativo
7952;7897001040028;MAIONESE SUAVIT 500G;3,49;4,99;Ativo
10627;7896025805606;MAIONESE VERDE CEPERA 200G;4,74;6,79;Ativo
9616;7891999015648;MAIONESE VIGOR 1KG;0,00;14,99;Ativo
56;1122;MAIONESE VIGOR 200G;1,19;1,99;Ativo
1680;7891999948908;MAIONESE VIGOR 200G;2,49;3,99;Ativo
3874;7891999004871;MAIONESE VIGOR 250G;2,75;3,99;Ativo
4052;7891999004888;MAIONESE VIGOR 500G;4,49;6,99;Ativo
9644;7896071030144;MAISENA MABEL 300G;3,59;5,29;Ativo
6240;7891203058140;MAISENA PANCO S/CHOCOLATE 200G;3,27;4,49;Ativo
3241;7896023600524;MAIZENA DUCHEN 160G;1,29;1,89;Ativo
3964;7896213002138;MAIZENA SABOR CHOCOLATE VITARELLA 400G;3,42;5,49;Ativo
1625;7898557241112;MAMAD. DE SILIC. MURANO 150ML;9,99;14,99;Ativo
1627;7898557241099;MAMAD. DE SILIC. MURANO 240ML;11,59;16,49;Ativo
3520;7898557240726;MAMAD. DE SILIC. MURANO 240ML;13,49;19,99;Ativo
1626;7898557241136;MAMAD. DE SILICONE MURANO 80ML;7,30;10,99;Ativo
4431;7898557241235;MAMADEIRA CHUQUINHA 40ML;8,30;12,49;Ativo
9966;7896699013147;MAMADEIRA LOLLY BIG CLEAN AZUL 250ML;20,99;31,99;Ativo
9968;7896699013123;MAMADEIRA LOLLY BIG CLEAN AZUL 340ML;23,99;34,99;Ativo
9967;7896699013574;MAMADEIRA LOLLY BIG CLEAN ROSA 250ML;20,99;31,99;Ativo
9969;7896699013512;MAMADEIRA LOLLY BIG CLEAN ROSA 340ML;23,99;34,99;Ativo
4821;7898557241334;MAMADEIRA PP 150ML;8,85;13,99;Ativo
3794;7898557241310;MAMADEIRA PP 240 ML;9,20;14,49;Ativo
208;2568;MAMÃO FORMOSA UNIDADE;8,13;10,99;Ativo
39;37;MAMÃO PAPAYA KG;7,22;10,99;Ativo
519;9006;MAMINHA BOVINA KG;30,00;39,99;Ativo
5449;745110275183;MANCHA LINGUA TUTTI FRUTTI;1,20;1,80;Ativo
279;4408;MANDIOCA DESCASCADA KG;0,00;8,99;Ativo
216;2701;MANDIOCA DESCASCADA KG;4,00;6,99;Ativo
6011;618231450909;MANDIOCA DESCASCADA PCT;3,00;4,99;Ativo
31;29;MANDIOCA KG;2,22;4,99;Ativo
6488;742832176910;MANDIOCA PCT 1KG;5,20;6,99;Ativo
9277;7898208483748;MANDIOCA TOLETE CANCAO 1KG;11,04;15,99;Ativo
591;9476;MANDIOQUINHA BANDEJA;5,00;7,49;Ativo
8281;7896519240067;MANDIOQUINHA DEMARCHI CONGELADO 300G;11,56;16,49;Ativo
184;2378;MANDIOQUINHA GRANEL  KG;10,00;14,49;Ativo
6487;7893460100075;MANDIOQUINHA PCT 500G;4,00;5,99;Ativo
492;8275;MANGA ESPADA KG;3,75;5,99;Ativo
40;38;MANGA PALMER KG;5,63;8,99;Ativo
209;2569;MANGA TOMMY KG;5,63;7,99;Ativo
991;7898921610438;MANGUEIRA PLASMANG 15M;0,00;27,99;Ativo
3118;7891048044278;MANJAR DE COCO DR OETKER 40G;7,78;10,99;Ativo
230;2881;MANJERICÃO 100% KITANO;1,50;2,49;Ativo
3265;7891095156108;MANJERICÃO 100% KITANO;1,50;2,49;Ativo
1509;7897457623332;MANJERICÃO BAMBU 10G;0,90;1,79;Ativo
3070;7891965431182;MANJERICÃO HIKARI 7G;1,50;2,49;Ativo
2440;7898936312242;MANJERICÃO MORITA CADA;3,00;2,99;Ativo
5463;7896331100051;MANTEIGA AVIACAO 200G;14,01;20,99;Ativo
4624;606529164355;MANTEIGA BRASILEIRISSIMA 200G;7,60;10,99;Ativo
8445;7896051135128;MANTEIGA C/ SAL ITAMBE 200G;9,40;13,49;Ativo
3759;7898937153127;MANTEIGA C/ SAL PAREIA 200G;9,60;13,99;Ativo
4174;7896629660069;MANTEIGA C/SAL CAN.MINAS 200G;9,59;13,49;Ativo
10123;7898628921240;MANTEIGA CACAU BATON ISACARE;2,99;4,49;Ativo
2853;7898133620508;MANTEIGA COMUM C/ SAL TOURINHO 200G;8,04;11,49;Ativo
6262;7896114144630;MANTEIGA DE PRIMEIRA IPANEMA 200G;7,81;12,49;Ativo
10452;7891164029180;MANTEIGA EXTRA C/SAL AURORA 200G;8,43;12,49;Ativo
1081;7898957717019;MANTEIGA FINALAT C/ SAL 200G;6,60;9,99;Ativo
8184;7891097105920;MANTEIGA TABLETE C/SAL GALBANI 200G;9,90;14,99;Ativo
3821;7896030519635;MANTEIGA TIROLEZ 200G;7,60;10,49;Ativo
2097;7898024450337;MANTEIGA TR.MARIAS 200G;5,95;7,69;Ativo
46;44;MARACUJA KG;8,00;11,99;Ativo
757;7730931130660;MARCUS JAMES VINHO TINTO 750ML;14,99;24,99;Ativo
9135;7894904268726;MARG DELICATA CREMOSA C/SAL 500G;4,02;5,79;Ativo
7211;7894904271573;MARG DELICIA SUPREME 500G;6,80;9,99;Ativo
9498;7891515555245;MARGARINA BECEL 250G;4,37;6,99;Ativo
3570;7891515555337;MARGARINA BECEL ÔMEGA 6 C/SAL 500G;3,79;7,99;Ativo
1566;7891515901066;MARGARINA CLAYBOM C/ SAL 250G;3,05;4,49;Ativo
1567;7891515901059;MARGARINA CLAYBOM C/ SAL 500G;5,03;7,49;Ativo
3486;7891515548889;MARGARINA CLAYBOM S MANT. 500G;4,74;6,99;Ativo
4027;7891515548872;MARGARINA CLAYBOM SABOR MANTEIGA 250G;3,21;4,99;Ativo
9495;7894904271481;MARGARINA CREMOSY 1KG;6,39;9,99;Ativo
4671;7894904271498;MARGARINA CREMOSY 500G;4,49;6,49;Ativo
5100;7894904271504;MARGARINA CREMOSY C/SAL 250G;2,35;3,49;Ativo
10804;7894904268733;MARGARINA DELICATA 1KG;7,50;11,99;Ativo
1080;7891080400100;MARGARINA DELÍCIA C/ SAL 250G;1,99;1,99;Ativo
1362;7891080400087;MARGARINA DELÍCIA C/ SAL 500G;6,29;7,99;Ativo
5575;7894904271535;MARGARINA DELICIA C/SAL 250G;3,50;5,29;Ativo
5625;7894904271528;MARGARINA DELICIA C/SAL 500G;5,74;8,99;Ativo
5624;7894904271566;MARGARINA DELICIA S/SAL 500G;3,83;8,99;Ativo
3127;7891080112836;MARGARINA DELÍCIA SUPREME 500G;5,99;7,99;Ativo
1991;7891042092053;MARGARINA DORIANA 250G;3,50;4,99;Ativo
1921;7891042092602;MARGARINA DORIANA 500G;5,64;8,49;Ativo
9496;7894904929658;MARGARINA DORIANA C/SAL 1KG;8,90;15,99;Ativo
3181;7894904571963;MARGARINA DORIANA S/SAL 500G;4,59;6,49;Ativo
4559;7896279600293;MARGARINA DUALIS 500G;3,49;4,99;Ativo
9226;7893000502888;MARGARINA QUALY 0 LACTOSE 500G;7,24;10,29;Ativo
6584;7893000081628;MARGARINA QUALY AERA C/SAL 250G;4,10;5,99;Ativo
7523;7893000084360;MARGARINA QUALY AERA C/SAL 500G;5,59;8,49;Ativo
1382;7893000394117;MARGARINA QUALY C/ SAL 250G;4,35;6,49;Ativo
1336;7893000394209;MARGARINA QUALY C/ SAL 500G;6,49;10,49;Ativo
5455;7893000079298;MARGARINA QUALY C/SAL 1KG;11,90;18,99;Ativo
2923;7893000382961;MARGARINA QUALY S/ SAL 250G;4,10;6,49;Ativo
10637;7893000383005;MARGARINA QUALY S/SAL 500G;7,46;10,99;Ativo
10196;7891515520625;MARGARINA QUALY VITA 250G;4,10;5,99;Ativo
8423;7891999011008;MARGARINA VIGOR 250G;3,33;4,79;Ativo
9332;7891999011039;MARGARINA VIGOR 500G;6,07;8,49;Ativo
9550;7891999004864;MARGARINA VIGOR CREMOSA 1KG;10,98;15,99;Ativo
3117;7891048051054;MARIA MOLE DR OETKER COCO 50G;3,56;4,99;Ativo
3276;7896072058185;MARIA MOLE S/ COCO BRETZKE 50G 50G;1,54;0,75;Ativo
8968;7899745029628;MARIDAO MULTIUSO PERFUMADO 2L;1,98;3,49;Ativo
8584;78900073;MARLBORO GOLD MACO;0,00;13,75;Ativo
5832;7893789310575;MARLBORO TROPICAL FUSION;14,31;15,50;Ativo
2322;7897977910042;MARROM GLACE 300G;2,85;3,89;Ativo
2888;7896451910226;MARSHMALLOW DOCILE 250G;5,58;8,49;Ativo
3590;7896451910110;MARSHMALLOW DOCILE 250G;5,83;8,49;Ativo
6940;7896451912220;MARSHMALLOW DOCILE RECHEADO 220G;6,22;9,99;Ativo
5265;7908228803881;MARSHMALLOW FINI AMERICAN STYLE 200G;6,29;8,99;Ativo
5263;7908228803898;MARSHMALLOW FINI TORÇÃO AZUL 200G;6,80;9,99;Ativo
5264;7908228803867;MARSHMALLOW FINI TORÇÃO ROSA 200G;6,80;9,99;Ativo
2805;7898629570348;MARSHMALLOW HARIBO BARBECUE 250G;7,25;9,99;Ativo
2806;7898629570409;MARSHMALLOW HARIBO CABLES BLUE 250G;7,25;9,99;Ativo
2858;7898629570423;MARSHMALLOW HARIBO CABLES PINK  250G;7,75;9,99;Ativo
8414;7908228805960;MARSHMALLOWS MARSHBOO 80G;4,26;5,99;Ativo
6303;7908228804499;MARSHMALLOWS TORÇÃO FINI 80G;3,74;5,99;Ativo
5555;7908228803874;MARSHMALLOWS TORCAO RECH. 200G;6,80;9,99;Ativo
8023;7908228804505;MARSHMALLOWS TORCAO ROSA RECH 80G;3,74;5,99;Ativo
9453;41789000775;MARUCHAN YAKISOBA CARNE 113G;5,39;7,99;Ativo
9993;7891150101678;MASC PARA TRATAMENTO SEDA 300G;13,49;19,99;Ativo
10327;7891150080119;MASC SEDA COLAGENO VIT C 300G;13,49;19,99;Ativo
10328;7891150099883;MASC SEDA GLYCOL VITA C 300G;13,49;19,99;Ativo
121;1790;MÁSCARA DESCARTÁVEL;0,00;2,00;Ativo
564;9102;MASCARA SUINO SALGADO KG;20,00;24,99;Ativo
2525;751320135957;MASCARA TRIPLA PROT.DESC CADA;1,00;1,99;Ativo
163;2060;MASCARAS DESCARTAVEIS UNI.;0,00;1,49;Ativo
7822;7898097961013;MASSA ALIMENTICIA DE ARROZ BIFUM 500G;14,90;15,99;Ativo
8259;7898951850217;MASSA DE LASANHA BARILLA 200G;3,49;5,99;Ativo
616;7896763621773;MASSA DE LASANHA PAULISTA 200G;0,99;0,99;Ativo
9901;7897937100049;MASSA DE PASTEL EM FOLHAS 25UN;20,00;28,99;Ativo
3835;7896216100763;MASSA DE PASTEL MEZZANI 1KG;10,90;15,49;Ativo
3834;7896216100428;MASSA DE PASTEL MEZZANI 350G;5,22;7,49;Ativo
4493;7896216100275;MASSA DE PASTEL MEZZANI 500G;8,22;11,49;Ativo
2545;7897937100025;MASSA DE PASTEL PJ 1 KG;10,00;14,99;Ativo
2546;7897937100018;MASSA DE PASTEL PJ 500G;5,00;7,99;Ativo
2548;7897937100063;MASSA DE PASTEL PJ LASANHA 500;6,00;8,99;Ativo
2547;7897937100056;MASSA DE PASTEL PJ REDONDA 500;6,00;8,99;Ativo
7919;7896020470236;MASSA EPOXI 50G;3,15;4,99;Ativo
10784;7896038314195;MASSA ESPAGUETE URBANO INTEGRAL 500G;4,06;5,99;Ativo
1447;7898390830108;MASSA ESPE. BRASILEIRINHA 500G;3,50;5,49;Ativo
8410;7896005281673;MASSA LASANHA D BENTA 500G;5,48;8,99;Ativo
944;7896005206539;MASSA LASANHA DONA BENTA 200G;0,00;2,99;Ativo
3833;7896216100107;MASSA LASANHA FACIL MEZZANI 500G;6,46;9,99;Ativo
11046;7898961120010;MASSA MANDIOCA PUBA VITORIA 1KG;11,00;16,99;Ativo
5300;7898319730410;MASSA P/ LASANHA MANA 500G;5,63;8,49;Ativo
5998;7896005271360;MASSA P/ LASANHA PETYBON 200G;2,89;4,49;Ativo
5297;7898319730403;MASSA P/ PASTEL EM DISCO MANA 500G;5,63;8,49;Ativo
5298;7898319730182;MASSA P/ PASTEL MANA 1KG;7,93;11,99;Ativo
5299;7898319730175;MASSA P/ PASTEL MANA 500G;4,53;6,99;Ativo
1508;7898960558043;MASSA P/ TAPIOCA DA GOMA 400G;3,00;4,79;Ativo
7458;7896005211007;MASSA P/BOLO DONA BENTA BRIGADEIRO 450G;6,10;8,99;Ativo
7127;7896327510772;MASSA P/BOLO LIMAO APTI 400G;3,39;4,29;Ativo
1653;7896205788408;MASSA P/LASANHA ADRIA 500G;7,99;12,99;Ativo
4175;7898965967413;MASSA PARA TAPIOCA PROD.TERRA 500G;2,49;3,99;Ativo
9359;7896216100039;MASSA PASTEL MEZZANI 500G;8,63;12,49;Ativo
2117;7897328500014;MASSA PASTEL/LASAN. DÉLIO 500G;5,00;7,49;Ativo
2116;7897328500052;MASSA PASTEL/LASANHA DÉLIO 1KG;10,00;14,99;Ativo
3851;7896216100572;MASSA RAVIOLI CARNE 400G;10,66;14,99;Ativo
4178;7898113940299;MASSA TAPIOCA LOPES 1KG;4,85;7,99;Ativo
7823;7896181502043;MASSA YAKISSOBA KIRIN 500G;5,49;7,99;Ativo
6043;7898557240573;MASSAGEADOR INFANTIL MURANO;4,99;7,49;Ativo
6046;7898396111690;MASTIGAVEIS DE COURO PETISCAO;2,94;4,49;Ativo
12236;7908324406511;MAT INSET ACAO TOTAL 270ML;9,76;14,99;Ativo
12235;7908324406474;MAT INSET MATA BARATAS 270ML;9,76;14,99;Ativo
795;7898007825312;MATE GELADO TERERÉ 500G;0,00;9,99;Ativo
1558;7896066804354;MATEIGA C/ SAL TEXEIRA 200G;0,00;9,99;Ativo
1559;7896066810157;MATEIGA S/ SAL TEXEIRA 500G;0,00;14,99;Ativo
8446;7891098040688;MATTE LEAO ORIGINAL 450ML;3,33;4,79;Ativo
507;8779;MAXIXE BANDEJA;6,00;8,99;Ativo
203;2563;MAXIXE KG;10,00;14,99;Ativo
3645;7896451909213;MAXMALLOWS DOCILE 50G;2,56;3,99;Ativo
3642;7896451913852;MAXMALLOWS UNI RECHEADO DOCILE 50G;2,88;4,29;Ativo
12246;7896013566182;MAXTON PRETO AZULADO INTENSO 1.77;9,98;14,99;Ativo
12247;7896013562689;MAXTON PRETO INTENSO 1.110;9,98;14,99;Ativo
4875;7891515495817;MEIO DA ASA PERDIGÃO 1KG;11,99;17,99;Ativo
7356;7898228068970;MEIO DA ASA PIONEIRO IQF 750G;15,99;21,99;Ativo
8412;7894904014293;MEIO DA ASA SEARA 1KG;13,13;21,99;Ativo
3938;7893000488953;MEIO DA ASA TULIPA SADIA 1KG;16,92;23,49;Ativo
582;9126;MEIO SA ASA TULIPA KG;16,76;26,99;Ativo
2641;7896024856609;MEL DE ABELHA SUPEERBOM 200G;13,09;18,39;Ativo
4298;7898056230037;MEL FLORA 280G;12,40;18,49;Ativo
4338;7897365920462;MEL ISIS 200G;15,00;22,99;Ativo
4339;7897365905568;MEL ISIS 260G;17,00;24,99;Ativo
10879;7897365920493;MEL ISIS 500GR;25,00;34,99;Ativo
4340;7897365900143;MEL ISIS 50G 12 SACHES;3,00;4,99;Ativo
8264;7898634910016;MEL ITAJAI DO SUL 1.25KG;7,10;9,99;Ativo
6651;192505328663;MEL OURO DE MINAS 280G;9,00;12,79;Ativo
8108;619205236895;MEL SILVESTRES CASA DO MEL 210G;11,77;16,99;Ativo
4041;7898022322704;MEL VOVO PEDRO 270G;9,53;13,99;Ativo
6285;7896181700791;MELADO DE CANA DA COLONIA 250G;4,99;7,49;Ativo
102;1670;MELANCIA 1/2;20,00;29,99;Ativo
85;1593;MELANCIA 1/4;10,00;14,99;Ativo
313;5650;MELANCIA BABY CADA;13,00;18,99;Ativo
38;36;MELANCIA INTEIRA;55,00;49,99;Ativo
78;1584;MELÃO UN;8,00;11,99;Ativo
10919;7899638500012;MELZINHO 7 ERVAS 120G;0,00;3,99;Ativo
8345;7899638500029;MELZINHO GUACO 120G;2,64;3,99;Ativo
10918;7899638500043;MELZINHO HORTELA 120G.;0,00;3,99;Ativo
2478;7896423470697;MEMS CHOCOLATE 45G;3,66;4,99;Ativo
11057;7896028014487;MENINA LEITE DE COCO 500ML;5,99;8,99;Ativo
5843;7895144298443;MENTOS FANTA  37.5G;1,70;3,49;Ativo
3593;7896262304467;MENTOS FRUIT 37.5G;1,81;3,49;Ativo
3736;7895144693064;MENTOS FRUTAS VERMELHAS 37.5G;1,70;3,49;Ativo
10557;7895144605678;MENTOS KISS MINT 35G;9,06;13,49;Ativo
8408;7895144299754;MENTOS PURE FRESH 2G;0,30;0,40;Ativo
10551;7895144899985;MENTOS PURE FRESH MELANCIA 56G;9,94;13,99;Ativo
10267;7895144080116;MENTOS PURE FRESH MINT 56G;8,64;13,99;Ativo
7787;7895144205663;MENTOS PURE FRESH MORANGO 56G;7,95;13,99;Ativo
10268;7895144080123;MENTOS PURE FRESH WINTERGREEN 56G;7,95;13,99;Ativo
10010;78947276;MENTOS PURE FRUIT 2G;0,29;0,40;Ativo
6642;7895144693149;MENTOS RAINBOW 37.5G;1,70;3,49;Ativo
2761;7895144293424;MENTOS RAINBOW DROPS 26.8 G;0,87;1,49;Ativo
5566;7895144693224;MENTOS TUTTI FRUTTI 37.5G;1,70;3,49;Ativo
8616;7895144203089;MENTOS UP2U 56G;7,95;13,99;Ativo
10718;7895144900032;MENTOS WILD SPEARMINT 37,5G;2,13;3,49;Ativo
3735;7895144693088;MENTOS YOGURT MORANGO 37.5G;1,70;3,49;Ativo
10288;7898934289126;MESA PLAST QUAD PLASTEX;79,00;114,99;Ativo
3063;7891150009592;MEU ASSADO KNOR ALHO E CEBOLA 25G;3,89;5,89;Ativo
8871;7891515606428;MEU MENU PENNE SUG.MAJ.PERDIGÃO 300G;5,80;8,49;Ativo
8389;7891000369203;MEU PRIMEIRO LANCHINHO LAR/BANANA 35G;0,00;4,49;Ativo
8390;7891000320242;MEU PRIMEIRO LANCHINHO MILHO 35G;0,00;4,49;Ativo
7218;7891000320204;MEU PRIMEIRO LANCHINHO MUCILON 35G;2,80;4,49;Ativo
8391;7891000320280;MEU PRIMEIRO LANCHINHO TOMATE 35G;0,00;4,49;Ativo
4570;7891000339954;MEU SEGREDO MAGGI REFOGA 49G;2,58;3,99;Ativo
4571;7891000340073;MEU SEGREDO MAGGI TOMATE ERVAS 49G;2,59;3,99;Ativo
9400;2019672007000;MEXICATTI NINHO C NUTELLA 120G;7,14;10,00;Ativo
5070;7898605254170;MIKE´S HARD LEMONADE PITAIA;4,95;6,99;Ativo
8337;7898605252985;MIKES ICE LEMONADE 269ML;4,95;6,99;Ativo
8844;7898605255597;MIKES LEMONADE C/ GUARANA 269ML;3,29;6,99;Ativo
2078;7894321632032;MILHARINA QUAKER 500G;3,55;4,99;Ativo
1502;7897457620072;MILHO BC P/ CANJICA BAMBU 500G;2,50;3,75;Ativo
3577;7898905153258;MILHO BONARE 200G;1,95;3,29;Ativo
2091;7891095006984;MILHO D. PIPOCA PREMI. 500G;5,49;7,99;Ativo
6453;7896067001967;MILHO DE PIPOCA CORDEIRO 500G;3,86;5,79;Ativo
8575;7896045114290;MILHO DE PIPOCA DONA CLARA 400G;2,67;4,49;Ativo
3492;7891965229857;MILHO DE PIPOCA HIKARI 500G;3,15;4,49;Ativo
7470;7896348206562;MILHO DE PIPOCA JUREIA 400G;2,87;4,29;Ativo
2582;7896116900784;MILHO DE PIPOCA KICALDO 500G;2,19;3,39;Ativo
5290;7898416522093;MILHO DE PIPOCA KISABOR 500G;2,99;4,99;Ativo
5554;7898416522109;MILHO DE PIPOCA KISABOR PREMIUM 500G;4,99;6,99;Ativo
5561;7896401183175;MILHO DE PIPOCA URBANO 500G;2,86;5,49;Ativo
7842;7891095911356;MILHO DE PIPOCA YOKI 400G;4,20;6,99;Ativo
2868;78996599000785;MILHO EM CONSERVA BONARE 280G;0,00;2,99;Ativo
7137;7891150058903;MILHO EM CONSERVA KNNOR 170G;2,81;3,99;Ativo
2870;7899659900785;MILHO ENLATADO BONARE 280G;2,39;3,99;Ativo
935;7896064102872;MILHO P/ PIPOCA C. BELO 500G;3,00;4,49;Ativo
1470;7891095002672;MILHO P/ PIPOCA YOKI TP1 500G;3,49;8,99;Ativo
7632;7896200116534;MILHO P/PIPOCA BROTO LEGAL 500G;3,37;4,37;Ativo
7055;7891095911349;MILHO P/PIPOCA PREMIUM YOKI 400G;6,01;8,99;Ativo
4723;7891095110162;MILHO PIPOCA MICRO-ONDAS S.MANTEIGA 100G;3,00;4,49;Ativo
5304;7896490288867;MILHO PIPOCA PREMIUM D CLARA 500G;3,56;5,49;Ativo
2034;7896292340503;MILHO PREDILECTA 280G;2,31;3,99;Ativo
8969;7898930142784;MILHO SALSARETTI LT 280G;2,19;3,49;Ativo
4394;7898902299843;MILHO VEGATAIS STELLA D 255G;2,22;3,49;Ativo
4343;735201119892;MILHO VERDE BANDEIJA CADA;5,00;7,49;Ativo
5386;7897517209391;MILHO VERDE FUGINI 170G;3,15;4,49;Ativo
4686;7897517209544;MILHO VERDE FUGINI 260G;2,51;3,49;Ativo
173;2226;MILHO VERDE GRANEL CADA;1,00;1,50;Ativo
9335;3083681080803;MILHO VERDE LT BONDUELLE 200G;2,79;3,99;Ativo
1715;7896102500608;MILHO VERDE LT QUERO 280G;2,64;4,49;Ativo
8045;7891032013303;MILHO VERDE OLE 190G;2,87;4,29;Ativo
3160;7891032013259;MILHO VERDE OLE VD 170G;3,15;4,49;Ativo
933;7899659900617;MILHO VERDE PALADORI 300G;0,00;1,49;Ativo
4991;7896102500844;MILHO VERDE QUERO 280G;3,40;4,79;Ativo
932;7896102501155;MILHO VERDE QUERO 280G;0,00;1,49;Ativo
918;7896102582239;MILHO VERDE QUERO SASHÊ 280G;1,39;1,99;Ativo
1463;7896292343702;MILHO VERDE SOFRUTA 280G;1,79;2,89;Ativo
1480;7898902299058;MILHO VERDE STEELLA D`ORO 280G;2,19;3,29;Ativo
1969;7891095100729;MILHO.PIP.MICRO BACON 100G;2,05;2,99;Ativo
1968;7891095006274;MILHO.PIP.MICRO TEMPERADA 100G;1,99;2,99;Ativo
2038;7896070800052;MILHO.PIPOCA PANTERA 500G;2,29;2,99;Ativo
9405;7898473360294;MILKY AMENDOIM 70G;0,00;3,50;Ativo
9403;7898473362830;MILKY COCO QUEIMADO 70G;2,50;4,00;Ativo
9407;7898473360256;MILKY DOCE DE LEITE 70G;2,18;4,00;Ativo
9408;7898473360331;MILKY LEITE COND 70G;2,50;3,50;Ativo
9406;7898473360218;MILKY MILHO VERDE 70G;2,50;4,00;Ativo
9402;7898473360386;MILKY MORANGO 70G;2,50;4,00;Ativo
4953;7891331009243;MINGAL NUTRIBOM AVEIA E ARROZ 230G;4,17;5,89;Ativo
4952;7891331010256;MINGAL NUTRIBOM MULTICEREAIS 230G;4,17;5,89;Ativo
2023;70330631328;MINI BIC ISQUEIRO;3,49;3,49;Ativo
2024;70330631335;MINI BIC ISQUEIRO;4,99;4,99;Ativo
225;2752;MINI BISNAGUINHA KG;6,96;9,99;Ativo
8053;40141188007;MINI BITS FREDITOS S/PEIXE 30G;1,81;2,49;Ativo
9812;7891203061331;MINI BOLO PANCO RED VELVET 70G;2,96;4,29;Ativo
5750;7898971273140;MINI BROINHA DE MILHO ALIANCA 180G;2,80;3,99;Ativo
1570;7891515485535;MINI CHICKEN QUEIJO PERD 275G;6,90;9,99;Ativo
430;7194;MINI CHIKEN PERDIGAO KG;17,97;24,99;Ativo
10334;7891962000381;MINI CHOCOTTONE B 80G;6,34;8,99;Ativo
10540;7891962072722;MINI CHOCOTTONE BAUDUCCO 80G;5,03;7,49;Ativo
7169;7896496980857;MINI COOKIES CACAU/CASTANHA 120G;0,00;6,99;Ativo
505;8774;MINI ESFIHA S/CARNE KG;44,72;64,99;Ativo
2411;7893249054940;MINI HAVAIANAS MICKEY TAM 19;14,96;22,99;Ativo
2415;7893249719948;MINI HAVAIANAS MICKEY TAM 19;18,96;22,99;Ativo
2412;7893249054957;MINI HAVAIANAS MICKEY TAM 20;14,96;22,99;Ativo
2416;7893249719955;MINI HAVAIANAS MICKEY TAM 20;18,96;27,99;Ativo
2417;7893249719962;MINI HAVAIANAS MICKEY TAM 21;18,96;27,99;Ativo
2413;7893249054964;MINI HAVAIANAS MICKEY TAM 21;14,96;22,99;Ativo
2418;7893249720012;MINI HAVAIANAS PATO TAM 19;18,96;27,99;Ativo
2419;7893249720029;MINI HAVAIANAS PATO TAM 20;18,96;27,99;Ativo
2414;7893249055046;MINI HAVAIANAS REI LEÃO TAM 22;14,96;22,99;Ativo
8709;7893000674073;MINI LASANHA SADIA 4 QUEIJOS 350G;9,29;12,99;Ativo
8710;7893000674233;MINI LASANHA SADIA BOLONHESA 350G;9,29;12,99;Ativo
12348;71603625006;MINI LIXAS PARA UNHAS TRIM;6,42;7,99;Ativo
4732;7896451917454;MINI MINTY MORAN+LARAN 14G;1,05;1,99;Ativo
4734;78916968;MINI MINTY MORANGO 14G;1,05;1,99;Ativo
4733;7896451914187;MINI MINTY UNICORNIO 14G;1,05;1,99;Ativo
8692;7891203070203;MINI PANETTONE CHOCOLATE 80G;4,61;6,99;Ativo
9900;7891203061461;MINI PANETTONE PANCO FRUTAS 80G;4,61;6,99;Ativo
5749;7898971273102;MINI PAO AUSTRALIANO ALIANCA 180G;2,80;3,99;Ativo
5751;7898971273096;MINI PAO BRIOCHE ALIANCA 180G;2,80;3,99;Ativo
286;4829;MINI SONHO UN;1,24;1,99;Ativo
10120;7891203061263;MiniBoloRedVelvet 35;1,65;2,49;Ativo
12431;7896066307497;MINIBROWNIE CHOC MEIO AMARGO 30G;2,18;3,19;Ativo
2084;7896205789207;MIOJO ADRIA LÁMEN GAL. 74.3G;0,85;1,19;Ativo
2145;7891079001028;MIOJO NISSIM TOMATE 80G;2,31;2,99;Ativo
10022;7891079014295;MIOJO NISSIN CARNE PICANTE  80G;2,22;2,99;Ativo
9905;7891079000212;MIOJO NISSIN GALINHA 80G;2,09;2,99;Ativo
6039;7891079011799;MIOJO YAKISSOBA TRAD. NISSIN 80G;2,15;2,99;Ativo
530;9017;MIOLO BOV PALETA KG;24,99;39,99;Ativo
529;9016;MIOLO DO ACEM BOV KG;23,50;39,99;Ativo
8176;7896327501213;MIST APTI BOLINHO DE CHUVA 300G;3,29;4,99;Ativo
9748;7896327516644;MIST APTI S/CHOC E AVELA 380G;2,97;4,49;Ativo
9749;7896327516620;MIST APTI S/CHOC E COCO 380G;3,01;4,49;Ativo
9750;7896327516637;MIST APTI S/CHOC E MORANGO 380G;2,97;4,49;Ativo
10523;7896327510956;MIST BOLO APTI 400G(FLORESTA NEGRA);2,89;4,49;Ativo
8859;7891048070215;MIST BOLO CANECA CHOC 70G;2,99;4,49;Ativo
8757;7891048061718;MIST BOLO DR.OETKER S/LARANJA 400G;4,95;6,99;Ativo
10895;7898331012549;MIST BOLO FLEISCHMANN MILHO 390G;5,51;7,99;Ativo
1831;7898234850125;MIST BOLO NITA CHOC.;3,39;4,59;Ativo
1832;7898080641595;MIST BOLO NITA FESTA;2,99;4,49;Ativo
7550;7898234850132;MIST BOLO NITA LARANJA 450G;3,69;5,49;Ativo
1833;7898234850170;MIST BOLO NITA LIMÃO;3,69;4,99;Ativo
8523;7896005216927;MIST DONA BENTA CHOC/AVELA 450G;6,10;8,99;Ativo
2499;7898080641786;MIST P/ BOLO ITALAC FUBÁ 400G;3,49;4,99;Ativo
7386;7896005220139;MIST P/BOLO DONA BENTA MOUSSE CHOC 400G;5,29;7,49;Ativo
7504;7898331012525;MIST P/BOLO FLEISCHMANN AIPIM 390G;5,00;7,49;Ativo
7505;7898331012563;MIST P/BOLO FLEISCHMANN LARANJA 390G;4,61;6,79;Ativo
8773;7898936388711;MIST P/CALOPSITA CANTO NATIVO 500G;5,26;7,99;Ativo
802;7896327511335;MIST. APTI BAUNILHA 400G;2,89;4,49;Ativo
804;7896327511984;MIST. APTI CHOCOLATE 400G;2,99;4,49;Ativo
805;7896327511328;MIST. APTI COCO 400G;2,99;4,49;Ativo
803;7896327511342;MIST. APTI LARANJA 400G;2,99;4,49;Ativo
1841;7896005272107;MIST. BOLO DONA BENTA BAUN 450;4,98;7,49;Ativo
1837;7896005217023;MIST. BOLO DONA BENTA CHOC 450;6,10;8,99;Ativo
796;7896005280911;MIST. D. BENTA CENOURA 450G;4,90;7,49;Ativo
797;7896005279182;MIST. D. BENTA FUBÁ 450G;4,98;7,49;Ativo
799;7896005272022;MIST. D. BENTA LARANJA 450G;4,88;7,49;Ativo
798;7896005272121;MIST. D. BENTA MILHO 450G;4,88;7,49;Ativo
1347;7896327511991;MIST. DE BOLO APTI MILHO 400G;2,05;3,49;Ativo
3335;7896222718846;PRESERVATIVO OLLA SENSITIVE L8 P6;11,47;16,99;Ativo
7596;7896222717207;PRESERVATIVO OLLA UVA 3UN;4,88;6,49;Ativo
3536;7898936965042;PRESERVATIVO SEX FREE BASIC C/3UNI;2,60;4,49;Ativo
3528;7898936965370;PRESERVATIVO SEX FREE CHOC C/3UNI;2,80;4,99;Ativo
3527;7898936965257;PRESERVATIVO SEX FREE MENTA C/3UNI;2,60;4,49;Ativo
3529;7898936965226;PRESERVATIVO SEX FREE MORANGO C/3UNI;2,80;4,99;Ativo
8417;70330713406;PREST BIC WOMEN BIC;1,58;2,99;Ativo
8274;7500435245821;PREST GILLETTE CARBONO 2UN;14,76;20,99;Ativo
8451;7500435190510;PREST GILLETTE DERMA PROTECAO;5,59;7,99;Ativo
8275;7500435253666;PREST GILLETTE SUAVE;3,36;5,49;Ativo
10051;7500435251945;Prest Venus Suave 1un;4,56;6,49;Ativo
5178;70330729872;PREST. BIC ACQUA 3. 2UN;1,75;2,75;Ativo
5592;70330717534;PREST. BIC COMFORT 3;3,24;4,99;Ativo
613;7500435160285;PREST. GILLETTE ULTRAG ROSA UN;1,98;3,99;Ativo
1905;7500435186698;PREST. GILLETTE ULTRAGRIP UNID;2,04;3,99;Ativo
70;1361;PREST. GILLETTE ULTRAGRIP UNID;2,00;2,69;Ativo
2606;7500435154390;PREST. GILLETTE ULTRAGRIP UNID VERDE;2,04;3,99;Ativo
6571;7500435151474;PREST. PROBAK CADA UN;1,47;2,25;Ativo
3243;7891051028791;PREST. PROBAK II 2;3,39;2,99;Ativo
1904;7500435161107;PREST.GILLETTE MACH3 C/3 +1;17,89;23,99;Ativo
4692;7702018072439;PREST.VENUS SIMPLY3;5,35;7,99;Ativo
3246;70330703629;PRESTOBARBA BIC SENSITIVE;0,97;1,49;Ativo
10889;70330731813;PRESTOBARBA BIC SOLEIL 1 UN;4,40;6,49;Ativo
2071;7500435187350;PRESTOBARBA GILETTE CHAMPIONS;4,41;5,49;Ativo
660;7501009222729;PRESTOBARBA GILLETTE UTRAGRIP;0,00;3,49;Ativo
9057;7891164007164;PRESUNTO AURORA 180G;6,63;9,49;Ativo
10048;9800;PRESUNTO COZIDO  AURORA kg;15,14;34,99;Ativo
9852;7891164007232;PRESUNTO DEFUMADO AURORA 180G;10,56;14,99;Ativo
596;7896275940744;PRESUNTO ESTRELA KG;20,40;29,99;Ativo
7;7894904006304;PRESUNTO SADIA KG;22,90;34,99;Ativo
8315;7896004010076;PRINGLES ORIGINAL 35G;3,82;5,99;Ativo
10928;7896004010625;PRINGLES PIZZA MARGUERITA 105G;6,99;13,99;Ativo
4675;7891242062443;PROTECAO P/PISO INGLEXA VERMELHA 750ML;6,99;9,99;Ativo
10972;7898275011653;PROTETIVO RADIADOR CONCENTRADO ORGANICO 1L ROSA;8,90;12,99;Ativo
8891;7896108560330;PROTETOR CENOURA&BRONZE 50 200ML;29,69;42,00;Ativo
1306;7898930467825;PROTETOR DE RALO 190X190;0,00;5,50;Ativo
1348;7898930467818;PROTETOR DE RALO REDONDO 210MM;0,00;5,50;Ativo
4676;7898908237931;PROTETOR DE SEIO SILICONE;10,50;16,49;Ativo
8273;7896007541959;PROTETOR DIARIO INTIMUS 15UN;3,82;5,49;Ativo
7035;7896064442190;PROTETOR DIARIO NATURALMENTE C/20;3,01;4,49;Ativo
9705;7896637689397;PROTETOR ELETRONICO INTELBRAS 5TOM;36,85;57,99;Ativo
10129;7898628921011;PROTETOR LABIAL ISACARE melancia 3,5G;3,08;5,99;Ativo
8101;7896108560309;PROTETOR SOLAR CENOURA&BRONZE 50 110ML;26,21;36,99;Ativo
6076;7891010008147;PROTETOR SOLAR SUNDOWN 120ML;17,52;24,99;Ativo
6075;7891010020279;PROTETOR SOLAR SUNDOWN 200ML;35,08;49,99;Ativo
3116;7891048045114;PUDIM DR OETKER BAUNILHA 50G;2,60;3,99;Ativo
8006;7896051165927;PUDIM ITAMBE 200G;4,50;6,49;Ativo
4524;606529347475;PUDIM REBEKA 120G;2,68;4,49;Ativo
11011;606529347468;PUDIM REBEKA 120G;3,00;4,49;Ativo
3734;7896321150820;PURO ALHO 200G;2,35;5,49;Ativo
8919;7898436148587;PURO AR DOM LINE;8,18;11,99;Ativo
6199;7898944639249;PURURUCA BACON FRITOP 60G;1,79;2,69;Ativo
4678;7898540920116;PURURUCA CELOCA E SAL 60G;1,79;2,49;Ativo
4677;7898540920048;PURURUCA COSTELINHA COM LIMAO 60G;2,00;2,99;Ativo
7736;7898692510098;PURURUCA DO FAROL 49G;1,25;1,75;Ativo
8797;7897546005209;PURURUCA FRITMAX 18G;1,17;1,79;Ativo
10917;630941151006;PURURUCA IMPERIO 50G;1,20;1,99;Ativo
8784;7897546000983;PURURUCA SALCIQUE 25G;2,15;2,99;Ativo
5135;5011053003325;PUSH POP  15G;2,95;4,49;Ativo
3421;7798040462157;PUSH POP DUO 15G;2,92;4,49;Ativo
4892;7798040461617;PUSH POP MINIONS 15G;0,00;3,99;Ativo
237;2920;QJO COALHO TIROLEZ KG;40,39;69,99;Ativo
236;2919;QJO FRESCAL TIROLEZ KG;25,00;39,99;Ativo
245;3259;QJO MINAS MEIA CURA KG;31,00;44,99;Ativo
3297;7896030520815;QJO RALADO  MIMMO 40G;2,20;1,99;Ativo
2935;7898080642660;QJO RALADO ITALAC 50G;2,99;4,49;Ativo
1997;7896066801148;QJO RALADO TEIXEIRA 40G;3,40;5,49;Ativo
2196;7891515537531;QUALY CREMOSA C/SAL 250G;4,35;6,29;Ativo
10867;7899767264571;QUATRO ESTAÇÔES 12 UN;0,00;3,99;Ativo
6425;602883757004;QUEBRA QUEIXO CAIPIRA E CIA 40G;1,05;1,49;Ativo
5759;7893590812916;QUEBRA QUEIXO CAIPIRA E CIA 80G;0,60;3,49;Ativo
6650;7899767312937;QUEBRA QUEIXO FERREIRA 50G;1,20;1,99;Ativo
10409;631430283321;QUEBRA QUEIXO PRIMO 55G;1,45;2,49;Ativo
10410;631430283321;QUEBRA QUEIXO PRIMO 55G;1,45;2,19;Ativo
9088;7896114100933;QUEIJO CHEDDAR FAT.140G;9,29;13,49;Ativo
481;7638;QUEIJO COALHO IPANEMA KG;51,36;69,99;Ativo
10507;7898598750505;QUEIJO COALHO QUATA ESPETO 300G;15,90;24,99;Ativo
282;4483;QUEIJO COALHO TIROLEZ KG;49,78;64,99;Ativo
10858;7896114144708;QUEIJO DE COALHO IPANEMA 300g;17,03;26,99;Ativo
10955;10003;QUEIJO DE MINAS KG;33,00;49,99;Ativo
3904;7896030509018;QUEIJO MINAS FRESCAL TIROLEZ;12,99;19,99;Ativo
10156;7896114100889;QUEIJO MINAS PADRAO IPANEMA 120G;6,89;9,99;Ativo
10521;7896114100186;QUEIJO MINAS PADRAO IPANEMA KG;49,78;79,99;Ativo
8883;7891164027117;QUEIJO MUSSARELA AURORA PCT 150G;7,20;10,49;Ativo
4177;7896629680296;QUEIJO MUSSARELA FATIADA CAN.MINAS 150G;6,35;8,99;Ativo
10046;7891164027070;QUEIJO MUSSARELA FATIADO - AURORA - 150G;6,41;9,99;Ativo
9377;7896114101619;QUEIJO MUSSARELA FATIADO IPANEMA 150G;5,97;9,49;Ativo
8183;7891097105739;QUEIJO MUSSARELA GALBANI 150G;6,36;9,49;Ativo
10520;7896114102333;QUEIJO MUSSARELA IPANEMA PECA 375G;17,30;25,99;Ativo
12135;7891164029142;QUEIJo MUSSARELA Z/LACTOSE 150G;8,18;11,99;Ativo
4565;7896034680126;QUEIJO PARM.RAL PRESIDENT 50G;4,19;5,99;Ativo
1996;7896114100049;QUEIJO PARME.RAL IPANEMA 50G;3,02;4,49;Ativo
8185;7891097105869;QUEIJO PARMESAO RALADO GALBANI 50G;3,37;4,79;Ativo
6668;7896114101817;QUEIJO PARMESAO RALADO IPANEMA 40G;3,04;4,79;Ativo
980;7898071650872;QUEIJO PERMESÃO RALADO 50G;1,99;2,99;Ativo
5137;7891143017788;QUEIJO POLENGUINHPO 17G;1,23;1,89;Ativo
4;7896114100025;QUEIJO PRATO AURORA;37,44;59,99;Ativo
8922;7891164027087;QUEIJO PRATO AURORA 150G;6,41;10,49;Ativo
9729;7896114101626;QUEIJO PRATO FATIADO IPANEMA 150G;6,32;10,49;Ativo
218;2703;QUEIJO PRATO KG;38,90;54,99;Ativo
9829;7898258812352;QUEIJO PROC CHEDDAR MADERO 144G;9,99;14,49;Ativo
8845;7898217001872;QUEIJO PROC SUPREMO 400G;9,00;12,99;Ativo
10451;7891164029173;QUEIJO RALADO AURORA  40G;3,02;4,49;Ativo
2484;7898064270742;QUEIJO RALADO CHEF 40G;3,40;4,99;Ativo
5252;7896114101916;QUEIJO RALADO IPANEMA 40G;3,24;4,99;Ativo
4183;7896114101381;QUEIJO RALADO IPANEMA 40G;2,93;4,29;Ativo
1596;7896114101053;QUEIJO RALADO IPANEMA 50G;1,89;2,89;Ativo
1058;7896066810287;QUEIJO RALADO MESTRE CUCA 40G;1,88;2,99;Ativo
6991;7891030300139;QUEIJO RALADO MOCOCA 40G;3,00;4,19;Ativo
1977;7891999972057;QUEIJO RALADO VIGOR 50G;4,29;5,99;Ativo
2574;7896097617138;QUER.PERF BUFALO LAVANDA 500ML;6,89;8,99;Ativo
5040;7896097617145;QUEROSENE PERF BUFALO JASMIN 500ML;6,89;9,99;Ativo
2826;7896097604039;QUEROSENE TRAD.BUFALO 500ML;8,35;11,99;Ativo
585;9198;QUIABO BDJ;5,50;7,99;Ativo
114;1759;QUIABO KG;14,00;20,99;Ativo
1506;7897457620287;QUIRELA DE MILHO BAMBU 500G;2,20;3,49;Ativo
6674;7896067001752;QUIRELA DE MILHO CORDEIRO 500G;2,96;4,49;Ativo
543;9042;RABO BOVINO KG;27,49;39,99;Ativo
562;9100;RABO SUINO SALGADO KG;15,90;24,99;Ativo
590;9468;RAÇÃO BONZO ADULTO KG;4,99;7,99;Ativo
10789;7896029074626;RACAO CHAMP AD CARNE CEREAL KG;9,98;14,99;Ativo
12285;7898363311146;RACAO DOMUS CARNE 1KG;7,99;15,99;Ativo
314;5660;RACAO GATAN MIX GATOS ADULTOS;7,36;10,99;Ativo
6715;7899306041700;RAÇÃO GATOS BAWWAW CARNE E ARROZ 900G;16,44;23,49;Ativo
7871;7898068960380;PA PLASTICA CABO LONGO;3,99;5,99;Ativo
258;3653;PÁ PLASTICA CABO LONGO QUADRADA;7,99;11,49;Ativo
4469;7898068960441;PÁ PLÁSTICA QUADRADA;3,29;4,99;Ativo
5562;7896002110426;PACK 51 ICE S.LIMAO C/6 275ML;26,52;36,99;Ativo
5563;7896002111904;PACK 51 ICE S.MACA VERDE C/6 275ML;0,00;36,99;Ativo
6483;7891149010349;PACK BRAHMA CHOPP LN C/6 UN DE 355ML;21,96;31,99;Ativo
6485;7891991298438;PACK BUDWEISER ZERO LN C/6 UN DE 330ML;23,76;33,49;Ativo
7189;9002490203306;PACK C/4 RED BULL 250ML CADA;26,36;34,99;Ativo
4347;7891149108725;PACK CORONA LN C/6 UN DE 330ML;30,78;44,99;Ativo
4870;7896102587074;PACK HEINZ KETCHUP/MAIONESE;19,65;28,99;Ativo
6484;7891991297486;PACK SPATEN  LN C/6 UN DE 355ML;25,08;34,99;Ativo
7054;7891118026036;PACOCA AMOR SINGS 18G;0,64;0,99;Ativo
10258;619205818893;PAÇOCA CASEIRA DOCES LEO 90G;1,57;2,25;Ativo
8472;619205818893;PACOCA CASEIRA LEO 90G;0,00;2,49;Ativo
6928;7898962588185;PAÇOCA CASEIRA MACEDO 90G;1,03;1,99;Ativo
6166;7890864213578;PAÇOCA DOCES MACEDO 85G;1,37;1,99;Ativo
6929;7898962588192;PAÇOCA LISA MACEDO 90G;1,03;1,99;Ativo
12108;7898364280861;PACOCA ROLHA CLAMEL 18G;0,30;0,50;Ativo
7923;7898575919895;PACOCA ROLHA MACEDO 200G;3,45;4,99;Ativo
10289;7898940380084;PAÇOCAO CASEIRO AMENDE 80G;1,74;2,49;Ativo
6837;7893590812909;PAÇOCÃO CASEIRO CAIPIRA E CIA 80G;2,11;2,99;Ativo
284;4807;PAÇOCAQUITA HALLOWEEN 15G;0,94;1,49;Ativo
9445;7896775102680;PACOKINHA ROLHA GUIMARAES 13G;0,20;0,50;Ativo
2981;7896181711971;PAÇOQUINHA DACOLONA UNIDADE;0,25;0,40;Ativo
4832;7898530842411;PAÇOQUINHA DADINHO 15G;0,25;0,50;Ativo
678;7896336006624;PAÇOQUITA 20G;0,35;0,50;Ativo
4872;7896336009557;PAÇOQUITA C/ CHOCOLATE 18G;0,92;1,49;Ativo
485;8087;PAÇOQUITA HALLOWEEN UN;1,13;1,49;Ativo
4871;7896336014315;PAÇOQUITA PAMONHA 15G;0,79;1,25;Ativo
107;1705;PAÇOQUITA SANTA HELENA ORIGINA;0,20;0,50;Ativo
2077;7896336005917;PAÇOQUITA STA HELENA R 15G;0,29;0,75;Ativo
1390;7896009760099;PACOTE DE PILHA RAYOVAC AA C/4;3,01;5,49;Ativo
3768;7896594008026;PALACIO DA COCADA 50G;1,33;2,25;Ativo
527;9014;PALETA BOV C/OSSO KG;19,50;27,99;Ativo
533;7908877013914;PALETA BOVINO KG;28,51;39,99;Ativo
10853;2037541419501;PALETA DELICCI KINDER OVO 120G;8,50;10,00;Ativo
3741;745110275138;PALETA LOS BRUNITAS 120G AÇAI C L COND.;6,00;9,50;Ativo
550;9052;PALETA SUINO KG;14,00;14,99;Ativo
2842;7891022849264;PALHA DE AÇO BOM BRIL MEDIA 25G;0,96;1,49;Ativo
3913;7891022849240;PALHA DE AÇO BOMBRIL FINA 25G;0,65;1,49;Ativo
9350;7898047045206;PALITINHO ALDA REINA 400G;6,50;9,49;Ativo
7156;7898931327265;PALITO DE CHIPA TRAD SABOR PAULISTA 1KG;19,00;26,99;Ativo
10888;7896384512542;PALITO DE DENTE GABOARDI 100UNID;0,41;0,99;Ativo
4789;2789638451825;PALITO DE DENTE GABOARDI 80UN;0,40;0,99;Ativo
6444;7896051090168;PALITO DE DENTE GINA C/200UN;1,59;2,49;Ativo
1134;7896066918013;PALITO DE MADEIRA REAL C/100UN;0,00;0,99;Ativo
5603;7891334140530;PALITO ESPETO THEOTO 50UN;4,72;6,75;Ativo
12356;7896080901770;PALITOS DENTE PARANÁ BAMBU C/240;2,78;4,49;Ativo
3702;7896051020127;PALITOS GINA C/100;0,69;1,49;Ativo
2295;7896079841131;PALITOS MONTEVERGINE 60G;2,52;3,59;Ativo
2843;7896080900001;PALITOS PARANÁ C/100;0,46;0,99;Ativo
3855;7896080901442;PALITOS PARANÁ C/100;0,71;0,99;Ativo
6771;7892840818500;PALITOS SALGADOS STIKSY 48G;1,81;2,99;Ativo
9017;7891334150010;PALITOS THEOTO 100UN;0,49;0,99;Ativo
10755;7896007862337;PALMITO DE ACAI KENKO 530G;20,46;29,99;Ativo
10756;7896007862399;PALMITO DE ACAI PICADO KENKO 300G;13,14;18,99;Ativo
9849;7896348207903;PALMITO JUREIA EM RODELAS 300G;11,69;17,99;Ativo
4423;7898016920060;PALMITO PICADO IMPERADOR280G;10,20;15,49;Ativo
7616;7896348210576;PALMITO PICADO JUREIA 300G;14,50;19,99;Ativo
9926;7896348205664;PALMITO PUPUNHA JUREIA 300G;14,83;20,99;Ativo
557;9059;PANCETA SUINO KG;14,00;21,99;Ativo
9739;7897157059042;PANELA AURORA ALUMINIO N18;15,80;24,99;Ativo
8812;7896075028239;PANELA DE PRESSAO CLOCK 4.5L;98,90;139,99;Ativo
9632;7897157058816;PANELA MILANI N24;15,49;28,99;Ativo
4550;7898147771029;PANELA PRESSAO PANELUX 4.5L;43,32;64,99;Ativo
1686;7891962000022;PANETONE BAUDUCCO 500G;13,50;9,99;Ativo
9612;736532582287;PANETONE CHOCOLATE LABAREDA 400G;7,00;9,99;Ativo
2949;7891203063533;PANETONE COM GOTAS DE CHOCOLATE PANCO 400G;10,99;19,99;Ativo
9611;736532582294;PANETONE DE FRUTA LABAREDA;7,00;9,99;Ativo
246;3299;PANETONE FABRICAÇÃO PROPRIA 400G;5,50;8,00;Ativo
8374;7898043740280;PANETONE FRUTAS CRISTALIZADAS 400G;6,99;9,99;Ativo
10497;7898952391603;PANETONE FRUTAS CRISTALIZADAS MMFOODS 400G;8,76;13,99;Ativo
3482;7898960982008;PANETONE FRUTAS DA TERRINHA 400G;9,00;4,99;Ativo
2950;7891203063526;PANETONE FRUTAS PANCO 400G;10,99;19,99;Ativo
3483;7898960982695;PANETONE GOTAS CHOC. DA TERRINHA 400G;9,00;12,99;Ativo
8373;7898043741508;PANETONE GOTAS DE CHOCOLATE 400G;6,99;9,99;Ativo
8725;7896524101001;PANETONE GOTAS VENEZA 400G;7,72;9,99;Ativo
7617;7898943316585;PANETONE ROMANATO 400G;5,29;7,49;Ativo
3517;7891203059918;PANETONE TRUFADO PANCO 400G;18,77;26,99;Ativo
8703;7891203068064;PANETTONE BANOFFE PANCO 550G;20,15;24,99;Ativo
10730;7891962067919;PANETTONE BAUDUCCO 908G;35,99;45,99;Ativo
6920;7891962027395;PANETTONE CHOCOLATE  BAUDUCCO 400G;12,96;22,99;Ativo
3756;7896050427422;PANETTONE CHOCOLATE VILLAGE 400G;5,40;8,99;Ativo
6921;7891962018553;PANETTONE DE CHOC/TOMMY 400G;6,99;9,99;Ativo
6919;7891962027388;PANETTONE DE FRUTAS BAUDUCCO 400G;17,90;22,99;Ativo
7628;7898943316578;PANETTONE DE FRUTAS ROMANATO 400G;5,29;7,49;Ativo
9295;7896438150270;PANETTONE FESTTONE FRUTAS CRIS 400G;3,92;6,99;Ativo
9230;7896438150447;PANETTONE FESTTONE GOTAS CHOCOLATE 400G;3,95;6,99;Ativo
6922;7897173098599;PANETTONE FRUTAS CASA SUISA 400G;15,00;9,99;Ativo
6923;7891193006435;PANETTONE FRUTAS SEVEN BOYS 400G;7,99;11,99;Ativo
3757;7896050421048;PANETTONE FRUTAS VILLAGE 400G;4,99;8,99;Ativo
10498;7898952391610;PANETTONE GOTAS CHOCOLATE MMFOODS 400GR;8,76;13,99;Ativo
1982;7898943317179;PANETTONE ITÁLIA MIA 400G;5,99;7,99;Ativo
10587;7891203061454;PANETTONE PANCO BROWNIE 550G;21,16;29,99;Ativo
10586;7891203061430;PANETTONE PANCO CHOCOLATE 750G;20,30;24,99;Ativo
10585;7891203061423;PANETTONE PANCO FRUTAS 750G;15,99;29,99;Ativo
8525;7898633330853;PANETTONE ROMANATO GOTAS CHOC 300G;6,99;9,99;Ativo
8688;7891193006442;PANETTONE SEVEN BOYS CHOCOLATE 400G;9,00;10,99;Ativo
5487;7891962027418;PANETTONE VISCONTI GOTAS DE CHOCOLATE 400G;9,00;9,99;Ativo
5486;7891962027401;PANETTONE VISCONTI TRAD. 400G;14,90;20,99;Ativo
4970;7898942318221;PANO BRANCO 65CM X 43CM;2,79;3,99;Ativo
4232;7898907778275;PANO DE CHAO BRANCO;2,89;4,49;Ativo
10212;7893095531718;PANO DE CHAO QUADRICULADO;2,89;4,49;Ativo
4969;7898942318351;PANO DE CHAO XADREZ;2,75;4,49;Ativo
10211;7893095531336;PANO DE CHAO XADREZ;2,89;4,49;Ativo
4009;7898907778503;PANO DE LIMPEZA 40X40 CM;4,39;6,49;Ativo
3846;7898907777278;PANO DE PRATO COM ESTAMPA;2,79;4,49;Ativo
4231;7898140273254;PANO DE PRATO UN;2,79;3,99;Ativo
9897;7897750786352;PANO LIMPEZA LEVE 2UNI;1,30;2,49;Ativo
12219;7898907779586;PANO MICROF CCA 40X47 CHAO;3,90;5,99;Ativo
5419;7892209012389;PANO MICROFIBRA 28X48;2,99;4,49;Ativo
7223;619205996485;PANO MICROFIBRA BRUSCK 3/UN;8,29;11,99;Ativo
12220;7898330000189;PANO MICROFIBRA PEQ C/3;8,29;14,99;Ativo
1023;7897750781975;PANO MULTIÚSO C/2 UN BRILHEX;0,00;3,99;Ativo
5417;7897753674540;PANO MULTIUSO FLASH LIMP C/2UN;3,99;5,99;Ativo
4441;7898948470206;PANO MULTIUSO MR PLUS C/5;2,55;3,99;Ativo
4579;7897750773628;PANO PARA PIA 20CMX25CM;1,30;2,49;Ativo
10243;7891172523328;PANO SCOTT DURAMAX 58UN;9,80;17,99;Ativo
6061;789698539008;PANOS MICROFIBRA LUXCAR C/4UN;11,50;20,99;Ativo
1548;7891203059390;PANQ. CHOCOBOY BAUN. PANCO 70G;3,08;4,49;Ativo
7231;7891203069863;PANQUINHO GALAXIA 35G;2,61;3,49;Ativo
11031;7896066310862;PAO  HOT DOG WICKBOLD 200G;7,26;10,49;Ativo
5990;7891203063335;PAO 100% INTEGRAL PANCO 380G;8,80;12,49;Ativo
5952;7897972007365;PAO 12 GRAOS INTEGRAL KIM 350G;8,10;10,99;Ativo
12125;7896066301693;PAO 5 ZEROS WICKBOLD AVEIA/LINHACA 400G;7,32;10,49;Ativo
12124;7896066301143;PAO 5 ZEROS WICKBOLD FIBRAS 400G;7,32;10,49;Ativo
7563;7896002310239;PAO ABOBORA/LINHACA NUTRELLA 350G;10,27;13,99;Ativo
5797;7896002302197;PAO ARTESANAL ORIGINAL PULLMAN 500G;11,65;15,99;Ativo
11009;7896066301419;PAO ARTESANAL WICKBOLD ORIGINAL 450G;10,00;13,99;Ativo
8351;7891203068972;PAO ARTESANALE ALECRIM PANCO 350G;6,75;9,49;Ativo
10005;7891203061324;PAO ARTESANALE CACAU E MEL PANCO 350G;6,29;8,99;Ativo
9855;7891203061287;PAO ARTESANALE COCO PANCO 350G;6,75;9,49;Ativo
8350;7891203068965;PAO ARTESANALE INTEGRAL PANCO 350G;6,29;8,99;Ativo
8349;7891203068958;PAO ARTESANALE ORIGINAL PANCO 350G;6,29;8,99;Ativo
5804;7896002303460;PAO ARTESANO INTEGRAL PULLMAN 500G;11,95;16,99;Ativo
5798;7896002310345;PAO ARTESANO NA CHAPA PULLMAN 500G;11,95;16,99;Ativo
7562;7896002311274;PAO AVEIA+SEMENTES NUTRELLA 350G;10,28;13,99;Ativo
2889;7891962063874;PÃO BISNAGUINHA BAUDUCCO 250G;5,78;7,99;Ativo
12456;7898067340695;PAO BOLINHA DOCE SANTA MASSA 300G;8,90;12,99;Ativo
2453;7891203068026;PÃO BRIOCHE INT.PANCO;5,19;6,49;Ativo
2448;7891203068033;PÃO BRIOCHE PANCO CHO. 250G;5,19;6,99;Ativo
153;1989;PÃO BRIOCHE PANCO INTEGRA 250G;4,54;6,49;Ativo
2450;7891203068019;PÃO BRIOCHE PANCO TRAD. 250G;4,54;6,49;Ativo
9184;7891962077321;PÃO BRIOCHINE BAUDUCCO 200G;7,50;6,99;Ativo
1550;7891203010308;PÃO C/ COCO PANCO 350G;9,59;13,49;Ativo
6791;7896066301297;PÃO CAST.QUINOA WICK BOLD 400G;10,44;14,99;Ativo
5795;7896002310253;PAO CASTANHA DO PARA E QUINOA 350G;10,27;14,49;Ativo
9326;7891203061300;PAO CASTANHA PARA/QUINOA PANCO 350G;8,46;10,99;Ativo
161;2049;PÃO DA VOVO CADA;0,42;0,60;Ativo
129;1881;PÃO DA VOVO UNIDADE;0,60;0,50;Ativo
3462;7891164026769;PÃO DE ALHO AURORA 340G;6,63;9,99;Ativo
10752;7898337980248;PAO DE ALHO BAGUETE TRADICIONAL 300G;10,00;15,99;Ativo
3186;7896216101067;PÃO DE ALHO MEZZANI CALAB.310 G;4,99;7,99;Ativo
3185;7896216100909;PÃO DE ALHO MEZZANI TRAD.310 G;8,45;11,99;Ativo
8994;7898337980620;PAO DE ALHO ONE 300G;7,00;9,99;Ativo
7390;7898067340404;PAO DE ALHO SANTA MASSA 400G;11,80;16,99;Ativo
9995;7898067340503;PAO DE ALHO SANTA MASSA PICANTE 400G;11,90;16,99;Ativo
4181;7898965967437;PÃO DE ALHO TRAD PROD.TERRA 330G;5,20;7,99;Ativo
10751;7898337980064;PAO DE ALHO ZINHO TRADICIONAL 300G;10,00;15,99;Ativo
142;1956;PÃO DE BATATA  UNIDADE;10,86;17,99;Ativo
6408;736532582188;PÃO DE BATATA LABAREDA 400G;5,50;7,99;Ativo
141;1955;PÃO DE BATATA RECHEADO REDONDO;0,45;6,99;Ativo
9622;7898067340688;PAO DE CEBOLA SANTA MASSA S/CEBOLA 400G;13,90;19,99;Ativo
131;1883;PÃO DE COCO C/ CREME UNIDADE;0,50;0,70;Ativo
292;7897077836952;PÃO DE COCO C/CREME;9,99;16,99;Ativo
16;14;PÃO DE COCO KG;8,16;14,99;Ativo
6409;736532582195;PÃO DE COCO LABAREDA 400G;4,50;7,49;Ativo
5791;7896002302142;PAO DE COCO PULLMAN 350G;5,81;9,99;Ativo
191;2480;PÃO DE COCO UNIDADE;0,00;1,00;Ativo
1985;7897972000090;PÃO DE DOG KIM 500G;8,99;12,49;Ativo
1398;7891962057613;PÃO DE F. BAUDUCCO TRAD. 400G;5,20;5,79;Ativo
1071;7891962051338;PÃO DE F. VISCONTI TRAD. 400G;4,02;5,99;Ativo
2276;7896002360326;PÃO DE FORM. PULLMAN TRAD 500G;6,66;9,99;Ativo
4444;7891962057620;PÃO DE FORMA BAUDUCCO INTEGRAL 400G;6,03;8,49;Ativo
1553;7891203063311;PÃO DE FORMA INTEG. PANCO 500G;6,40;9,49;Ativo
8307;7897972001165;PAO DE FORMA INTEGRAL KIM 400G;6,99;9,99;Ativo
7013;7891203069702;PAO DE FORMA INTEGRAL PANCO 500G;7,69;10,49;Ativo
8212;7897972005392;PAO DE FORMA KIM 400G;5,30;7,49;Ativo
3601;7897972000151;PÃO DE FORMA KIM 500G;5,30;6,99;Ativo
3778;7897972008140;PÃO DE FORMA KIM INTEGRAL 500G;6,49;9,49;Ativo
7599;7898933653027;PAO DE FORMA MASTER PAES 500G;5,12;7,49;Ativo
3603;7897972003947;PÃO DE FORMA NOBRE 500G;8,39;11,99;Ativo
4061;7891203050915;PÃO DE FORMA PANCO 350G;5,37;7,99;Ativo
4062;7891203010100;PÃO DE FORMA PANCO LEITE 500G;8,11;11,49;Ativo
8221;7891203063304;PAO DE FORMA PANCO ZERO 500G;8,56;11,49;Ativo
1552;7891203010056;PÃO DE FORMA PREM. PANCO 500G;7,62;10,49;Ativo
5796;7896002301633;PAO DE FORMA SEM CASCA 450G;11,83;14,99;Ativo
5285;7896002311410;PÃO DE FORMA TRADIÇÃO 400G;3,99;5,99;Ativo
5284;7896002311427;PÃO DE FORMA TRADIÇÃO INT.400G;4,99;6,99;Ativo
498;8392;PAO DE FRIOS KG;18,99;49,99;Ativo
8772;7897972001967;PAO DE HAMB BRIOCHE KIM;6,49;9,99;Ativo
9183;7891962069920;PÃO DE HAMB.BAUDUCCO 200G;6,28;9,49;Ativo
1811;7896002304153;PÃO DE HAMBURGER PULLMAN 420G;12,71;17,99;Ativo
306;5308;PÃO DE HAMBURGER RECHEADO un;5,00;7,49;Ativo
5748;7898971273249;PÃO DE HAMBURGUER ALIANÇA 360G;6,00;6,49;Ativo
6530;7898971273072;PAO DE HAMBURGUER ALIANÇA C/GERG. 240G;3,40;4,79;Ativo
5747;7898971273232;PÃO DE HAMBURGUER C/GERG.ALIANÇA 360G;4,50;6,49;Ativo
160;2048;PÃO DE HAMBURGUER KG;8,16;11,99;Ativo
7597;7898933653034;PAO DE HAMBURGUER MASTER PAES 300G;6,19;8,99;Ativo
6529;7898971273164;PAO DE HAMBURGUER TRAD. ALIANÇA 240G;4,50;6,49;Ativo
5746;7898971273195;PÃO DE HOT DOG ALIANÇA 620G;7,15;7,49;Ativo
9231;7891962069913;PAO DE HOT DOG BAUDUCCO 200G;6,04;5,99;Ativo
5786;7899985001187;PAO DE LEITE C/GOTAS CHOC 264G;9,81;12,99;Ativo
5254;7899985000425;PAO DE LEITE PADERRI 280G;8,90;12,99;Ativo
6783;7891193010081;PÃO DE LEITE SEVEN BOYS 450G;7,20;9,99;Ativo
7171;70341291351;PAO DE LINGUIÇA DULU 400G;8,90;13,99;Ativo
665;7891962042725;PÃO DE MEL BAUDUCCO 30G;1,09;1,99;Ativo
8787;7898581652311;PAO DE MEL LA FELTRE 90G;2,96;4,29;Ativo
2549;7891203020260;PÃO DE MEL PANCO 200G;7,44;9,99;Ativo
2933;7891203021304;PÃO DE MEL PANCO 500G;7,03;9,99;Ativo
6023;7898910016012;PAO DE MEL SIAREG 44G;1,94;2,99;Ativo
14;12;PÃO DE MILHO C/ERVA DOCE KG;8,16;12,99;Ativo
6410;736532582157;PÃO DE MILHO LABAREDA 400G;4,50;7,49;Ativo
1551;7891203010209;PÃO DE MILHO PANCO 500G;8,84;12,49;Ativo
5792;7896002301282;PAO DE MILHO PULLMAN 450G;7,03;9,99;Ativo
6784;791193012054;PÃO DE MILHO SEVEN BOYS 500G;6,75;9,49;Ativo
6795;7891193012054;PÃO DE MILHO SEVEN BOYS 500G;8,03;11,49;Ativo
130;1882;PÃO DE MILHO UNIDADE;7,29;0,70;Ativo
9996;7898067340206;PAO DE PEPPERONI SANTA MASSA 240G;8,90;12,99;Ativo
9003;7898208484295;PÃO DE Q.ESTRELA MINEIRA 400G;5,44;7,99;Ativo
1950;7898524180147;PÃO DE Q.ESTRELA MINEIRA 400G;4,39;6,49;Ativo
7155;7898931327258;PAO DE QJ 25G SABOR PAULISTA 1KG;13,50;19,99;Ativo
10640;7898996147310;PAO DE QUEIJO 1 KG;14,00;20,99;Ativo
4331;7891164026509;PÃO DE QUEIJO AURORA 400G;4,46;6,69;Ativo
9985;7897200607763;PAO DE QUEIJO CANCAO 800G;8,70;14,99;Ativo
9;7;PÃO DE QUEIJO KG;16,70;34,99;Ativo
8;6;PAO DE QUEIJO LANCHE KG;6,75;29,99;Ativo
2300;7898952391221;PÃO DE QUEIJO MM.FOODS 2KG;21,99;22,99;Ativo
560;9082;PAO DE QUEIJO PROMOCIONAL KG;20,00;24,99;Ativo
7246;7894904270071;PAO DE QUEIJO SEARA 300G;4,99;4,99;Ativo
10641;7898996147334;PAO DE QUEIJO TANAN 1 KG;14,00;19,99;Ativo
5787;7896216101517;PAO DE QUEIJO TRAD MEZZANI 1KG;14,89;20,99;Ativo
11032;7896066301488;PAO DO FORNO BRIOCHE  WICKBOLD 450G;9,95;13,99;Ativo
228;2755;PAO DOCE RECHEADO CHOC KG;0,00;24,99;Ativo
227;2754;PAO DOCE RECHEADO KG;0,00;24,99;Ativo
2451;7891203010568;PÃO EGG SPONGE PANCO 250G;9,76;13,99;Ativo
1399;7891962057637;PÃO F. BAUDUCCO G. CLASS 400G;5,21;7,79;Ativo
9185;7891962067278;PÃO FERMEN.NATURAL BAUDUCCO 390G;6,39;8,99;Ativo
6787;7891193010302;PÃO FONTE FIBRAS SEVEN BOYS 450G;4,99;7,49;Ativo
6786;7891193010074;PÃO FORMA TRAD. SEVEN BOYS 450G;5,56;8,49;Ativo
231;2903;PÃO FRANCES INTEGRA KG;5,89;8,99;Ativo
13;7898952391443;PÃO FRANCES KG;6,65;11,99;Ativo
6789;7896066301242;PÃO FREEKEH E NOZES WICK BOLD 400G;8,40;11,99;Ativo
5794;7896002300377;PAO FRUTAS GRAOS E CASTANHAS 500G;12,73;17,49;Ativo
6788;7896066336381;PAO GIRASOL E CAST WICKBOLD 400G;10,23;14,99;Ativo
5800;7896002304184;PAO HAMBURGUER PULLMAN BRIOCHE 520G;12,71;17,99;Ativo
4899;7898933653041;PÃO HOT DOG MASTER PÃES 500G;7,38;10,49;Ativo
4312;7897972007532;PÃO INT.CASTANHA QUINOA 400G;8,49;10,99;Ativo
2452;7891203058867;PÃO INTEGRAL 15 GRÃOS 380G;8,80;12,49;Ativo
9187;7891962064055;PÃO INTEGRAL BAUDUCCO 390G;5,97;8,49;Ativo
127;1879;PÃO INTEGRAL FRANCÊS KG;7,99;12,99;Ativo
4292;7891203067920;PÃO INTEGRAL PANCO AVEIA 380G;7,91;10,99;Ativo
4293;7891203067906;PÃO INTEGRAL PANCO CAST BRASILEIRA 380G;7,91;10,99;Ativo
4294;7891203058881;PÃO INTEGRAL PANCO OMEGA 3 380G;7,91;10,99;Ativo
4291;7891203058850;PÃO INTEGRAL PANCO QUINOA 380G;7,91;10,99;Ativo
5793;7896002366267;PAO INTEGRAL PULLMAN 12 GRAOS 450G;11,00;14,99;Ativo
5799;7896002300148;PAO INTEGRAL PULLMAN 480G;7,66;10,99;Ativo
144;1958;PÃO ITALIANO C/ RECHEIO UNID.;0,00;8,00;Ativo
145;1959;PÃO ITALIANO SEM RECHEIO UNID.;0,00;6,00;Ativo
3547;7891203055149;PÃO JUNIOR MANT.350G;6,07;8,49;Ativo
175;2243;PÃO LEITE COM CREME KG;8,00;29,99;Ativo
5979;7897972007686;PAO MACADAMIA E CHIA KIM 400G;7,99;10,99;Ativo
6785;7891193010203;PÃO MANTEIGA SEVEN BOYS 450G;4,20;6,49;Ativo
5978;7897972003954;PAO NOBRE INTEGRAL KIM 500G;8,39;11,99;Ativo
6194;7896002310246;PÃO NUTRELLA QUINOA E HIBISCO 350G;10,27;13,99;Ativo
6723;7896002311625;PÃO P/HAMB ARTESANO AUSTRALIANO 420G;10,26;13,99;Ativo
6724;7896002311601;PÃO P/HAMB ARTESANO ORI 420G;10,83;14,99;Ativo
5953;7896002304177;PAO P/HOT DOG PULLMAN 270G;7,36;9,99;Ativo
6320;7891203069771;PÃO PANCO + BALANCEADO 380G;5,00;12,49;Ativo
6193;7891203069795;PÃO PANCO 15 GRÃOS 380G;8,87;12,49;Ativo
12304;7891203061683;PAO PANCO ARTESANALE MILHO 350G;6,75;9,49;Ativo
6321;7891203069825;PÃO PANCO AUSTRALIANO CACAU/MEL 380G;5,00;7,99;Ativo
6191;7891203068415;PÃO PANCO BAN/AVEIA/CAST/MEL 380G;8,95;12,69;Ativo
6192;7891203069788;PÃO PANCO CAST/BRASILEITAS 380G;8,87;12,49;Ativo
9811;7891203069801;PAO PANCO CASTANHA DO PARA E LINHAÇA 380G;8,87;12,49;Ativo
2493;7891203011053;PÃO PANCO SOVADINHO BAUN 250;6,49;8,99;Ativo
8206;7891203068408;PAO PANCO VIDA MACA QUINOA E CASTANHA 380G;9,08;12,49;Ativo
4867;7897972000236;PÃO PARA HAMB.C/GERGILIN 200G;5,39;7,49;Ativo
3604;7897972000014;PÃO PARA HAMBURGUER KIM 200G;4,89;6,79;Ativo
224;2751;PAO PRE ASSADO KG;0,00;9,99;Ativo
5911;7896002366304;PÃO PULLMAN 12 GRAOS SEM ACUCAR 350G;10,06;13,49;Ativo
5912;7896002311335;PAO PULLMAN ARTESANO AUSTRALIANO 500G;11,81;15,49;Ativo
10361;7896002312578;PAO PULLMAN ARTESANO BRIOCHE 500G;11,94;16,99;Ativo
12430;7896002312677;PAO PULLMAN VITAL  + PROTEINAS  370G;9,33;13,49;Ativo
5830;7896002363792;PÃO RAP 10 ORIG.297G;10,58;14,49;Ativo
3602;7897972006993;PÃO SOVADO KIM 500G;9,49;12,99;Ativo
4898;7898933653010;PÃO SOVADO MASTER PÃES;8,16;11,49;Ativo
1549;7891203010506;PÃO SOVADO PANCO 500G;11,25;15,99;Ativo
6790;7896066301228;PÃO TEFF E AVELA WICK BOLD 400G;8,40;11,99;Ativo
9186;7891962064048;PÃO TRADICIONAL BAUDUCCO 390G;4,59;6,99;Ativo
12372;7891203061294;PAO VIDA MACA CANELA CASTANHA 350;9,09;12,99;Ativo
11007;7896066301136;PAO WICKBOLD 5 ZEROS 350G;6,12;8,99;Ativo
11008;7896066343242;PAO WICKBOLD CASTANHA E QUINOA 450G;12,03;16,99;Ativo
11033;7896066301457;PAO WICKBOLD DO FORNO INTEGRAL 500G;11,26;14,99;Ativo
12169;7896066317595;PAO WICKBOLD FORMA TRAD 450G;7,20;9,99;Ativo
12170;7896066303680;PAO WICKBOLD INT GRAO S/CHIA E MACADAMIA 350G;10,44;14,99;Ativo
11094;7896066301778;PAO WICKBOLD INTEGRAL 450G;8,26;11,99;Ativo
11006;7896066304571;PAO WICKBOLD INTEGRAL MACA/PASSAS 450G;11,05;15,99;Ativo
232;2904;PÃP FRANCES INTEGRAL KG;0,00;12,99;Ativo
2435;7896061915109;PAP.HIG.SUBLIME C/4 30M;2,99;4,99;Ativo
1394;7891172421174;PAPAL HIG. NEVE FD C/4 ROLOS;6,60;8,99;Ativo
3875;7898958607029;PAPEL ALUMÍIO CLEAN 30CM;2,99;4,49;Ativo
4824;7898958607036;PAPEL ALUMÍIO LIFE CLEAN 30CM 4M;2,09;3,49;Ativo
7080;7898921466288;PAPEL ALUMINIO BOMPACK 30CMX4M;1,82;2,99;Ativo
8644;7898608572721;PAPEL ALUMINIO BRICOFLEX 4M;2,69;3,99;Ativo
9136;7898958607050;PAPEL ALUMINIO LIFE CLEAN 45CMX7.5;4,20;5,99;Ativo
10571;78942127;PAPEL CIGARRO TREVO UN;1,00;1,99;Ativo
10322;7898933283248;PAPEL FILME DE PVC WYDA 30M;5,40;7,99;Ativo
7634;7896300500240;PAPEL FILME P/CHURRASCO PRATSY;12,99;18,49;Ativo
2882;7896126300086;PAPEL GUARDANAPO BELLEOUE C/50;0,85;1,49;Ativo
7758;7899853804292;PAPEL HIG ADORABLE FD C/12 ROLOS;10,03;14,99;Ativo
8334;7898325580375;PAPEL HIG ALVE FLOR C/8 ROLOS;6,00;7,49;Ativo
7630;7898325580368;PAPEL HIG ALVEFLOR C/4R;2,49;3,79;Ativo
9851;7896089401271;PAPEL HIG BOB PREMIUM 4 ROLOS;4,59;6,99;Ativo
9861;7896089405774;PAPEL HIG BOB PREMIUM SOFT 12 ROLOS;8,79;12,49;Ativo
9661;7898644830328;PAPEL HIG CAMELIA F/D 12UN;9,99;14,99;Ativo
6872;7898325581341;PAPEL HIG DELICATE ESPCIAL C/4 ROLOS;3,29;4,69;Ativo
8217;7898325580320;PAPEL HIG DELICATE SOFT C/4;2,69;3,99;Ativo
3859;7896914011354;PAPEL HIG DELUXE LEVE/16 PG15;11,61;16,29;Ativo
3571;7898327431019;PAPEL HIG ELITE FOLHA DUPLA  4ROLOS;5,99;7,99;Ativo
3381;7896301802923;PAPEL HIG F.DUPLA COTTON L12/P11;13,83;19,99;Ativo
8881;7908782500257;PAPEL HIG F/DUPLA COMFY 12ROLOS;10,68;15,99;Ativo
12248;7898325581242;PAPEL HIG F/SIMPES ALVEFLOR 12UN;7,00;10,49;Ativo
6326;7898325580412;PAPEL HIG FAMILIAR ESPECIAL C/4;3,00;4,49;Ativo
6327;7898325580283;PAPEL HIG FAMILIAR SOFT C/4;2,29;3,25;Ativo
6684;7898325580290;PAPEL HIG FAMILIAR SOFT C/8UN;4,42;6,25;Ativo
10407;7896076001934;PAPEL HIG FANCY FD C/12;8,99;12,99;Ativo
10406;7896076000333;PAPEL HIG FANCY FD C/4;4,59;6,99;Ativo
7820;7898913112117;PAPEL HIG FOFOPEL F/DUPLA 12UN;13,59;19,49;Ativo
7438;7908782500004;PAPEL HIG FOLHA DUPLA FAMILIAR C/12;13,55;21,99;Ativo
7439;7908782500011;PAPEL HIG FOLHA DUPLA FAMILIAR C/4;5,30;7,99;Ativo
2996;7896053410100;PAPEL HIG FOLHA DUPLA FOFINHO 4R 30M;5,19;7,99;Ativo
7440;7899853806012;PAPEL HIG FOLHA DUPLA QUALITE C/12;10,31;15,99;Ativo
7441;7908782500059;PAPEL HIG FOLHA SIMPLES FAMILIAR C/4;3,95;5,99;Ativo
7087;7898962794067;PAPEL HIG MAX PURE L12 PG11;13,75;19,49;Ativo
10250;7898962794166;PAPEL HIG MIMMO F/DUPLA 12UN,;13,30;18,99;Ativo
6985;7898006719940;PAPEL HIG NESS C/4 30M;5,29;7,99;Ativo
7286;7891172523458;PAPEL HIG NEVE C/4 ROLOS;4,83;7,49;Ativo
4554;7896018704275;PAPEL HIG NEVE DELICADO 12UN;15,80;21,99;Ativo
6566;7899853800195;PAPEL HIG NEW PAPER FD C/4ROLOS;4,59;6,49;Ativo
10408;7896026838245;PAPEL HIG PALOMA FS C/4;2,79;3,99;Ativo
7146;7896110094700;PAPEL HIG PERSONAL C/12UN;10,15;14,99;Ativo
10819;7896110011103;PAPEL HIG PERSONAL VIP FD 18UN;17,35;26,99;Ativo
3858;7899853801413;PAPEL HIG QUALITÉ 12/ROLOS;11,29;15,99;Ativo
8918;7899853805749;PAPEL HIG QUALITE F/DUPLA 16UN;14,44;19,99;Ativo
5601;7896061916106;PAPEL HIG SUBLIME F D C/4;5,35;7,29;Ativo
12138;7896914012245;PAPEL HIG SUBLIME F/DUPLA 4UN;3,12;4,49;Ativo
3325;7898932034162;PAPEL HIG SYMPLY 8 ROLOS;3,75;4,99;Ativo
8917;7899853805725;PAPEL HIG TOP ONE 24 ROLOS;17,33;24,49;Ativo
3324;7898609281455;PAPEL HIG VALLE PAPER 4 ROLOS;1,75;2,49;Ativo
4020;7896076002146;PAPEL HIG. DAMA NEUTRO C/4;4,89;6,49;Ativo
6280;7896061918629;PAPEL HIG. ELITE C/12 ROLOS;11,59;16,49;Ativo
1608;7896233701486;PAPEL HIG. FD DOBLE C/16 ROLOS;13,99;20,95;Ativo
1609;7891172432019;PAPEL HIG. FD NEVE C/12 ROLOS;11,99;17,99;Ativo
1157;7896053410391;PAPEL HIG. FOFINHO FD C/4RL;5,19;5,99;Ativo
1160;7896053410322;PAPEL HIG. FOFINHO FS C/4RL;0,00;3,99;Ativo
1158;7896053410346;PAPEL HIG. FOFINHO FS C/4RL;3,39;3,99;Ativo
1159;7896053410025;PAPEL HIG. FOFINHO FS C/4RL;3,39;4,99;Ativo
1161;7896053410049;PAPEL HIG. FOFINHO FS C/8RL;6,59;9,99;Ativo
1478;7896053410353;PAPEL HIG. FOFINHO FS C/8ROLOS;0,00;7,99;Ativo
2247;7896076000555;PAPEL HIG. FOLAS SIMP. 8 ROLOS;4,99;6,99;Ativo
2246;7898955352014;PAPEL HIG. FOLHAS S. 4 ROLOS;2,39;3,29;Ativo
6286;7896075300267;PAPEL HIG. GARDÊNIA C/4 ROLOS;2,99;3,99;Ativo
6281;7896018704732;PAPEL HIG. NEVE C/12 ROLOS;13,98;19,99;Ativo
1935;7896110005874;PAPEL HIG. PERSONAL C/15-16;12,95;17,49;Ativo
1936;7896110091846;PAPEL HIG. PERSONAL C/8;6,19;7,99;Ativo
4673;7896075301165;PAPEL HIG. PRIMAVERA C/12;10,50;14,99;Ativo
3763;7899853800249;PAPEL HIG. QUALITÉ C/4RL;4,99;7,49;Ativo
1162;7896061915208;PAPEL HIG. SUBLIME  FS C/8RL;6,99;10,49;Ativo
4418;7896061915444;PAPEL HIG. SUBLIME L16 PG 15;9,99;13,99;Ativo
5985;7896053470173;PAPEL HIG.BEST LITE 20M C/12;7,79;10,99;Ativo
1778;7896914001874;PAPEL HIG.KLASS NEUTRO C/12;11,50;14,99;Ativo
3837;7898962794050;PAPEL HIG.MAX 4/ROLOS;5,38;7,99;Ativo
2713;7898233003003;PAPEL HIG.ÓTIMO C/8 30MT;3,75;5,49;Ativo
2907;7896110091440;PAPEL HIG.PERSONAL C/4 30M;3,32;4,99;Ativo
5984;7896110010731;PAPEL HIG.PERSONAL VIP 20M C/12;11,45;17,99;Ativo
1779;7896110008653;PAPEL HIG.PERSONAL VIP C/12;12,39;16,99;Ativo
10355;7896053470166;PAPEL HIGBEST LITE FDUPLA NEUTRO 24 X4ROLOS 20M;3,19;4,99;Ativo
2908;7896914011217;PAPEL HIGH.DELUXE FD C/12 20M;9,48;15,99;Ativo
2146;7896076000951;PAPEL HIGIENICO DAMA  12UN;12,80;18,99;Ativo
4612;7897844300716;PAPEL HIGIENICO ECONO BOM C/16;15,98;22,49;Ativo
5240;7898327431262;PAPEL HIGIENICO ELITE F/DUPLA C/12;14,40;21,99;Ativo
3681;7896110000176;PAPEL HIGIENICO F D PERS VIP C/4;5,45;7,99;Ativo
7954;7908782500073;PAPEL HIGIENICO FAMILIAR F/SIMPLES C/12;10,17;15,49;Ativo
2995;7896053411213;PAPEL HIGIÊNICO FOFINHO F. DUPLA 12/11 ROLOS;15,49;21,99;Ativo
2859;7896301802961;PAPEL HIGIENICO KLASS FD L12 P11;12,90;17,99;Ativo
5239;7896018704121;PAPEL HIGIENICO NEVE C/4;5,17;7,25;Ativo
2600;7898233003010;PAPEL HIGIENICO ÓTIMO 30MT;2,05;2,99;Ativo
7795;7896110010724;PAPEL HIGIENICO PERSONAL VIP 4 ROLOS;4,41;6,49;Ativo
3292;7896061915451;PAPEL HIGIENICO SUBLIME F S C/12;8,31;12,49;Ativo
2972;7898955352069;PAPEL HIGIENICO SULLEG 4ROLOS;4,16;5,99;Ativo
2973;7898955352076;PAPEL HIGIENICO SULLEG 8ROLOS;8,11;11,49;Ativo
5813;7899853804520;PAPEL HIGIENICO SUPERPEL 4ROLOS;4,59;6,49;Ativo
1604;7891207020334;PAPEL MANTEIGA KIKO 4MX30CM;1,80;2,99;Ativo
8289;7898930673592;PAPEL MANTEIGA WYDA 3M;5,62;8,99;Ativo
8294;7898930672694;PAPEL MANTEIGA WYDA 7.5M;5,13;7,49;Ativo
6538;78942127;PAPEL P/CIGARRO TREVO C/50;0,76;1,25;Ativo
7513;7908782500110;PAPEL TOALHA ABSOLUTO 120 FOLHAS;4,83;6,99;Ativo
8899;7896061997600;PAPEL TOALHA COQUETEL 100FOLHAS;2,59;3,99;Ativo
10766;7897844300730;PAPEL TOALHA ECONOBOM 2ROLOS;2,99;4,99;Ativo
5332;7896061920202;PAPEL TOALHA KITCHEN 120 FOLHAS;4,59;8,49;Ativo
1141;7896914002970;PAPEL TOALHA KLASS C/50 FL 2RL;3,05;4,49;Ativo
3509;7899853801291;PAPEL TOALHA NATUREZA C/100;3,19;4,49;Ativo
10210;7898325581334;PAPEL TOALHA PEGG C/50 FOLHAS;3,29;4,99;Ativo
3426;7896076001644;PAPEL TOALHA PICCOLA DONNA C/100;2,89;4,49;Ativo
9334;7896110012728;PAPEL TOALHA SANTEPEL 120F;3,38;4,99;Ativo
9564;7898962794289;PAPEL TOALHA SCALA 120UN;3,69;5,49;Ativo
2303;7896061926006;PAPEL TOALHA SNACK C/2 50M;2,55;3,99;Ativo
9229;7896110012186;PAPEL TOALHA SNOB 100FOLHAS;4,21;6,49;Ativo
2144;7896110061221;PAPEL TOALHA SNOB 120 FOLHAS;4,79;6,99;Ativo
7081;7896110012148;PAPEL TOALHA SNOB 120FOLHAS;4,52;6,49;Ativo
3698;7896110061122;PAPEL TOALHA SNOB DECORA C/120;4,89;6,99;Ativo
7412;7896110012155;PAPEL TOALHA SNOB DECORA C/120F;4,52;6,49;Ativo
3451;7896914011576;PAPEL TOALHA SOCIAL C/100;3,49;4,99;Ativo
4001;7896914000716;PAPEL TOALHA SOCIAL C/2;3,20;5,99;Ativo
1142;7896053460044;PAPEL TOALHA SORELLA C/50 FL;4,41;6,49;Ativo
1143;7898957873012;PAPEL TOALHA TERNURA C/50 FL;0,00;1,99;Ativo
1139;7896126301359;PAPEL TOLHA CLEAN C/2RL DE 50F;1,50;1,99;Ativo
54;580;PAPEL TOLHA YURI C/2RL DE 50F;0,00;3,29;Ativo
1140;7896075301080;PAPEL TOLHA YURI C/2RL DE 50F;2,89;4,99;Ativo
3052;78420274;PAPEL ZOMO C/33 FOLHAS;1,30;2,99;Ativo
1937;7896053411626;PAPEL.FOFINHO C/16-15;13,89;18,99;Ativo
9060;7898950283054;PAPELITO BROWN;0,00;5,99;Ativo
9059;7898950283016;PAPELITO TRADICIONAL;1,82;3,99;Ativo
6833;7898325580337;PAPL HIG DELICATE SOFT SIMPLES  C/8;4,99;6,99;Ativo
10183;7896067001608;PAPRICA DEFUMADA 20GR;1,55;2,99;Ativo
7225;7896067003756;PAPRICA DOCE CORDEIRO 20G;1,55;2,49;Ativo
3263;7891095015894;PAPRICA DOCE KITANO 12G;1,50;2,49;Ativo
629;7897457623455;PAPRICA PICANTE BAMBU 25G;0,90;1,79;Ativo
5395;7896067003763;PAPRICA PICANTE CORDEIRO 20G;1,55;2,99;Ativo
2192;7896685200063;PARATUDO 900ML;10,83;15,99;Ativo
5778;7897682605462;PASSA CERA PLASTICO;6,49;9,49;Ativo
8208;7898948339336;PASSA E PERFUMA ARES 500ML;7,00;13,99;Ativo
831;7891000259405;PASSATEMPO CHOCO MIX 130G;1,29;1,69;Ativo
830;7891000241363;PASSATEMPO SABOR CHOC. 130G;1,65;2,49;Ativo
2477;7899970401800;PAST ICE BREAKERS F VERM 24G;5,00;6,99;Ativo
157;2020;PAST ICE BREAKERS MENTA 24G;5,00;6,99;Ativo
10066;619205816431;PASTA DE AMENDOIM BOMBOM ITALIANO 250G;16,80;23,99;Ativo
8106;7898939072617;PASTA DE AMENDOIM POWER1ONE CROCANTE 1.005KG;19,94;28,99;Ativo
8105;7898939072600;PASTA DE AMENDOIM POWER1ONE TRAD 1.005KG;19,94;28,99;Ativo
8555;7893095580815;PASTA DE BROLHO FAB LIMP 500G;4,99;7,49;Ativo
6999;7898688011127;PASTA STREET BOY INCOLOR 150G;8,89;12,49;Ativo
7000;7898688011141;PASTA STREET BOY MATTE 150G;14,99;14,99;Ativo
10050;7891164028787;PASTEL APERITIVO COM QUEIJO;10,86;16,49;Ativo
9491;751320145970;PASTEL C/CHOC MEIO AMARGO 42G;2,00;2,99;Ativo
12123;7896216100046;PASTEL DISCAO MEZZANI 500G;8,54;12,99;Ativo
10133;751320145970;PASTEL RECHEADO;2,00;2,99;Ativo
7126;7898966369391;PASTELZINHO PLAYLIST PICANHA 35G;1,21;1,49;Ativo
7125;7898966369384;PASTELZINHO PLAYLIST PIMENTA 35G;1,21;1,49;Ativo
12351;7896451924797;PASTILHA CROCKS HORTELA 17G;0,80;1,49;Ativo
4479;7908228802921;PASTILHA FINI HORTELÃ 14G;0,65;1,25;Ativo
4480;7908228802945;PASTILHA FINI MENTA 14G;0,65;1,25;Ativo
4481;7908228802907;PASTILHA FINI MORANGO 14G;0,65;1,25;Ativo
5328;78910041;PASTILHA GAROTO HORTELÃ 17G;0,90;1,50;Ativo
3364;7899970401787;PASTILHA ICE BREAKERS 24G;5,99;6,99;Ativo
3230;78916982;PASTILHA MIMTY HORTELÃ 14G;1,17;1,99;Ativo
3231;78917286;PASTILHA MIMTY LARANJA 14G;0,76;1,49;Ativo
3229;78917279;PASTILHA MIMTY TUTY FRUTI 14G;1,05;1,99;Ativo
5295;78928978;PASTILHA MINI MINTY  EXTFORTE 14G;1,17;1,99;Ativo
9917;7896058502657;PASTILHAS CONFEITADAS DORI CHOCOCANDY 18G;0,66;0,99;Ativo
3641;7896451908667;PASTILLE MINI DOCILE 100G;3,38;4,99;Ativo
5129;7896451909008;PASTILLE MINTY HORT.LAR.14G;1,07;1,99;Ativo
6825;7908228803386;PASTILLITAS FINI MORANGO 90G;4,99;6,99;Ativo
4535;7891167011861;PATE ATUM G.COSTA AZEITONAS 150G;5,99;8,49;Ativo
4538;7891167015012;PATE ATUM G.COSTA DEFUMADO 150G;5,99;8,49;Ativo
4536;7891167011854;PATE ATUM G.COSTA LIGHT 150G;5,99;8,49;Ativo
5456;7891167015029;PATE ATUM G.COSTA PICANTE 150G;5,99;8,49;Ativo
4537;7891167011847;PATE ATUM G.COSTA TRAD. 150G;5,99;8,49;Ativo
7932;7891167831667;PATE DE ATUM C/AZEITONAS GOMES 170G;6,46;9,49;Ativo
3865;7896009301179;PATE DE ATUM COM PIMENTA COQUEIRO 170G;6,70;9,99;Ativo
5734;7896009301193;PATE DE ATUM COQUEIRO 170G;6,41;9,99;Ativo
8215;7891167831650;PATE DE ATUM GOMES DA COSTA 170G;6,19;9,49;Ativo
6539;7893000004757;PATÊ SABOR PRESUNTO SADIA 100G;2,57;3,99;Ativo
3802;7894904357024;PATÊ SEARA PEITO DE PERU 100G;2,99;4,49;Ativo
3801;7894904573387;PATÊ SEARA PRESUNTO 100G;1,94;3,49;Ativo
515;7908877015888;PATINHO BOVINO KG;35,17;53,99;Ativo
2570;7891118015313;PCT BALAS BUTTER TOFFEES 100G;0,00;3,99;Ativo
9894;7898959867675;PCT BANANADA NATURAL FRUTI 10UN;9,90;15,99;Ativo
7888;7896079862136;PCT BARRINHA CEREAL C/4 S.CASTANHA 100G;3,59;4,79;Ativo
7889;7896079860132;PCT BARRINHA CEREAL C/4 S.CEREJA 100G;3,59;4,79;Ativo
7890;7896079863133;PCT BARRINHA CEREAL C/4 S.MACA 100G;3,59;4,79;Ativo
343;6178;PCT DE ALHO KG;24,99;24,99;Ativo
317;5891;PCT DE PILHAS RAYOVAC AAA C/4;3,82;5,49;Ativo
2075;7896061978104;PCT MÁSCARA DESCARTAVEL 8UNID.;8,37;11,97;Ativo
574;9118;PE DE FGO;5,80;8,49;Ativo
5760;7893590812855;PE DE MOCA C/QUEBRA QUEIXO 80G;1,99;2,99;Ativo
6838;7893590812831;PÉ DE MOÇA CAIPIRA E CIA 80G;0,60;3,49;Ativo
10291;736532043290;PE DE MOÇA PRIMO 40G;1,29;2,49;Ativo
700;7898555640092;PÉ DE MOÇA REIS 51G;0,89;1,50;Ativo
7432;7896492200454;PE DE MOCA ROSSETO 51G;1,00;1,99;Ativo
5183;7898953335361;PÉ DE MOÇA VIEIRA 26G;1,18;1,75;Ativo
10290;736532239617;PE DE MOLEQUE PRIMO 45G;1,04;1,99;Ativo
699;7898965624071;PÉ DE MULEQUE VITALLY 55G;0,69;1,99;Ativo
11010;10112;PE SUINO SALGADO KG;11,50;24,99;Ativo
2753;7896029052327;PEDIGREE DENTASTIX ADULTO R.P 3UNI 45G;6,20;8,99;Ativo
3914;7896029082362;PEDIGREE FILHOTE 900G;16,40;22,99;Ativo
3203;7896029015001;PEDIGREE FILHOTES SABOR CARNE 100G;2,65;3,99;Ativo
3205;7896029022252;PEDIGREE FILHOTES SABOR FGO 100G;2,35;3,49;Ativo
2755;7896029041963;PEDIGREE MARROBONER CARNE 500G;11,44;16,99;Ativo
10612;7896029081112;PEDIGREE NE DRY AD AO LEITE 900G - 2UNX900G - 81112;20,35;0,00;Ativo
2754;7896029052303;PEDIGREE RODEO CARENE 4UN 70G;4,87;6,99;Ativo
10893;7896029019009;PEDIGREE SACHE AD FRANGO 100G;2,58;3,49;Ativo
1030;7898505871613;PEDRA DE AFIAR 9 IDEA;0,00;3,99;Ativo
1218;7893657013119;PEDRA POMES ASA DO BRASIL;0,00;2,49;Ativo
1219;7890374002556;PEDRA POMES AUTÊNTICA C/2 UN;0,00;2,99;Ativo
10184;7896067000250;PEGA MARIDO 15GR;1,86;2,99;Ativo
6293;7898130001461;PEGADOR DE GARRAFÃO DE AGUA CADA;15,00;23,00;Ativo
528;9015;PEITO BOV C/OSSO KG;19,50;27,99;Ativo
537;9025;PEITO BOVINO KG;30,00;33,99;Ativo
9590;4789116401869;PEITO DE FRANGO DESFIADO COZIDO 360G;13,72;19,99;Ativo
432;7200;PEITO DE FRANGO KG;18,64;29,99;Ativo
118;1778;PEITO DE PERU PERDIGÃO KG;46,90;69,99;Ativo
339;7894904072408;PEITO DE PERU SADIA CADA/100G;18,63;69,99;Ativo
568;7897606700044;PEITO FGO C.OSSO;9,91;16,99;Ativo
572;7897606701645;PEITO FGO S.OSSO;16,46;24,99;Ativo
9111;7898946920772;PEITORAL 15MM ESTAMPADA GG;11,90;22,99;Ativo
9110;7898946920789;PEITORAL 15MM ESTAMPADA M;11,90;22,99;Ativo
9109;7898946920765;PEITORAL 15MM ESTAMPADA P;11,90;22,99;Ativo
9112;7898550060772;PEITORAL 15MM SIMPLES M;20,90;41,99;Ativo
3903;7898507566562;PEIXE. CONG FILÉ.MERLUZA PONTE DO FAROL 1KG;31,00;39,99;Ativo
9949;7898972937010;PEIXE.CONG FILE DE MERLUZA 500G;28,99;34,99;Ativo
7814;7908237701871;PEIXE.CONG FILE DE POLACA 800G;19,90;27,99;Ativo
4230;7908237701352;PEIXE.CONG FILÉ.MERLUZA BACALANOR 800G;25,90;36,49;Ativo
6459;7798184400619;PEIXE.CONG FILÉ.MERLUZA ERGEN-PESCA 800G;23,90;33,99;Ativo
2874;7898287710018;PELICULA LUSAFILM 15M;2,99;4,19;Ativo
9446;7891515605773;PENNE AO MOLHO PARISIENSE PERDIGAO 300G;5,98;8,49;Ativo
6649;7896818201080;PENTE BLACK POWER;2,99;4,49;Ativo
3791;7896818201691;PENTE DIVA SUPER;2,30;3,99;Ativo
4439;7896818201868;PENTE FINO MARILU;1,40;2,49;Ativo
3792;7896818201820;PENTE JACARE;2,79;3,99;Ativo
3795;7896818201134;PENTE OVAL PEQUENA C/02;2,60;3,99;Ativo
96;1634;PEPINO COMUM;6,11;8,99;Ativo
8519;7896237901110;PEPINO EM CONDIMENTO RAIOLA 550G;0,00;13,99;Ativo
1669;7898009490563;PEPINO EM CONSER RECALL 530G;9,79;9,79;Ativo
7341;7896348200874;PEPINO EM CONSERVA JUREIA 300G;8,67;12,49;Ativo
344;6194;PEPINO JAPONES KG;6,67;9,99;Ativo
7953;7899853806395;PEPL TOALHA NATUREZA 100 FOLHAS;2,99;4,99;Ativo
6817;7892840820862;PEPSI BLACK 1L;2,99;4,99;Ativo
1074;7892840800246;PEPSI COLA 2L;7,39;9,99;Ativo
3972;7892840813130;PEPSI LATA 269ML;2,24;3,29;Ativo
2041;7892840800628;PEPSI LATA 350ML;2,51;3,79;Ativo
2538;7892840800574;PEPSI MINI 200ML;1,28;1,99;Ativo
729;7892840802769;PEPSI TWIST 2L;7,51;9,49;Ativo
84;1590;PÊRA KG;7,50;9,99;Ativo
210;2570;PERA WILLIANS KG;8,33;11,49;Ativo
4370;7896090101511;PERFLEX MULTIUSO LV5 PG4;4,97;6,99;Ativo
1240;7898374662831;PERFUME.PÉ SORTIE 150ML;0,00;4,99;Ativo
549;9051;PERNIL SUINO KG;13,60;14,99;Ativo
10769;9997;PERU SADIA TEMPERADO KG;17,87;24,98;Ativo
5099;7896481600012;PESSEGO EM CALDA GB 450G;9,79;13,99;Ativo
4042;7896369614063;PESSEGO EM CALDA MARIZA 830G;9,00;13,49;Ativo
5621;7891032016106;PESSEGO EM CALDA OLÉ 800G;9,99;14,99;Ativo
8671;7896536500342;PESSEGO EM CALDA SCHRAMM 450G;11,59;16,99;Ativo
1769;7896536500038;PESSEGO EM CALDA SCHRAMM 450G;10,90;15,99;Ativo
5564;7896536500021;PESSEGO EM CALDA SCHRAMM 830G;11,25;15,99;Ativo
247;3323;PESSEGO NACIONAL KG;8,00;11,99;Ativo
4657;7896029046050;PETISCO PEDIGREE FRANGO 100G;2,23;3,49;Ativo
10894;7896029046111;PETISCO PEDIGREE TASTY 80G;5,80;8,49;Ativo
2480;7896029046609;PETISCO WHISKAS 85G;2,06;3,49;Ativo
3970;7896029046760;PETISCO WHISKAS FRANGO 85G;1,00;3,49;Ativo
9286;7898396117869;PETISQUINHO S/ FRANGO 60G;3,05;5,49;Ativo
11027;7896275970406;PETIT FRIMINHO 360G;5,12;7,49;Ativo
3152;7896862000752;PETIT FRUTAPINHO C/8UNI 320G;6,40;9,49;Ativo
3924;7896629642065;PETIT PETIZINHO MORANGO 320G;5,59;7,99;Ativo
10197;9069;PICADAO BOVINO KG;22,00;29,99;Ativo
517;9789963836635;PICADINHO BOVINO KG;43,60;59,99;Ativo
554;9056;PICADINHO SUINO KG;14,00;9,99;Ativo
523;9010;PICANHA BOVINA KG;39,90;59,99;Ativo
524;9011;PICANHA FATIA BOVINA KG;30,00;39,99;Ativo
7611;7896348202397;PICLES EM CONSERVA JUREIA 300G;7,91;11,99;Ativo
3014;7895098758222;PICOLE ARCO IRIS 40G;1,76;1,99;Ativo
8388;40141596567;PICOLE BRIGADEIRO SENSAÇAO 70G;4,54;7,50;Ativo
8316;7898202590794;PICOLE BROWNIE PREMIUM 75G;7,25;10,50;Ativo
8054;70341280317;PICOLE BRU BELLO 60G;3,78;4,99;Ativo
3740;7896549202592;PICOLE BRULLY 60G;0,00;5,50;Ativo
3017;7898558440101;PICOLE BRUNA BRIGADEIRO 70G;4,86;7,50;Ativo
3133;7898558440200;PICOLÉ BRUNINHA CHOCOLATE 40G;0,00;2,50;Ativo
3013;7898901198079;PICOLE DE ACAI TRADICIONAL 60G;0,00;3,90;Ativo
3738;7898558440118;PICOLE DE CHOCOLATE 50G;2,70;4,50;Ativo
3012;7898558440163;PICOLE DE COCO AO LEITE 60G;3,78;4,99;Ativo
3015;7898558440255;PICOLE DE LIMAO 50G;3,17;3,99;Ativo
7455;745110275213;PICOLE DE MILHO BRUNA 60G;3,39;4,99;Ativo
3016;7898558440415;PICOLE DE UVA 50G;3,17;3,99;Ativo
9803;7898473360225;PICOLE DELICCI COCO BRANCO 70G;2,50;4,00;Ativo
12257;7898473366449;PICOLE DELICCI PISTACHE 65G;5,20;7,50;Ativo
10621;7898473364056;PICOLE DRIIL CHOC C/ LEITE COND;2,90;4,99;Ativo
10623;7898473361970;PICOLE MILK LIMAO SUICO;2,50;4,00;Ativo
8387;40141596543;PICOLE PISTACHE RECHEADO 70G;6,34;9,99;Ativo
3739;7896549202646;PICOLE PREMIUM BLACK 70G;5,70;8,99;Ativo
8860;40141596581;PICOLE PREMIUM MALTINE 70G;6,74;10,50;Ativo
8696;40141596574;PICOLE PREMIUM NERO 70G;6,74;10,50;Ativo
8339;7898202590671;PICOLE PREMIUM PISTACHE 70G;8,11;9,99;Ativo
8338;40141596550;PICOLE SHOWTELLA 70G;5,23;8,99;Ativo
8552;7896067200186;PILHA ALCALINA PANASONIC AAA;5,89;8,49;Ativo
703;7899250604006;PILHA ALFACELL AA;0,69;0,99;Ativo
704;7899250603993;PILHA ALFACELL AAA;0,69;0,99;Ativo
705;7899250614883;PILHA ALFACELL ALCALINA AAA;0,69;0,99;Ativo
702;7899250611486;PILHA ALFACELL R14P.1.5V;1,99;2,99;Ativo
3652;7896009761911;PILHA AYOVAC AAA4 4UNI;5,99;7,99;Ativo
2856;41333014630;PILHA DURACELL 2UNI 10X+;6,76;9,99;Ativo
10424;41333014630;PILHA DURACELL AA C/2;7,62;10,99;Ativo
1391;41333001005;PILHA DURACELL AA PACK C/ 2UN;9,74;14,49;Ativo
9312;41333001029;PILHA DURACELL AA4 ALCALINA;14,98;21,99;Ativo
10423;41333431482;PILHA DURACELL AAA C/2;7,62;10,99;Ativo
1392;41333001074;PILHA DURACELL AAA PACK C/ 2UN;8,32;11,99;Ativo
12377;41333001074;PILHA DURACELL AAA2;9,74;14,49;Ativo
3651;41333431482;PILHA DURACELL AAA2 2UNI;6,38;9,99;Ativo
10162;41333432489;PILHA DURACELL PAL AAA CARTELAO 2UN;7,38;10,99;Ativo
10163;41333017631;PILHA DURACELL PEQ AA CARTELAO 2UN;7,38;10,99;Ativo
5394;7896007974177;PILHA FIAT L. AA;2,39;3,99;Ativo
5393;7896007904174;PILHA FIAT L. ALCALINA AA;4,35;6,49;Ativo
5392;7896007904372;PILHA FIAT L. ALCALINA AAA;5,53;7,99;Ativo
5022;7896007974375;PILHA FIAT LUX AAA 2UNI;1,89;3,99;Ativo
10016;4904530108143;PILHA MOEDA TOSHIBA CR2032;3,34;4,99;Ativo
9977;7896009700743;PILHA RAYOVAC A23;7,88;13,99;Ativo
3967;7896009728013;PILHA RAYOVAC AA2 C/2;5,02;7,99;Ativo
2626;7896009724015;PILHA RAYOVAC AAA2 C/2;5,89;8,99;Ativo
3968;7896009711015;PILHA RAYOVAC C2 C/2;6,50;9,99;Ativo
8301;783094031456;PILHA RAYOVAC CR2032;5,80;8,49;Ativo
3969;7896009712012;PILHA RAYOVAC D2 C/2;7,62;10,99;Ativo
9895;4904530591686;PILHA TOSHIBA 23A;4,74;6,99;Ativo
10014;4904530102530;PILHA TOSHIBA AA C/2;5,19;7,49;Ativo
10015;4904530102523;PILHA TOSHIBA AA C/4;9,90;14,49;Ativo
9896;4904530102516;PILHA TOSHIBA AAA C/2;5,18;7,49;Ativo
10013;4904530102509;PILHA TOSHIBA AAA C/4;9,90;14,49;Ativo
12314;4904530138232;PILHA TOSHIBA ZINCO AA;4,23;6,49;Ativo
12313;4904530138249;PILHA TOSHIBA ZINCO AAA;4,69;6,99;Ativo
623;7897457620881;PIMENTA BAMBU 50G;0,90;1,79;Ativo
8306;7898075642279;PIMENTA BIQUINHO CAMPO BELO 330G;10,49;14,99;Ativo
9850;7898286190958;PIMENTA BIQUINHO MARATA 200G;8,48;12,49;Ativo
8132;7898598711247;PIMENTA BIQUINHO OKKER 420G;13,49;19,99;Ativo
4934;7896067001509;PIMENTA CALABRESA 20G;2,22;3,49;Ativo
584;9152;PIMENTA CAMBUCI BANDEJA;3,50;4,99;Ativo
4920;7896067000342;PIMENTA COM COMINHO 40G;3,47;4,99;Ativo
3907;7896025800427;PIMENTA COMARI CEPERA 70G;10,99;18,99;Ativo
4926;7896067000229;PIMENTA DO REINO CORDEIRO 40G;2,98;4,99;Ativo
4933;7896067000113;PIMENTA DO REINO EM GRÃOS 20G;2,98;4,99;Ativo
4919;7896067003824;PIMENTA DO REINO EM PÓ BRANCA 20G;2,69;3,99;Ativo
3261;7891095154623;PIMENTA DO REINO PRETA KITANO 15G;1,50;2,49;Ativo
625;7897457620942;PIMENTA E COMINHO BAMBU 50G;0,90;1,79;Ativo
3908;7896025800441;PIMENTA MALAGUETA CEPERA 100G;6,99;9,99;Ativo
8090;7896067001448;PIMENTA MALAGUETA CORDEIRO 35G;10,10;14,49;Ativo
10649;7896007885343;PIMENTA MALAGUETA KENKO 80G;6,78;9,99;Ativo
1880;7898016920428;PIMENTA.BIQUINHO IMPERA 180G;6,60;14,99;Ativo
112;1757;PIMENTÃO AMARELO;14,00;20,99;Ativo
6447;7896806502526;PIMENTÃO MISTO REI C/2 UN;7,50;11,99;Ativo
27;25;PIMENTÃO VERDE KG;7,78;6,99;Ativo
113;1758;PIMENTÃO VERMELHO;16,25;25,99;Ativo
11016;7908295301990;PINÇA DEPILADORA;0,83;1,99;Ativo
7436;7896492200324;PINGADO ROSSETO 20G;0,48;0,75;Ativo
10703;7898947980898;PINGO BEL C/DOCE DE LEITE 50G;1,99;2,99;Ativo
7437;7896492201369;PINGO DE CHOC ROSSETO 10G;0,24;0,49;Ativo
7434;7896492200003;PINGO DE LEITE ROSSETO 10G;0,29;0,50;Ativo
763;7898307570813;PINHEIRENSE COQ. COMPOS. 870ML;2,49;3,99;Ativo
2585;7891024194102;PINHO SOL 500ML;5,78;8,99;Ativo
7402;7891024195307;PINHO SOL LIMAO 500ML;5,78;8,99;Ativo
3141;7891024194249;PINHO SOL ORIGINAL 500ML GRATIS 50ML;3,29;5,39;Ativo
3876;7891024193051;PINHO SOL PERFUMADO LAVANDA 500ML;4,45;6,49;Ativo
2437;7896098900604;PINHO SOL TRADIÇÃO 500ML;2,99;4,49;Ativo
1333;7891242151567;PINHO TROP 500ML;0,00;3,49;Ativo
7159;7898405060933;PINTINHO PULA PULA C/CONFEITE 12G;10,56;14,99;Ativo
10131;7896066768779;PIPOCA CROCK 39 S CLUB CHOCOLATE 50G;3,84;5,99;Ativo
10132;7896066768786;PIPOCA CROCK''S CLUB CARAMELO 50G;3,84;5,99;Ativo
8977;7896067002148;PIPOCA DE MIC POPCORN NAT 100G;2,07;2,99;Ativo
8945;7898931140307;PIPOCA DOCE AMAVITA 80G;1,39;2,49;Ativo
8256;7898540920079;PIPOCA DOCE BISCONOBRE 80G;2,00;2,79;Ativo
6172;7897358900020;PIPOCA DOCE CRISTAL 30G;0,85;1,49;Ativo
662;7896356281100;PIPOCA DOCE GASPARZINHO 40G;1,19;1,99;Ativo
2443;7896045320363;PIPOCA DOCE MAGITLEC 40G;0,49;1,49;Ativo
6942;7898901585015;PIPOCA DOCE SMAC 150G;2,98;4,29;Ativo
6171;7898901584025;PIPOCA DOCE SMAC 60G;1,19;1,99;Ativo
8771;7898667960026;PIPOCA EMILIA 30G;1,17;1,99;Ativo
1469;7891965230280;PIPOCA HIKARI NAT. C/ SAL 100G;1,89;2,99;Ativo
1468;7891965230266;PIPOCA HIKARI SABOR BACON 100G;1,59;2,59;Ativo
7226;7896067002001;PIPOCA MANTEIGA MICRO CORDEIRO 100G;2,16;3,49;Ativo
6944;7898901585503;PIPOCA SALGADA  SMAC 150G;2,27;3,29;Ativo
6426;7898901584049;PIPOCA SALGADA SMAC 60G;1,19;1,99;Ativo
2670;7891095008452;PIPOCA YOKI MANT.CINEMA 100 G;3,00;4,49;Ativo
1762;7891095030217;PIPOCA YOKI MICRO MANT.90G;2,49;3,19;Ativo
2671;5789109511062;PIPOCA YOKI NATURAL 100 G;2,90;4,49;Ativo
4597;7891095002207;PIPOCA YOKI NATURAL 100G;3,00;4,99;Ativo
1974;7896045320660;PIPOCA.DOCE MAGITLEC 100G;1,69;2,50;Ativo
9627;7898667960064;PIPOCAS AÇUCARADAS EMILÍA 40G;1,17;1,99;Ativo
5378;7898961980072;PIPOKIEN FRITOP 80G;1,50;2,49;Ativo
12444;7891118026104;PIRULITO BIG BIG MAX MORANGO 25G;0,51;1,49;Ativo
12445;7891118026111;PIRULITO BIG BIG MAX TUTTI FRUTTI 25G;0,51;1,49;Ativo
479;7891118025909;PIRULITO BIGBIG SABORES;0,28;0,60;Ativo
10552;7895144017013;PIRULITO CHUP CHUP;0,86;1,49;Ativo
9903;7895144017020;PIRULITO CHUPA CHUPS 15G;0,80;1,50;Ativo
8786;7898083130218;PIRULITO CORACAO;0,98;1,99;Ativo
7666;7898964630684;PIRULITO DIPLOKO BERRIES 11G;1,88;2,69;Ativo
6675;7898934596248;PIRULITO DIPLOKO FRUTAS VERM 11G;1,89;2,99;Ativo
6417;7898934595494;PIRULITO DIPLOKO MELANCIA 11G;1,30;2,49;Ativo
5873;7898934595470;PIRULITO DIPLOKO MORANGO 11G;1,89;2,99;Ativo
7894;7898970162582;PIRULITO DIPLOKO PINTA LINGUA 11G;1,45;2,49;Ativo
6676;7898934595562;PIRULITO DIPLOKO SALADA/FRUTAS 11G;1,32;1,99;Ativo
7490;7898934595517;PIRULITO DIPLOKO UVA 11G;1,89;2,99;Ativo
8785;7898083130058;PIRULITO FUMY CHAVES 55G;0,57;0,99;Ativo
10453;7898967923929;PIRULITO LOLLIPOP OLHO 15GR;1,47;2,49;Ativo
8783;7896321019424;PIRULITO PICOLE NAPOLITANO 55G;1,28;1,99;Ativo
9123;7896624203834;PIRULITO POP HAPPY S/BLUEBERRY 14G;1,69;2,49;Ativo
9121;7896624203827;PIRULITO POP HAPPY S/CEREJA 14G;1,69;2,49;Ativo
9122;7896624203513;PIRULITO POP HAPPY S/MORANGO 14G;1,69;2,49;Ativo
6162;7896312112462;PIRULITO POP KISS BJ MAIS 50G;1,28;1,99;Ativo
6161;7896312112387;PIRULITO POP KISS CEREJA 50G;1,28;1,99;Ativo
9198;7896624203537;PIRULITO POP LETTER S/FRUTAS V 14G;1,69;2,49;Ativo
9197;7896624203520;PIRULITO POP LETTER S/UVA 14G;1,69;2,49;Ativo
502;7891118026197;PIRULITO POP MANIA SABORES;0,40;1,00;Ativo
9199;7896624203582;PIRULITO POP MONSTERS MACA 14G;1,69;2,49;Ativo
7544;7798040463635;PIRULITO PUSHPOP 14G;2,79;4,49;Ativo
9752;7798040463666;PIRULITOPUSH POP MINIONS;2,59;4,49;Ativo
561;9086;PITAYA;3,75;4,99;Ativo
12354;7898950283276;PITEIRA PAPEL PAPELITO TRAD LONGA;2,85;4,99;Ativo
2025;7896607100280;PITU LIMÃO 350ML;4,05;6,99;Ativo
6021;7898680730170;PIZZA BAURU D. ANA;4,50;6,49;Ativo
6020;7898680730101;PIZZA CALABRESA C/ MUSS D. ANA;4,50;6,49;Ativo
6018;7898680730187;PIZZA CALABRESA C/ MUSS D. ANA 26CM;9,99;14,99;Ativo
10049;7891164026417;PIZZA DE MUSSARELA COM AZEITONAS PRETAS CONG - AURORA;11,76;18,49;Ativo
6017;7898680730224;PIZZA NAPOLITANAD. ANA 26CM;9,99;14,99;Ativo
6022;7898680730071;PIZZA PORTUGUESA D. ANA;4,50;6,49;Ativo
6019;7898680730194;PIZZA PORTUGUESA D. ANA 26CM;9,99;14,99;Ativo
2191;7891097101717;PLOPA BATAVO 540G;3,39;4,49;Ativo
2568;7891118012602;PLUTONITA ATOMIC C/ 4UNID 22G;0,78;1,99;Ativo
3993;7891118013838;PLUTONITA ZUMBISSS C/5;0,64;1,25;Ativo
2554;7891095009930;PÓ DE SORVETE YOKI CREME 150G;5,60;7,99;Ativo
7103;7896213313746;PO DESCOLORANTE ALOE VERA 20G;4,55;6,49;Ativo
8052;7896213313623;PO DESCOLORANTE BEIRA ALTA CAMOMILA 20G;4,55;6,49;Ativo
2831;7896046713157;PÓ DESCOLORANTE CARE LISS 20G;3,07;4,49;Ativo
8453;7896221803376;PO DESCOLORANTE MARCIA CAMOMILA 50G;5,55;9,99;Ativo
10762;7898557793055;PO MODELADOR INFINITY 10G;13,99;20,99;Ativo
2556;7891095009909;PÓ P/ SORVETE YOKI CHOCOL. 50G;5,60;7,99;Ativo
2555;7891095009916;PÓ P/ SORVETE YOKI MORANGO 50G;5,60;7,99;Ativo
7442;7896327500148;PO P/SORVETE CREME APTI 120G;3,75;5,49;Ativo
55;776;PODEROSO BRILHA INOX  300ML;0,00;4,99;Ativo
1335;7898374663371;PODEROSO LIMPA FORNO 300ML;0,00;4,99;Ativo
49;47;POKAN KG;5,00;7,49;Ativo
177;2249;POKAN OFERTA;0,00;2,99;Ativo
319;5960;POKAN OFERTA;0,99;1,99;Ativo
2079;7894321631011;POLENTINA QUAKER 500G;3,49;5,49;Ativo
3624;7896711000056;POLPA ACEROLA/LARANJA  100G;1,60;2,49;Ativo
9772;7896519216307;POLPA DE ABACAXI/HORT DEMARCHI 100G;3,40;4,99;Ativo
9773;7896519210206;POLPA DE AEROLA DEMARCHI 100G;2,94;4,49;Ativo
3598;7898951732155;POLPA DE FRUTA SABOR  GRAVIOLA 100G;1,19;1,99;Ativo
3600;7896711000162;POLPA DE FRUTA SABOR ABACAXI HORTELA 100G;1,80;2,75;Ativo
3597;7898951732094;POLPA DE FRUTA SABOR ACEROLA 100G;1,19;1,99;Ativo
3596;7898951732124;POLPA DE FRUTA SABOR CAJU 100G;1,19;1,99;Ativo
3599;7898951732162;POLPA DE FRUTA SABOR MANGA 100G;1,80;2,75;Ativo
9771;7896519212101;POLPA DE GOIABA DEMARCHI 100G;2,80;3,99;Ativo
9774;7896519210046;POLPA DE MANGA DEMARCHI 100G;2,78;3,99;Ativo
9775;7896519210602;POLPA DE MARACUJA DEMARCHI 100G;5,07;7,49;Ativo
309;5391;POLPA DE MARACUJA KG;0,00;19,99;Ativo
6732;7896102502961;POLPA DE TOMATE QUERO 520G;4,15;5,99;Ativo
884;7896102502947;POLPA DE TOMATE QUERO TP 260G;2,75;3,99;Ativo
3626;7898951732322;POLPA FRUTA ABACAXI 100G;1,80;2,75;Ativo
3625;7898951732186;POLPA FRUTA MARACUJA 100G;2,20;3,29;Ativo
2363;7891025121107;POLPA PAULISTA 510G;2,99;4,49;Ativo
7681;7896512904089;POLVILHO ANTISSEPTICO GRANADO 100G;11,41;16,49;Ativo
7209;7896067001912;POLVILHO AZEDO CORDEIRO 500G;6,29;9,99;Ativo
2596;7891965120543;POLVILHO AZEDO HIKARI 500G;9,75;13,79;Ativo
7129;7896348205114;POLVILHO AZEDO JUREIA 500G;5,07;7,99;Ativo
8442;7898270960291;POLVILHO AZEDO PONZAN 500G;6,07;8,99;Ativo
12388;7896064103244;POLVILHO DOCE CAMPO BELO 500G;4,33;6,99;Ativo
7210;7896067001905;POLVILHO DOCE CORDEIRO 500G;5,95;9,49;Ativo
2593;7891965120567;POLVILHO DOCE HIKARI 500G;5,90;8,49;Ativo
8441;7896348205121;POLVILHO DOCE JUREIA 500G;4,29;6,49;Ativo
8443;7898270960284;POLVILHO DOCE PONZAN 500G;4,60;6,99;Ativo
5352;7891095300631;POLVILHO DOCE YOKI 500G;10,29;14,49;Ativo
6995;7898966937637;POMADA BARBER FOR MEN 80G;0,00;13,99;Ativo
4865;7898966937224;POMADA BARBER INFINITY 160G;10,00;14,99;Ativo
6998;7898966937453;POMADA BLACK BARBER 160G;10,00;14,99;Ativo
5780;7898966937255;POMADA FINALIZADORA INFINITY 160G;8,50;11,99;Ativo
6870;7898966937194;POMADA INFINITY ANTI FRIZZ PRETA 160G;10,00;14,99;Ativo
6869;7898966937279;POMADA INFINITY BARBER INCOLOR 160G;10,50;14,99;Ativo
6996;7893951739616;POMADA KINGS PREMIUM 150G;0,00;13,99;Ativo
5781;7898966937286;POMADA MODELADORA INFINITY 160G;10,00;14,99;Ativo
4452;7898145543215;POMADA MODELADORA TOK SUAVE BLACK 120G;7,95;11,49;Ativo
4450;7898145543208;POMADA MODELADORA TOK SUAVE INCOLOR 120G;7,95;11,49;Ativo
4451;7898145543222;POMADA MODELADORA TOK SUAVE MATTE 120G;7,95;11,49;Ativo
534;7892970020217;PONTA DE AGULHA BOVINO KG;22,30;28,99;Ativo
595;9801;PONTA DE FRIOS KG;10,00;19,99;Ativo
8400;7898656685152;POPLITO BEIJINHO 11G;2,00;2,99;Ativo
8399;7898656685183;POPLITO CARROS 11G;2,00;2,99;Ativo
9323;7898656685121;POPLITO DINO 11G;2,00;2,99;Ativo
9099;7898656685916;POPLITO OLHO CABO LUMINOSOS;4,33;6,49;Ativo
8401;7898656685091;POPLITO PRINCESAS 11G;2,00;2,99;Ativo
9322;7898656685695;POPLITO UNICORNIO 11G;2,00;2,99;Ativo
1215;7898093551164;PORTA ESCOVA BRASAMI;0,00;1,99;Ativo
1216;7898349585004;PORTA ESCOVA KAEME;0,00;1,99;Ativo
4253;7896818203374;PORTA ESCOVA MARILU;3,05;4,99;Ativo
988;7893736292138;PORTA F. P/ CAFÉ BJ PLAST.103;0,00;1,99;Ativo
9809;7896005804247;PORTA FILTRO TRES CORACOES 102;4,02;13,49;Ativo
9808;7896005804254;PORTA FILTRO TRES CORACOES 103;4,47;13,49;Ativo
8801;7898003281457;PORTAO DE CAMBUI COCADA 400G;18,21;25,99;Ativo
9340;7891164035037;POSTA DE TILAPIA AURORA 400G;9,62;13,99;Ativo
9181;7891164039110;POSTA DE TILAPIA AURORA 800G;20,33;29,99;Ativo
7099;7894904279876;POSTA DE TILAPIA SEARA 500G;13,00;18,99;Ativo
2352;7897042012725;POTÃO SKALA EXPERT 1000G;7,17;10,49;Ativo
9877;7898473364360;POTE DELICCI S/MOUSSE DE CHOCOLATE 1.8L;22,10;30,99;Ativo
9282;7898964843183;POTE P/ CAES 350ML;5,62;8,99;Ativo
9283;7898964844203;POTE P/ GATOS 150ML;4,06;6,99;Ativo
6048;7898964844142;POTE RACAO P/ GATO 150ML;4,98;7,49;Ativo
9879;7898473364599;POTE SUPREME S/PUDIM 1.5L;20,00;27,99;Ativo
4514;7898951732148;POUPA DE GOIABA GRACIOSA 100G;0,88;1,49;Ativo
4513;7896711000131;POUPA DE MORANGO POUPA PURA 100G;1,80;2,75;Ativo
941;7897457620355;POVILHO AZEDO BAMBU 500G;0,00;5,99;Ativo
1507;7897457620362;POVILHO DOCE BAMBU 500G;3,00;4,99;Ativo
5496;7894900503005;POWER ADE LARANJA 500ML;3,67;5,49;Ativo
3084;7894900111002;POWER ADE MARACUJA 500ML;2,99;4,75;Ativo
2213;7894900504002;POWER ADE MIX DE FRUTAS 500ML;3,37;5,49;Ativo
5604;7894900500004;POWER ADE S.LIMÃO 500ML;3,67;5,49;Ativo
4029;7894900123562;POWER ADE TANGERINA 500ML;3,08;4,49;Ativo
7359;7894900502046;POWER ADE TANGERINA 500ML;3,67;4,99;Ativo
4028;7894900110005;POWER ADE UVA VERDE 500ML;3,08;4,49;Ativo
6239;7896045110667;POWER WHEY 3C S/CHOCOLATE 250ML;6,41;8,99;Ativo
12428;7894900509700;POWERADE ATAQUE 500ML;3,67;5,49;Ativo
12427;7894900509809;POWERADE CONTRA ATAQUE 500ML;3,67;5,49;Ativo
7999;7894900509304;POWERADE GOLD RUSH 500ML;3,37;4,99;Ativo
10632;7894900506006;POWERADE MIX DE FRUTAS ZERO;3,67;5,49;Ativo
10052;7894900509601;POWERADE SOUR PET 500ML;3,41;4,99;Ativo
1154;7898939720365;PRATO DESCAR. CRISTALCOPO 18CM;0,00;2,99;Ativo
1152;7896152860813;PRATO DESCAR. D´FESTA 15CM;0,00;2,99;Ativo
1151;7898950396198;PRATO DESCAR. HIPER PRATOS;0,00;1,99;Ativo
1153;7898901478218;PRATO DESCAR. TERMOPOT 18CM;0,00;2,99;Ativo
1150;7898505140566;PRATO DESCAR. TOTALPLAST 11.8C;0,00;1,99;Ativo
1155;7898348772351;PRATO DESCAR. ZETTAPACK 18CM;0,00;2,99;Ativo
1156;7898348774577;PRATO DESCAR. ZETTAPACK 21CM;0,00;3,49;Ativo
9296;7896424101170;PRATO DESCARTAVEIS COPOSUL C/10UN;4,29;6,49;Ativo
1164;7898505140405;PRATOS DESC. TOTALPLAST 14.8CM;0,00;2,99;Ativo
1163;7898918330745;PRATOS DESCART. KEROCOPO 15CM;0,00;2,99;Ativo
1165;7898901478539;PRATOS DESCART. TERMOPOT 21CM;0,00;3,49;Ativo
1167;7898348770012;PRATOS DESCART. ZETTAPACK 15CM;0,00;2,99;Ativo
1166;7898348770210;PRATOS DESCART. ZETTAPACK 21CM;0,00;3,49;Ativo
1321;7899767264533;PREND. DE MAD. 4 ESTAÇÕES C/12;0,00;2,49;Ativo
1319;7898198250993;PREND. DE MAD. GG. BRANCA C/12;3,58;5,49;Ativo
1317;7898382041000;PREND. DE MAD. GIG. MAX C/12;0,00;3,29;Ativo
1320;7898198252522;PREND. DE MAD. PQ. BRANCA C/12;1,59;2,49;Ativo
1318;7896066900063;PREND. DE MAD. SPER VARAL C/12;0,00;3,49;Ativo
1315;7898198250948;PREND. PLTC AG.BRANCA GG C/12;2,29;3,49;Ativo
1316;7898198250641;PREND. PQ PLTC AG. BRANCA C/12;1,85;2,99;Ativo
5246;7898908237054;PRENDEDOR BOTOM MURANO;2,75;3,99;Ativo
5245;7898908237474;PRENDEDOR MURANO CORRENTE;2,75;3,99;Ativo
8016;7897502477712;PRENDEDOR PRENDE BEM 12UN;1,00;1,99;Ativo
8017;7897502477729;PRENDEDOR PRENDE BEM 36UN;3,50;4,99;Ativo
1712;7891000104101;PREP.NESQUIK 380G;12,36;17,99;Ativo
10829;7896067003619;PREPARADO PO SERRA BRANCA 400GR SABOR LEITE;0,00;9,99;Ativo
6739;7896222720030;PRESER JONTEX LUBRIFICADO C/3 UN;4,56;6,49;Ativo
2252;7896222716279;PRESERV. LUBRIFICADO OLLA;5,78;8,49;Ativo
2251;7896222716453;PRESERV. LUBRIFICADO OLLA MOR.;5,33;7,99;Ativo
4352;7896222717788;PRESERVATIVO OLLA LUBRIFICADO L8 P6;9,96;14,99;Ativo
9543;7896222721181;PRESERVATIVO OLLA PLAY 6UN;10,15;14,99;Ativo
4459;7891035990861;PRESERVATIVO OLLA PLAY C/3;5,60;8,49;Ativo
4353;7896222717948;PRESERVATIVO OLLA SENSITIVE;9,00;13,49;Ativo
1699;7891203021106;ROSQUINHA PANCO COCO 500G;6,62;9,49;Ativo
5944;7891203021151;ROSQUINHA PANCO DE LEITE 500G;10,93;15,49;Ativo
7170;7891203021205;ROSQUINHA PANCO NATA 500G;6,98;10,49;Ativo
7031;7896253401861;ROSQUINHA RANCHEIRO BANANA/CANELA 300G;3,00;4,49;Ativo
1700;7891193097464;ROSQUINHA SEVENBOYS COCO 400G;3,09;4,19;Ativo
1370;7897426015007;ROSQUINHAS DE COCO SAGRA 300G;1,99;3,49;Ativo
1372;7897426020490;ROSQUINHAS DE LEITE SAGRA 300G;1,99;3,49;Ativo
1369;7897426015076;ROSQUINHAS DE MILHO SAGRA 300G;1,99;3,49;Ativo
1371;7897426015014;ROSQUINHAS DE NETA SAGRA 300G;1,99;3,49;Ativo
5837;7891028605673;ROTHMANS DE MELAO;9,00;9,75;Ativo
8063;7891028603686;ROTHMANS PURPLE BOOST;9,00;9,75;Ativo
4670;78942738;ROTHMANS VERMELHO;6,50;7,25;Ativo
87;1595;RUCULA HIDROPONICA CADA;2,90;4,49;Ativo
12465;7892840824631;RUFFLES CEB E SALSA 32G;3,48;4,49;Ativo
10779;7892840823030;RUFFLES CEB E SALSA 68G;7,71;9,49;Ativo
7363;7892840822989;RUFFLES CEBOLA E SALSA 32G;2,63;3,99;Ativo
4486;7892840819729;RUFFLES CEBOLA E SALSA 40G;2,98;3,99;Ativo
6751;7892840818180;RUFFLES CEBOLA E SALSA 76G;7,76;9,99;Ativo
7232;7892840818159;RUFFLES CEBOLA/SALSA 115G;11,71;14,99;Ativo
4487;7892840819736;RUFFLES CHURRASCO  40G;3,03;3,99;Ativo
7333;7892840823009;RUFFLES CHURRASCO 32G;2,82;3,99;Ativo
12481;7892840824655;RUFFLES CHURRASCO 32G;2,96;4,49;Ativo
4492;7892840819279;RUFFLES MAIONESE 37G;2,27;2,99;Ativo
7450;7892840817978;RUFFLES ORIGINAL 115G;9,37;14,99;Ativo
10747;7892840817435;RUFFLES ORIGINAL 134G;8,38;14,99;Ativo
7368;7892840822996;RUFFLES ORIGINAL 32G;2,82;3,99;Ativo
7184;7892840822972;RUFFLES ORIGINAL 33G;3,64;4,99;Ativo
4489;7892840819750;RUFFLES ORIGINAL 40G;3,01;3,99;Ativo
9625;7892840823054;RUFFLES ORIGINAL 68G;7,71;9,49;Ativo
9823;7892840824211;RUFFLES PIMENTA MEXICANA 30G;2,94;3,99;Ativo
4488;7892840819743;RUFFLES QUEIJO 40G;3,03;3,99;Ativo
12466;7892840824860;RUFFLES SAL 32G;3,48;4,49;Ativo
10748;7892840817459;RUFFLES SOUR CREAM E CEBOLA 134G;8,38;14,99;Ativo
4710;745240220756;S. LEITE CONDENSADO 60G;2,70;4,50;Ativo
4709;7898558440316;S. MILHO VERDE 60G;2,70;4,50;Ativo
4711;7898267240665;S. TENTAÇAO 70G;3,00;4,99;Ativo
4708;7897548021351;S.PE DE MOLEQUE BRUNA 70G;2,50;4,50;Ativo
8893;7899674042705;SAB ABOVE CREAM 75G;1,61;2,99;Ativo
7624;7908324404029;SAB ALBANY ANTIBAC 85G;1,36;1,99;Ativo
7625;7908324400120;SAB ALBANY ANTIBAC AVEIA 85G;1,27;1,99;Ativo
6472;7897664171718;SAB ALBANY LEITE DE COCO 85G;1,25;1,99;Ativo
6478;7891150006058;SAB DOVE MEN+CARE 90G;4,14;5,99;Ativo
8492;7891150095618;SAB DOVE PELE SENSIVEL 90G;3,11;4,49;Ativo
10462;7896098907825;SAB FLOR DE YPE AGUA DE COCO 85G;1,27;2,49;Ativo
10461;7896098907832;SAB FLOR DE YPE KARITE  85G;1,27;2,49;Ativo
10443;7908324404432;SAB FRANCIS ACEROLA 80G;1,99;2,99;Ativo
7976;7908324404425;SAB FRANCIS AMORA 80G;1,99;2,99;Ativo
10442;7908324404388;SAB FRANCIS CARAMBOLA 80G;1,99;2,99;Ativo
7962;7891176118032;SAB FRANCIS GROSELHA  90G;2,89;4,29;Ativo
10729;7896090400041;SAB FRANCIS LAVANDA E AMBAR 90G;2,54;4,29;Ativo
7977;7908324404395;SAB FRANCIS MANGA ROSA 80G;1,74;2,69;Ativo
7961;7908324403107;SAB FRANCIS NEROLI 90G;2,59;4,29;Ativo
7912;7896090403233;SAB FRANCIS ORQUIDEA.QUARTZO 90G;2,57;4,29;Ativo
5932;7896512905420;SAB GLICERINA GRANADO 90G;5,90;8,49;Ativo
6493;7896094905627;SAB GLICERINADO POMPOM 70G;2,25;3,49;Ativo
9082;7896512900043;SAB GRANADO ENXOFRE 90G;6,74;9,99;Ativo
10171;7896512905222;SAB GRANADO GLICERINA 90GR;6,04;8,99;Ativo
10165;7896012877807;SAB INF POM POM BABY 70g;2,36;4,49;Ativo
7318;7896012140055;SAB INFANTIL 123 80G;1,44;2,49;Ativo
10838;7897947620193;SAB INFANTIL JOAO E MARIA GLICERINA 75G;3,02;4,49;Ativo
10601;7897947620186;SAB JOAO E MARIA KARITE 75G;2,49;3,99;Ativo
9210;7891010256807;SAB JOHNSONS CAMOMILA 200ML;16,47;21,99;Ativo
10237;7891010247386;SAB JOHNSONS LAVANDA 80G;1,45;2,19;Ativo
10594;7896004790633;SAB LIQ INTIMO DERMACYD 200ML;16,35;23,99;Ativo
9591;7891150060159;SAB LIQ LUX LAVANDA 250ML;8,15;12,99;Ativo
9592;7891150060197;SAB LIQ LUX ROSAS FRANCESAS 250ML;8,15;12,99;Ativo
9572;7891024029831;SAB LIQ PALMOLIVE CAMELIA 250ML;6,23;9,99;Ativo
8894;7891024115107;SAB LIQ PROTEX CREAM 250ML;12,24;16,99;Ativo
7104;7897888860115;SAB LIQ TOK SUAVE LAVANDA 500ML;6,50;9,49;Ativo
7533;7891024027325;SAB LIQ.ERVA DOCE PROTEX 200ML;8,90;12,99;Ativo
9935;7897888860085;SAB LIQUIDO AÇAI TOK SUAVE 500ML;6,30;9,49;Ativo
6490;7897888860108;SAB LIQUIDO ERVA DOCE TOK SUAVE 500ML;6,50;9,49;Ativo
9569;7898170070298;SAB LIQUIDO GUAPAS ERVA DOCE 500ML;5,89;8,49;Ativo
10763;618341301979;SAB LIQUIDO INFINITY ERVA DOCE 500ML;5,99;8,99;Ativo
10764;618341301993;SAB LIQUIDO INFINITY LAVANDA 500ML;5,99;8,99;Ativo
8455;7896235353980;SAB LIQUIDO MONANGE FRUTAS VERMELHAS 240ML;7,09;10,49;Ativo
8454;7896235353973;SAB LIQUIDO MONANGE LAVANDA 240ML;7,09;10,49;Ativo
9563;7896235354284;SAB LIQUIDO MONENGE FLOR DE LAVANDA 200ML;5,08;7,49;Ativo
8435;7891024032886;SAB LIQUIDO PALMOLIVE CAMELIA 200ML;5,03;7,49;Ativo
7627;7891150060289;SAB LUX BUQUE DE JASMIN 125G;2,00;3,49;Ativo
8207;7891150059856;SAB LUX FLOR DE VERBENA 85G;2,09;2,99;Ativo
8807;7891150095304;SAB LUX GARDENIA  85G;1,97;2,99;Ativo
7913;4005900807861;SAB NIVEA PURE MILK 90G;2,81;4,29;Ativo
7070;4005900807854;SAB NIVEA PURE MILK 90G;3,00;4,49;Ativo
8748;7891024110201;SAB PALMLIVE ALOE VERA 150G;3,29;4,79;Ativo
8749;7891024034767;SAB PALMLIVE ALOE VERA 85G;1,87;2,79;Ativo
8130;7891024034798;SAB PALMOLIVE AMENDOAS DOCE 85G;1,69;2,99;Ativo
9193;7509546695389;SAB PALMOLIVE ARGILA 85G;1,95;2,79;Ativo
8436;7891024034712;SAB PALMOLIVE CAMELIA 85G;1,93;2,79;Ativo
9581;7891024026458;SAB PALMOLIVE FRAMBOESA 150G;2,94;4,79;Ativo
7297;7891024034828;SAB PALMOLIVE FRAMBOESA 85G;1,95;2,79;Ativo
9579;7891024027523;SAB PALMOLIVE GELEIA REAL 150G;3,32;4,79;Ativo
8121;7891024034880;SAB PALMOLIVE JASMIN 85G;1,88;2,79;Ativo
9560;7891024110300;SAB PALMOLIVE KARITE 150G;2,94;4,79;Ativo
7298;7891024034781;SAB PALMOLIVE KARITE 85G;1,87;2,79;Ativo
9580;7891024110508;SAB PALMOLIVE LEITE ROSAS 150G;3,32;4,79;Ativo
9561;7509546669687;SAB PALMOLIVE MELANCIA 150G;3,25;4,79;Ativo
9562;7509546669670;SAB PALMOLIVE MELANCIA 85G;1,95;2,79;Ativo
10635;7896512909732;SAB PHEBO AMAZONIAN 90G;4,00;5,99;Ativo
12402;7896512936622;SAB PHEBO LIMA PERSIA 90G;4,27;5,99;Ativo
10636;7896512934536;SAB PHEBO PATCHOULY 90G;4,27;5,99;Ativo
12241;7896512909794;SAB PHEBO TOQUE DE LAVANDA 90G;4,27;5,99;Ativo
12374;7891024034965;SAB PROTEX  PROPOLIS 85G;3,00;4,49;Ativo
6703;7891024034996;SAB PROTEX BALANCE SAUDAVEL 85G;3,20;4,49;Ativo
8439;7509546678832;SAB PROTEX CARVAO 85G;2,71;3,99;Ativo
8995;7891024038819;SAB PROTEX ERVA DOCE 85G;3,00;4,49;Ativo
9582;7509546695785;SAB PROTEX FRESH 85G;3,00;3,99;Ativo
6704;7891024035047;SAB PROTEX LIMP PROFUNDA 85G;2,92;4,49;Ativo
8996;7891024035313;SAB PROTEX MEN 3X1 85G;2,80;3,99;Ativo
7534;7891024035139;SAB PROTEX NUTRI PROTECT 85G;3,00;3,99;Ativo
10719;7891024035207;SAB PROTEX NUTRI PROTECT 85G;2,50;4,49;Ativo
6482;7891150024816;SAB REXONA BAMBOO E ALOE 84G;1,91;2,79;Ativo
6481;7891150034952;SAB REXONA FRESH 84G;1,91;2,79;Ativo
6480;7891150068902;SAB REXONA MEN LMPZ PROFUNDA 84G;1,91;2,79;Ativo
6479;7891150024823;SAB REXONA MEN SPORTS 84G;1,99;2,79;Ativo
10235;7891150083288;SAB REXONA MULTIVITAMINAS 84G;2,15;3,49;Ativo
9267;7898086585947;SAB SIENE ERVA DOCE 85G;0,94;1,49;Ativo
9266;7898086585961;SAB SIENE LAVANDA 85G;0,94;1,49;Ativo
9269;7898086585923;SAB SIENE LEITE 85G;0,94;1,49;Ativo
9268;7898086585930;SAB SIENE ROSAS VERMELHAS 85G;0,94;1,49;Ativo
3562;7908324400670;SAB. EM PO ASSIM TRIPLAÇÃO 450G;3,49;4,99;Ativo
3563;7908324400687;SAB. EM PO ASSIM TRIPLAÇÃO FLORAL 450G;2,49;3,99;Ativo
4512;7896098905081;SAB. EM PO YPÊ POWER ACT 800G;0,00;10,99;Ativo
5636;7891176117516;SAB. FRANCIS ALFAZEMA 85G;1,55;2,49;Ativo
5638;7891176117349;SAB. FRANCIS LIRIO 85G;1,42;2,49;Ativo
5637;7891176117462;SAB. FRANCIS ORQUIDEA 85G;1,65;2,49;Ativo
9989;7891150101791;SAB. LUX ORQUIDEA NEGRA 125G;2,99;4,29;Ativo
9833;7891150060296;SAB. LUX ROSAS FRANCESAS 125G;2,98;4,29;Ativo
4096;7891024034941;SAB. PROTEX SUAVE 85G;2,99;4,49;Ativo
6968;7897664171756;SAB.ALBANY ANTIBAC VERDE 85G;1,27;1,99;Ativo
6967;7908324404005;SAB.ALBANY FRUTAS VERMELHAS 85G;1,33;1,99;Ativo
6965;7908324403985;SAB.ALBANY LAVANDA DELICADA 85G;1,33;1,99;Ativo
6966;7908324404012;SAB.ALBANY LIRIO SELVAGEM 85G;1,35;1,99;Ativo
6964;7908324403992;SAB.ALBANY ROSA AVELUDADA 85G;1,35;1,99;Ativo
9180;7896098909898;SAB.EM PÓ TIXAN YPÊ 800G;6,79;9,49;Ativo
2266;7896098902257;SAB.FLOR DE YPÊ COCO ALEC 85G;1,14;1,99;Ativo
2269;7896098902226;SAB.FLOR DE YPÊ FRESIA PES 85G;1,10;1,99;Ativo
2267;7896098902240;SAB.FLOR DE YPÊ LAR.DAMASC 85G;1,17;1,99;Ativo
2268;7896098902233;SAB.FLOR DE YPÊ MAÇA FRAMB 85G;1,10;1,99;Ativo
2270;7896098902264;SAB.FLOR DE YPÊ ROSAS AVEL 85G;1,06;1,99;Ativo
7216;7908324403114;SAB.FRANCIS ROMA E PIMEN.ROSA 90G;2,59;4,29;Ativo
7215;7896090400010;SAB.FRANCIS ROSA.BRA PATCHOULI 90G;2,54;4,29;Ativo
7217;7896090400034;SAB.FRANCIS VERBENA E BERGAMO. 90G;2,46;4,29;Ativo
2488;7897595901866;SAB.INTIMO DERMACYD 200ML;15,87;22,99;Ativo
2489;7891058016647;SAB.INTIMO DERMACYD FLOR 100ML;8,70;11,99;Ativo
2490;7891058016586;SAB.INTIMO DERMACYD JASM 100ML;8,70;11,99;Ativo
159;2035;SAB.INTIMO DERMACYD JASM 200ML;11,99;19,99;Ativo
2736;7897595903914;SAB.INTIMO DERMACYD PRO 200ML;0,00;19,99;Ativo
7535;7891024037706;SAB.INTIMO PROTEX DELICATE CARE  140ML;7,20;9,99;Ativo
4453;7897888860153;SAB.LIQ FLOR DE ALGODÃO 500ML;6,50;9,49;Ativo
4454;7897888860146;SAB.LIQ FLOR MACADAMIA 500ML;6,50;9,49;Ativo
4825;7897888860139;SAB.LIQ TOK SUAVE NEUTRO 500ML;6,50;9,49;Ativo
691;7891150059849;SAB.LUX B DE JASMIM 85G;1,69;2,99;Ativo
2313;7891150069602;SAB.LUX CAPIM LIMÃO 85G;1,15;1,69;Ativo
2248;7891150059900;SAB.LUX ORQUIDEA NEGRA 85G;1,99;2,99;Ativo
1790;7891024034804;SAB.PALMOLIVE HID.PERF 85G;1,95;2,79;Ativo
1791;7891024034743;SAB.PALMOLIVE SENS.LUM 85G;1,93;2,99;Ativo
1789;7509546659107;SAB.PALMOLIVE SENS.P 85G;0,99;1,49;Ativo
2839;7891150073906;SABAÃO EM PÓ BRILHANTE 400G;3,47;4,89;Ativo
12409;7908324402919;SABÃO BARRA MINUANO BRANCO 180G;2,39;3,49;Ativo
7821;7896098905982;SABAO BARRA YPE COCO/AVEIA 900G;12,15;17,99;Ativo
7508;7896098906316;SABAO BARRA YPE NEUTRO 900G;7,92;11,99;Ativo
2723;7898917072035;SABÃO DE COCO EM BARRA 200G;1,35;1,99;Ativo
6036;7898061120019;SABAO DE COCO LINDAIA 200G;1,73;2,49;Ativo
7295;7896056407077;SABAO DE COCO UFE 180G;3,00;4,29;Ativo
8058;7896056407121;SABAO DE COCO URCA 180G;2,53;3,99;Ativo
9533;7896098905999;SABAO DE COCO YPE 160G;3,19;4,99;Ativo
2318;7896098900109;SABÃO EM BARRA C/5 1KG;8,30;11,99;Ativo
6918;7908324402841;SABÃO EM BARRA MINUANO 180G;1,99;3,49;Ativo
8379;7908324402865;SABAO EM BARRA MINUANO 900G;7,99;11,99;Ativo
4764;7896098905906;SABÃO EM BARRA NEUTRO 900G;9,49;13,99;Ativo
1901;7896023400704;SABÃO EM BARRA RAZZO 200G;2,29;3,69;Ativo
5266;7896023400896;SABÃO EM BARRA RAZZO NEUTRO 200G;2,59;3,69;Ativo
4778;7896056401983;SABÃO EM BARRA URCA COCO 200G;2,55;3,99;Ativo
1902;7896098900918;SABÃO EM BARRA YPE COCO 200G;2,89;4,19;Ativo
2320;7896098906194;SABÃO EM BARRA YPE NATURAL 200;2,99;3,99;Ativo
1903;7896098906118;SABÃO EM BARRA YPE NEUTRO 200G;2,19;2,99;Ativo
8974;7896055501103;SABAO EM PASTA ASSOLAN 500G;7,91;11,99;Ativo
8384;7896075910060;SABAO EM PASTA DIPOL 500G;5,36;7,99;Ativo
1645;7898922108811;SABÃO EM PASTA DONA ESTER 250G;1,25;2,25;Ativo
3844;7893595869014;SABÃO EM PASTA PARA BRILHO 500G;3,99;6,29;Ativo
2557;7896056400047;SABÃO EM PASTA URCA U.B 500G;3,30;4,99;Ativo
4643;7908324402759;SABAO EM PO ASSIM 400G;3,01;4,49;Ativo
7974;7908324402704;SABAO EM PO ASSIM BICARBONATO 800G;4,96;8,99;Ativo
7973;7908324402735;SABAO EM PO ASSIM MICELAR 400G;3,01;4,49;Ativo
7975;7908324402711;SABAO EM PO ASSIM MICELAR 800G;5,29;7,99;Ativo
3611;7908324401738;SABÃO EM PÓ ASSIM TRIP 1.6KG;11,23;15,99;Ativo
3610;7893300522395;SABÃO EM PÓ ASSIM TRIP 900G;5,04;6,99;Ativo
4125;7891150066625;SABÃO EM PO BRILHANTE  800G;8,10;11,99;Ativo
5389;7891150086555;SABAO EM PO BRILHANTE 1.6KG;13,97;22,99;Ativo
3777;7891150066656;SABÃO EM PO BRILHANTE 800G;5,49;7,99;Ativo
77;1572;SABÃO EM PÓ BRILHANTE 800G;5,73;7,99;Ativo
2109;7891150066670;SABÃO EM PÓ BRILHANTE 800G;5,73;7,99;Ativo
5776;7891150086449;SABÃO EM PO BRILHANTE BLIND.CORES 1.6KG;16,38;23,99;Ativo
12353;7891150091504;SABAO EM PO BRILHANTE CUID TOTAL 1,6KG;11,99;19,99;Ativo
4777;7891150086500;SABÃO EM PO BRILHANTE DEL.TOTAL 800G;9,47;11,99;Ativo
3623;7891150071186;SABÃO EM PÓ BRILHANTE DELICADEZA 800G;5,99;9,99;Ativo
4344;7891150086432;SABÃO EM PÓ BRILHANTE LIMPEZA TOTAL 800G;8,10;11,99;Ativo
5777;7891150086463;SABÃO EM PO BRILHANTE PERF.MACIEZ 1.6KG;16,38;23,99;Ativo
10384;7891150105201;SABAO EM PO BRILHANTE PERFU/CUIDADO 2,2KG;18,49;26,99;Ativo
4853;7891150086456;SABÃO EM PO BRILHANTE TOQ MACIEZ 800G;8,49;11,99;Ativo
7606;7896060401825;SABAO EM PO COCO URCA 800G;3,88;5,49;Ativo
7607;7896060401801;SABAO EM PO CONCENTRADO URCA 800G;4,02;5,99;Ativo
8378;7908324403275;SABAO EM PO MINUANO 1.600KG;11,01;15,99;Ativo
5373;7908324403336;SABÃO EM PÓ MINUANO 400G;2,63;3,99;Ativo
7739;7908324403251;SABAO EM PO MINUANO MAX.LIMP 400G;3,90;6,99;Ativo
12383;7891150108622;SABAO EM PO OMO  LAV.PERFEITA 700G;9,02;12,99;Ativo
7604;7891150081147;SABAO EM PO OMO 1.6KG;13,95;27,99;Ativo
1701;7891150065284;SABÃO EM PÓ OMO 400G;6,93;9,99;Ativo
6503;7891150072121;SABÃO EM PÓ OMO CUID.INT 800G;10,99;15,99;Ativo
7590;7891150092211;SABAO EM PO OMO EXPERT BRANCO 360G;7,14;10,99;Ativo
10495;7891150064577;SABAO EM PO OMO LAV PERFEITA 2,4KG;25,99;39,99;Ativo
5019;7891150064331;SABÃO EM PÓ OMO LAV.PERF 1.6 KG;17,31;27,99;Ativo
8689;7891150100244;SABAO EM PO OMO LAVAGEM PERFEITA 800G;8,99;12,99;Ativo
12172;7891150064676;SABAO EM PO OMO PURO CUIDADO 1,6KG;17,31;27,99;Ativo
2194;7891150072145;SABÃO EM PÓ OMO SAN.E HIG.400G;3,99;5,69;Ativo
4578;7898929286963;SABÃO EM PÓ QUALIMP 1.6;6,29;8,99;Ativo
4884;7891150086791;SABAO EM PO SURF CUIDADO DO COCO 800G;6,69;9,99;Ativo
4883;7891150086784;SABAO EM PO SURF LAVANDA 800G;6,69;9,99;Ativo
5822;7891150086807;SABÃO EM PO SURF LIMÃO BIC.800G;5,39;8,49;Ativo
4937;7891150086777;SABAO EM PO SURF ROSAS E FLOR DE LIS 800G;6,69;9,99;Ativo
4523;7896098909720;SABÃO EM PÓ TIXAN 400G;4,36;6,49;Ativo
4101;7896098909768;SABÃO EM PO TIXAN CONC. 1.6KG;13,49;20,99;Ativo
3491;7896098905746;SABÃO EM PÓ TIXAN MACIEZ 500G;3,99;5,49;Ativo
4346;7896098909751;SABÃO EM PÓ TIXAN MACIEZ 800G;7,49;11,49;Ativo
2857;7896098900987;SABÃO EM PO TIXAN PRIMAVERA 2KG;12,49;18,99;Ativo
4345;7896098909744;SABÃO EM PÓ TIXAN PRIMAVERA 800G;7,49;11,49;Ativo
3341;7896098901083;SABÃO EM PÓ TIXAN YPÊ MACIEZ 2KG;11,99;16,99;Ativo
2807;7896056406698;SABÃO EM PÓ URCA 100G GRATIS;3,79;5,29;Ativo
4204;7896056406810;SABÃO EM PÓ URCA CASA E ROUPA 800G;3,45;4,99;Ativo
8381;7500435142007;SABÃO LIQ ARIEL CORES RAD.REFIL 1.8L;16,98;25,99;Ativo
4322;7891150066519;SABÃO LIQ BRILHANTE BLIG.CORES 900ML;8,73;12,99;Ativo
12174;7891150050938;SABAO LIQ BRILHANTE BRILHO ATIVO 5L;33,92;49,99;Ativo
4323;7891150066526;SABÃO LIQ BRILHANTE ODOR 900ML;8,38;12,99;Ativo
12155;7891150104266;SABAO LIQ OMO ACAO CUIDADO 750ML;13,95;19,99;Ativo
12154;7891150104273;SABAO LIQ OMO ACAO TOTAL 750ML;13,95;19,99;Ativo
5717;7896524703311;SABÃO LIQ SUPREMA COCO 1L;5,35;8,49;Ativo
10528;7896098902868;SABAO LIQ YPE POWER ACT SUP 900ML;10,75;15,99;Ativo
10934;7896056400740;SABAO LIQ. COCO URCA 500ML;3,95;5,99;Ativo
6722;7896110115160;SAL PARRILLA LEBRE 500G;4,90;9,49;Ativo
8448;7896348206319;SAL ROSA FINO JUREIA 500G;34,78;8,49;Ativo
6720;7896110195216;SAL ROSA HIMALAIA LEBRE 500G;6,88;9,99;Ativo
653;7897400600014;SAL. DE BACON SAMURAI 40G;0,85;1,49;Ativo
649;7892840814199;SAL. FOFURA SABOR PRESUNTO 90G;1,75;2,49;Ativo
647;7892840814168;SAL. FOFURA SABOR QUEIJO 90G;1,75;2,49;Ativo
650;7896341103660;SAL. LUCKY SABOR CEBOLA 65G;1,19;2,19;Ativo
651;7896341103707;SAL. LUCKY SABOR CHURRASCO 65G;1,19;2,19;Ativo
661;7896341103776;SAL. LUCKY SABOR PRESUNTO 70G;1,19;2,19;Ativo
10863;7891167014015;SALADA ATUM MAIONESE E BATATA 170GR;9,22;13,49;Ativo
7551;7891167014039;SALADA DE ATUM C/AZEITE GOMES 150G;9,22;13,49;Ativo
9931;7891167014008;SALADA DE ATUM C/BATATA GOMES 150G;7,99;11,49;Ativo
10753;7891167014022;SALADA DE ATUM COM SELETA 150GR;9,22;13,49;Ativo
217;2702;SALAME A GRANEL KG;53,00;79,99;Ativo
4674;7891164006204;SALAME AURORA 100G;9,50;13,99;Ativo
221;2710;SALAME FATIADO KG;0,00;79,99;Ativo
9816;7894904555659;SALAME GOURMET SEARA 100G;4,99;7,49;Ativo
3145;7891515437015;SALAMITOS SADIA 36G;3,19;4,79;Ativo
3438;7891515479541;SALAMITOS SADIA LIMONASTICO 36G;3,19;4,79;Ativo
3439;7891515479558;SALAMITOS SADIA PEPERONICO 36G;1,99;3,49;Ativo
9700;7891515549527;SALAMITOS SADIA SWEET CHILLI 36G;3,19;4,49;Ativo
4768;7898540920123;SALG  BISCONOBRE S.PICANHA 60G;2,00;2,99;Ativo
4906;7898931140758;SALG AMA VITA BACON 25G;0,63;0,99;Ativo
4903;7898931140741;SALG AMA VITA CEBOLA 25G;0,64;0,99;Ativo
4904;7898931140796;SALG AMA VITA PRESUNTO 25G;0,63;0,99;Ativo
4905;7898931140208;SALG AMA VITA REQUEIJÃO 25G;0,75;1,25;Ativo
8078;7898931140840;SALG AMAVITA S/CHURRASCO 25G;0,63;0,99;Ativo
8079;7898931140789;SALG AMAVITA S/QUEIJO 25G;0,63;0,99;Ativo
4833;7898171341236;SALG BACON BISCOITONE 45G;1,60;2,39;Ativo
7656;7898120762006;SALG BACON FLAME 200G;4,25;6,99;Ativo
4321;7892840819620;SALG BACONZITOS 31G;2,29;2,99;Ativo
4341;7896039050269;SALG BATATA EBICEN +LEV 50G;2,20;3,49;Ativo
4769;618341267930;SALG BISCONOBRE S.PIMENTA 60G;1,79;2,49;Ativo
4320;7892840819637;SALG CEBOLITOS 33G;2,27;2,99;Ativo
9490;7892840824075;SALG CHEETOS BOLA 37G;2,91;3,99;Ativo
7552;7892840818586;SALG CHEETOS BOLA S/QJ 37G;3,82;2,49;Ativo
4319;7892840819651;SALG CHEETOS CHEDDAR 39G;1,50;1,99;Ativo
7190;7892840821975;SALG CHEETOS CRUNCHY CHEDDAR 48G;2,72;3,99;Ativo
6270;7892840817909;SALG CHEETOS LUA PARMESAO 40G;3,19;4,49;Ativo
4313;7892840817763;SALG CHEETOS LUA PARMESSÃO 125G;8,90;12,99;Ativo
6272;7892840818562;SALG CHEETOS MIX 41G;3,19;4,49;Ativo
7899;7892840822316;SALG CHEETOS MIX 82G;6,74;9,99;Ativo
5377;7892840820466;SALG CHEETOS MIX 95G;6,64;9,99;Ativo
4314;7892840817848;SALG CHEETOS MIX QUEIJO 125G;9,90;13,99;Ativo
7181;7892840822309;SALG CHEETOS ONDA 40G;2,55;3,99;Ativo
5696;7892840820473;SALG CHEETOS PARMESAO 110G;6,64;9,99;Ativo
5695;789840817763;SALG CHEETOS PARMESAO 125G;0,00;12,99;Ativo
4317;7892840819668;SALG CHEETOS PARMESSÃO 40G;0,00;2,99;Ativo
5694;7892840820480;SALG CHEETOS REQUEIJAO 122G;7,25;9,99;Ativo
2797;7892840259549;SALG CHEETOS REQUEIJÃO 280G;9,10;11,99;Ativo
4318;7892840819682;SALG CHEETOS REQUEIJÃO 45G;0,00;2,99;Ativo
4315;7892840816636;SALG CHEETOS REQUEIJÃO 75G;5,08;6,99;Ativo
6271;7892840816254;SALG CHEETOS REQUIJAO 45G;3,19;4,49;Ativo
8317;70341116609;SALG CRANCH S/CHURROS 55G;1,00;1,99;Ativo
8318;70341116623;SALG CRANCH S/PIMENTA MEXICANA  55G;1,00;1,99;Ativo
6273;7892840820145;SALG DORITOS 45G;4,79;6,99;Ativo
4316;7892840819576;SALG DORITOS 53G;2,83;4,99;Ativo
8091;7892840823481;SALG DORITOS PIMENTA MEXICANA 60G;3,81;4,99;Ativo
2798;7892840818357;SALG DORITOS QUEIJO NACHO 300G;11,80;15,99;Ativo
9428;7892840822903;SALG FANDANGOS PRESUNTO 160G;11,50;13,99;Ativo
6752;7892840821159;SALG FANDANGOS QUEIJO 37G;1,84;2,99;Ativo
7414;7896341130628;SALG FOFURA CEBOLA 60G;1,49;2,79;Ativo
7373;7892840823191;SALG FOFURA CHURRASCO 60G;1,49;2,79;Ativo
7372;7892840823207;SALG FOFURA PRESUNTO 60G;1,49;2,79;Ativo
7374;7892840823221;SALG FOFURA REQUEIJAO 60G;1,59;2,79;Ativo
8061;7892840823214;SALG FOFURA S/QUEIJO 60G;1,59;2,79;Ativo
6559;7898026322380;SALG FRITOP BACON 200G;4,79;7,99;Ativo
8684;7898026322601;SALG FRITOP BACON DEFUMADO 170G;5,29;7,99;Ativo
5740;7898955341704;SALG FRITOP BATATÃO CEB.SALSA 50G;2,69;3,99;Ativo
5741;7898955341711;SALG FRITOP BATATÃO CHURRASCO 50G;2,69;3,99;Ativo
5742;7898955341698;SALG FRITOP BATATÃO TRAD.50G;2,69;3,99;Ativo
6558;7898026322366;SALG FRITOP CEBOLA 200G;4,79;7,99;Ativo
6557;7898026322373;SALG FRITOP REQUEIJAO 200G;5,29;7,99;Ativo
7870;7898026322489;SALG FRITOP S/CHURRASCO 200G;4,99;7,99;Ativo
8685;7898026322595;SALG FRITOP S/QUEIJO SUICO 200G;4,73;7,99;Ativo
12360;7892840824891;SALG LAY`S TACO MEXICANO 62G;7,54;9,99;Ativo
9840;7896024761538;SALG PIRAQUE S/CEBOLA 50G;1,58;2,49;Ativo
9842;7896024761521;SALG PIRAQUE S/FILE 50G;1,58;2,49;Ativo
9841;7896024761545;SALG PIRAQUE S/PEPPERONI 50G;1,58;2,49;Ativo
4134;7896047950179;SALG SUPERTRI BACON 50G;0,78;1,49;Ativo
4133;7896047940255;SALG SUPERTRI CEBOLA 50G;0,78;1,49;Ativo
4137;7896047940262;SALG SUPERTRI CHURRASCO 50G;0,78;1,49;Ativo
4135;7896047960178;SALG SUPERTRI PIZZA 50G;0,78;1,48;Ativo
4611;7896047940385;SALG SUPERTRI PRESUNTO 50G;0,00;1,49;Ativo
4136;7896047950186;SALG SUPERTRI QUEIJO 50G;0,78;1,49;Ativo
7686;7896002311748;SALG TAKIS FUEGO 56G;3,46;4,99;Ativo
7107;7896002311779;SALG TAKIS FUEGO 90G;7,05;9,99;Ativo
7684;7896002311762;SALG TAKIS HOT CHILLI 56G;3,46;4,99;Ativo
7105;7896002311793;SALG TAKIS HOT CHILLI 90G;7,05;9,99;Ativo
7685;7896002311755;SALG TAKIS XPLOSION 56G;3,46;4,99;Ativo
7106;7896002311786;SALG TAKIS XPLOSION 90G;7,05;9,99;Ativo
4751;7892840819842;SALG TORCIDA S.PÃO DE ALHO 70G;1,63;2,79;Ativo
8507;7892840822644;SALG TORCIDA S/QUEIJO 60G;1,59;2,49;Ativo
8508;7892840822651;SALG TORCIDA S/VINAGRETE 60G;1,56;2,49;Ativo
5635;7892840820596;SALG TORCIDA VINAGRETE 38G;1,26;1,99;Ativo
4458;618231735396;SALG TRICHITO CEBOLA 45G;0,95;1,49;Ativo
10836;7891095023226;SALG YOKITOS 45G(QUEIJO REDINHA)**;1,80;2,99;Ativo
10389;7891095023318;SALG YOKITOS CEBOLA 54G;2,00;2,99;Ativo
10390;7891095023202;SALG YOKITOS PRESUNTO 54G;1,80;2,99;Ativo
10388;7891095023189;SALG YOKITOS QUEIJO 54G;1,80;2,99;Ativo
10602;7891095023264;SALG YOKITOS QUEIJO/BOLINHA 45G;1,80;2,99;Ativo
10387;7891095023240;SALG YOKITOS QUEIJO/LUA 54G;1,99;2,99;Ativo
1970;7898171340321;SALG. BISCOITONE BACON 90G;1,89;2,89;Ativo
3450;7891203060051;SALG. BISNACK SAB. CEBOLA 80G;1,66;2,49;Ativo
6518;7892840821173;SALG. CHEETOS LUA 40G;2,68;3,49;Ativo
6517;7892840821180;SALG. CHEETOS MIX 41G;2,01;3,49;Ativo
2021;7892840247041;SALG. CHEETOS MIX QUEIJOS 130G;5,97;7,99;Ativo
1888;7892840816261;SALG. CHEETOS REQUEIJÃO 140G;8,90;12,99;Ativo
6516;7892840821197;SALG. CHEETOS REQUEIJAO 45G;2,68;3,49;Ativo
5278;7892840820442;SALG. FOFURA CEBOLA 70G;1,99;3,49;Ativo
3447;7892840819071;SALG. FOFURA CEBOLA 80G;1,99;2,49;Ativo
648;7892840814175;SALG. FOFURA CEBOLA 90G;1,95;2,79;Ativo
5279;7892840820459;SALG. FOFURA CHURRASCO 70G;1,49;2,99;Ativo
3449;7892840819101;SALG. FOFURA CHURRASCO 80G;1,95;2,79;Ativo
5277;7892840820435;SALG. FOFURA PRESUNTO 70G;1,99;3,49;Ativo
3448;7892840819095;SALG. FOFURA PRESUNTO 80G;1,95;2,79;Ativo
5276;7892840820428;SALG. FOFURA QUEIJO 70G;1,99;3,49;Ativo
3921;7892840819118;SALG. FOFURA QUEIJO 90G;1,95;2,79;Ativo
5722;7892840820411;SALG. FOFURA REQUEIJÃO 70G;1,99;3,49;Ativo
3910;7892840819132;SALG. FOFURA REQUEIJÃO 80G;1,99;2,49;Ativo
6198;7898026321635;SALG. PINGOLITOS CEBOLA 120G;2,70;3,79;Ativo
1574;7898955341469;SALG. PINGOLITOS CEBOLA 150G;1,69;2,49;Ativo
6322;7898026321680;SALG. PINGOLITOS CHURRASCO 120G;2,70;3,79;Ativo
2457;7898412670538;SABÃO LIQUIDO ALECRIM 250ML;3,09;4,49;Ativo
2459;7898412670521;SABÃO LIQUIDO ERVA DOCE 250ML;3,09;4,49;Ativo
2458;7898412670453;SABÃO LIQUIDO PITANGA 250ML;3,09;4,49;Ativo
9120;7891150093546;SABÃO PÓ AMO LAV PERF 1.6KG;16,98;24,99;Ativo
4787;7908324402728;SABAO PO ASSIM TRIPLAÇAO 1.6KG;12,66;18,99;Ativo
4788;7908324402773;SABAO PO ASSIM TRIPLAÇAO 400G;3,19;4,99;Ativo
4786;7908324402681;SABAO PO ASSIM TRIPLAÇAO 800G;6,27;9,49;Ativo
4745;7891150066632;SABAO PO BRILHANTE ANTIBAC 1.6KG;17,03;23,99;Ativo
5647;7896098909799;SABAO PO TIXAN MACIEZ 400G;4,69;6,49;Ativo
5409;7896056406537;SABAO PO URCA MAX LAVANDA 1KG;5,09;7,19;Ativo
8906;7896098905944;SABAO YPE MULTIATIVO 180G;2,29;3,49;Ativo
4158;7896098905913;SABÃO YPE NEUTRO 180G;2,03;3,49;Ativo
1868;7891150066571;SABÃO.PÓ BRILHANTE 800G;5,96;7,99;Ativo
1870;7891150072138;SABÃO.PÓ OMO LAV.PERFEITA 800G;8,15;10,99;Ativo
1869;7896098900710;SABÃO.PÓ TIXAN.YPE  1KG;6,65;9,99;Ativo
1212;7897664171701;SABONETE ALBANY HID. INTEN 85G;1,29;1,99;Ativo
1213;7897664171725;SABONETE ALBANY HID. NUTRI 85G;1,25;1,99;Ativo
1211;7897664171732;SABONETE ALBANY HOMEM 85G;1,21;1,99;Ativo
1214;7897664171749;SABONETE ALBANY HOMEM MULT 85G;1,36;1,99;Ativo
1288;7891055639023;SABONETE BARBIE CONDOR 80G;0,00;2,49;Ativo
7213;7891150075382;SABONETE DOVE 90G;0,00;4,99;Ativo
1355;7898422746759;SABONETE DOVE ORIGINAL 90G;3,88;5,49;Ativo
1207;7897751900535;SABONETE FARNESE 90G;0,00;1,49;Ativo
3198;7896098902219;SABONETE FLOR DO YPÊ GARD ARG 85G;1,19;1,99;Ativo
7214;7896090403127;SABONETE FRANCIS BAMBU E MUSGO 90G;2,59;4,29;Ativo
8831;7896044999904;SABONETE GIO BABY CLASSIC 90G;2,53;3,99;Ativo
1373;7891055639122;SABONETE HOTWHEELS CONDOR 80G;0,00;2,49;Ativo
3511;7896018700789;SABONETE HUGGIES CHÁ DE CAMOMILA 75G;2,44;3,49;Ativo
3510;7896018700369;SABONETE HUGGIES EXTRA SUAVE 75G;1,99;3,49;Ativo
1210;7896094905634;SABONETE INFANTIL POM POM 70G;2,25;3,49;Ativo
8044;7891024023969;SABONETE INTIMO PROTEX DELICATE 200ML;13,07;18,49;Ativo
8043;7898935462252;SABONETE INTIMO TOPZ FRESH 200ML;7,46;10,49;Ativo
8042;7891800630602;SABONETE INTIMO TOPZ HIDRATA 200ML;7,46;10,49;Ativo
6852;7898489511888;SABONETE LEITE DE AVEIA DAVENE 90G;2,45;3,49;Ativo
9083;7896512904621;SABONETE LIQ GRANADO BEBE 250ML;20,97;29,99;Ativo
8708;7896235353997;SABONETE LIQ MONANGE EXTRATO OLIVA 240ML;7,35;10,99;Ativo
5383;7896246310743;SABONETE LIQ. FRUTAS V. UP 500ML;7,18;10,49;Ativo
5382;7896246310750;SABONETE LIQ. MACADAMIA UP 500ML;7,18;10,49;Ativo
5927;7896018700338;SABONETE LIQUIDO HUGGIES SUAVE 200ML;11,56;16,99;Ativo
2421;7891150059887;SABONETE LUX 85G;1,88;2,99;Ativo
4701;7891150059924;SABONETE LUX FLOR DE LOTUS 85G;2,09;2,99;Ativo
4700;7891150060302;SABONETE LUX LIRIO AZUL 125G;2,49;3,49;Ativo
2605;7891150059917;SABONETE LUX LIRIO AZUL 85G;1,85;2,99;Ativo
3309;7891150059870;SABONETE LUX ROSAS FRANCESAS 85G;1,88;2,99;Ativo
9981;7899674042736;SABONETE MEN ABOVE 75G;1,46;2,49;Ativo
1209;7898908026054;SABONETE MOTIVUS 90G;0,00;0,99;Ativo
1208;4005900521897;SABONETE NIVEA 85G;0,00;1,99;Ativo
9983;7896094905641;SABONETE OLEO DE AMENDOAS POMPOM 70G;2,25;3,49;Ativo
2833;7896512909787;SABONETE PHEBO ODOR ROSAS 90G;4,27;5,99;Ativo
7794;7891024035191;SABONETE PROTEX  COMPLETE 12 85G;3,00;4,49;Ativo
3313;7891024035078;SABONETE PROTEX CREAM 85G;2,98;4,49;Ativo
9711;7891150066908;SABONETE REXONA 84G;2,15;3,49;Ativo
6140;7891150024779;SABONETE REXONA MEN ACTIVE 84G;1,89;2,79;Ativo
2829;7891134501814;SABONETE SENADOR 130G;5,33;7,99;Ativo
4365;7891134001925;SABONETE SENADOR PLATINUM 130G;4,53;6,69;Ativo
4021;4005900294722;SABONETE.HIDRATANTE NIVEA 90G;2,81;4,29;Ativo
4022;4005900380982;SABONETE.HIDRATANTE NIVEA MEN 90G;3,35;4,69;Ativo
4817;7898908237559;SABONETEIRA BLISTER MURANO;2,85;4,49;Ativo
7643;7896818201356;SABONETEIRA COLORIDA MARILU;3,89;5,99;Ativo
1202;7898093550013;SABONETEIRA CRISTAL;0,00;1,99;Ativo
1610;7891176117479;SABONTE FRANCIS SEDUÇÃO 85G;0,86;1,25;Ativo
2108;7891132010387;SABOR A MI LOURO 300G;3,51;4,99;Ativo
8681;7891132000029;SABOR AMI RECEITA DE CASA CE/ALHO PIMENTA 450G;9,53;13,99;Ativo
8680;7891132000012;SABOR AMI RECEITA DE CASA CEBOLA E ALHO 450G;9,12;13,99;Ativo
865;7898372443012;SABORELLE VINAGRE TINTO 750ML;0,75;0,99;Ativo
10000;7896029018057;SACHE KITEKAT CARNE AO MOLHO 70G;1,70;3,49;Ativo
10001;7896029018064;SACHE KITEKAT FRANGO AO MOLHO 70G;1,70;3,49;Ativo
9583;7896089051100;SACHE LOR CAPPUCINO S/CARAMELO 20.3G;1,97;3,49;Ativo
9584;7896089051070;SACHE LOR CAPPUCINO S/CARAMELO 20.3G;1,97;3,49;Ativo
12101;7896029014981;SACHE PEDIGREE S/CARNE SENIOR 100G;2,01;3,49;Ativo
5543;7896029046623;SACHE WHISKAS S.CARNE CASTRADOS 85G;2,58;3,99;Ativo
3793;7898924375044;SACO ALVEJADO BRANCO 38X60 CADA;2,75;3,99;Ativo
3188;7898907778046;SACO ALVEJADO BRANCO 38X62 CADA;2,49;3,49;Ativo
1605;7891207020426;SACO ASSA FACÍL KIKO 41X31CM;3,55;5,99;Ativo
6443;7896013800040;SACO DE LIXO BOM 100L;2,19;3,49;Ativo
6259;7898412670378;SACO DE LIXO CLARUS C/15 100L;5,92;8,49;Ativo
10262;751320071071;SACO DE LIXO GENERALI 100L 3UNI;2,19;3,99;Ativo
12143;7895099483888;SACO DE PAO 3KG;83,33;85,00;Ativo
12144;7895099483895;SACO DE PAO 5KG;112,08;113,00;Ativo
1170;7896152861780;SACO DE PAPEL P/ PIPOCA BLUE;0,00;4,49;Ativo
1648;751320557728;SACO LIXO 100L C/5UN 3E BRASIL;3,69;5,49;Ativo
1647;751320557711;SACO LIXO 50L C/10UN 3E BRASIL;2,60;4,49;Ativo
10740;7898226518293;SACO PARA LIXO EMBALIXO 100L 10UN;6,01;9,99;Ativo
2900;7898947702094;SACO PARA LIXO MAGO-PLAS 100L;2,49;6,99;Ativo
2902;7898947702063;SACO PARA LIXO MAGO-PLAS 15L;3,96;6,49;Ativo
2903;7898947702070;SACO PARA LIXO MAGO-PLAS 30L;2,29;6,49;Ativo
2901;7898947702087;SACO PARA LIXO MAGO-PLAS 50L;4,99;6,99;Ativo
10780;7898947702162;SACO PARA LIXO MAGOPLAST C/20;2,49;3,99;Ativo
1147;7898952009331;SACO PICOTADO BAC 2KG;0,00;3,49;Ativo
1146;7898952009355;SACO PICOTADO BAC 5KG;0,00;3,99;Ativo
1145;7898953979039;SACO PICOTADO SUPREMO 3KG;0,00;3,79;Ativo
1171;7896152861827;SACO PLÁSTICO MINI HOT-DOG;0,00;1,99;Ativo
8129;7898907778008;SACO QUADRICULADO;4,69;7,49;Ativo
9016;7898930672625;SACO WYDA ASSA RAPIDO 10UN;8,52;12,99;Ativo
3189;7898907779036;SACO XADREZ 42X68 CADA;2,69;3,99;Ativo
1458;7898938150026;SACO XADREZ ALVEJADO 40X65CM;2,75;3,99;Ativo
12133;7898960865622;SACOLA 48X55 IMGREEN SP VERDE;0,12;0,15;Ativo
2124;7898160111000;SACOLA BIO VD;0,10;0,10;Ativo
12112;7898960865608;SACOLA BIOPLASTICA CINZA 48X55 UND;0,12;0,15;Ativo
10634;7899498701048;SACOLA NEVADA ECO TNT;0,10;0,10;Ativo
5420;17891234123456;SACOS DE LIXO VAZPLASTIC 100L;1,80;2,99;Ativo
1125;7894686991003;SACOS P/ LIXO VENÇEDOR 100L;0,00;2,99;Ativo
4457;618231735433;SAG TRICHITO REQUEIJAO 45G;0,95;1,49;Ativo
4761;7891965220595;SAGU HIKARI 500G;5,60;7,99;Ativo
1766;7896035210001;SAL CISNE 1KG;2,79;4,49;Ativo
6206;7896256083019;SAL DE PARRILHA TRAD KODILAR 500G;10,39;14,99;Ativo
8863;7898416520204;SAL DE PARRILLA BRAHMA 500G;9,39;13,49;Ativo
8802;7898701760179;SAL DE PARRILLA C/ CHIMICHURRI 300G;6,62;9,99;Ativo
3810;7898635640752;SAL DE PARRILLA C/CHIMICHURRI 1.010KG;12,00;19,99;Ativo
8305;7898944513778;SAL FINO ROSA DO HIMALAIA ITI 500G;5,49;7,69;Ativo
7468;7896067002209;SAL GROSSO C/ALHO CORDEIRO 500G;2,53;3,99;Ativo
1748;7896035210018;SAL GROSSO CISNE 1KG;3,55;4,99;Ativo
9454;7896067003329;SAL GROSSO CORDEIRO 1KG;2,14;3,29;Ativo
873;7898280000291;SAL GROSSO UNIÃO 1KG;0,99;1,49;Ativo
874;7896110100814;SAL LEBRE GROSSO 1KG;2,69;3,49;Ativo
875;7896110100050;SAL LEBRE MARINHO REFINADO 1KG;1,69;3,99;Ativo
12109;7896110196367;SAL LEBRE PARRILLA 1KG;4,95;7,49;Ativo
6721;7896110194264;SAL LIGHT LEBRE 500G;2,99;4,49;Ativo
2227;7891095600847;SAL MOÍDO IODADO YOKI 1KG;2,99;3,60;Ativo
3352;7898002360030;SAL MOIDO VENEZA 1KG;1,06;1,49;Ativo
6714;7899306041731;RAÇÃO GATOS BAWWAW CARNE E ARROZ CASTRADOS 900G;16,44;23,49;Ativo
298;5074;RAÇÃO GOLDEN AD CARNE KG;15,41;22,99;Ativo
345;6204;RAÇÃO GOLDEN CAES FRANGO FILHOTES KG;13,55;18,99;Ativo
346;6205;RAÇÃO GOLDEN CAES FRANGO KG;10,87;15,99;Ativo
297;5073;RAÇÃO GOLDEN GATO ADULTOS FGO KG;15,25;19,99;Ativo
7509;7898224826000;RAÇÃO NHAC CÃES ADULTO 7KG;47,48;69,99;Ativo
294;5070;RAÇÃO NHAC CÃES ADULTO KG;6,56;9,99;Ativo
295;5071;RAÇÃO NHAC CARNE VEGETAIS KG;6,68;9,99;Ativo
321;5989;RAÇÃO NHAC GATO MIX KG;8,50;11,99;Ativo
8777;7898224826017;RACAO P/CAES NHAC CARNE 7KG;41,32;59,99;Ativo
4998;7896029082416;RAÇÃO PEDIGREE ADULTO 900G;13,60;19,99;Ativo
5539;7896029083505;RACAO PEDIGREE ADULTO CARNE/VEG 900G;13,60;19,99;Ativo
4997;7896029083482;RAÇÃO PEDIGREE FILHOTES 900G;13,60;19,99;Ativo
4796;7896029082447;RAÇÃO PEDIGREE RAÇAS PEQ.900G;13,60;19,99;Ativo
12387;9901;RACAO SMACK ADULTOS S/CARNE KG;6,56;10,99;Ativo
491;8265;RAÇÃO SMART GATO ADULTO CARNE KG;7,77;9,99;Ativo
455;7278;RAÇÃO VITAMAXX GATO CARNE KG;9,88;14,99;Ativo
296;5072;RAÇÃO VITAMAXX GATO PEIXE KG;10,40;14,99;Ativo
3836;80052487;RAFFAELLO 30G;7,22;9,99;Ativo
12379;7894650008546;RAID MULT INSETOS ACQUA 420ML;13,95;19,99;Ativo
10807;7894650008553;RAID MULTI B AGUA CITRONELA 420ML;13,95;19,99;Ativo
11081;7894650003848;RAID MULTI EUCALIP 420ML;14,31;19,99;Ativo
10630;7894650003879;RAID MULTI INSETOS 420ML;14,31;19,99;Ativo
989;7896042028651;RALADOR PLASÚTIL;0,00;8,49;Ativo
8000;7896002304832;RAP 10 TAPIOCA 198G;9,80;13,99;Ativo
8407;7896002365420;RAP10 INTEGRAL;10,58;14,99;Ativo
8344;7898049040292;RAPADURA GS 300G;3,40;4,99;Ativo
4442;7898932889038;RATICIDA DURAT;1,30;2,99;Ativo
8196;7896216100527;RAVIOLI 4 QUEIJOS MEZZANI 400G;10,66;14,99;Ativo
6537;7896216100510;RAVIOLI DE FRANGO MEZZANI 400G;9,64;13,99;Ativo
2178;3789196205006;RECHEADIN BAUDUCO GOIABA 112G;3,20;4,99;Ativo
2177;2789196205007;RECHEADINHO BAUDUCO CHOC 104G;3,20;4,99;Ativo
5650;7506309889375;RECONSTRUCAO PANTENE 3AMPOLAS C/15ML;15,80;22,49;Ativo
10065;9002490100490;RED BULL 250ML;8,08;9,99;Ativo
740;9002490100193;RED BULL 250ML;10,49;9,99;Ativo
8216;9002490264093;RED BULL CEREJA E FRUTAS SIL 250ML;6,79;9,99;Ativo
4187;9002490247386;RED BULL ENERGY DRINK MELANCIA 250ML;7,99;9,99;Ativo
4186;9002490229009;RED BULL ENERGY DRINK TROPICAL 250ML;7,09;9,99;Ativo
7417;9002490266356;RED BULL FIGO/MACA 250ML;4,97;8,49;Ativo
9427;9002490281151;RED BULL FRUTAS VERM 250ML;7,09;9,99;Ativo
8182;9002490271107;RED BULL PERA E CANELA 250ML;6,89;12,49;Ativo
10064;9002490280925;RED BULL POMELO 250ML;8,08;9,99;Ativo
10494;9002490280901;RED BULL POMELO SUGARFREE 250ML;5,00;9,99;Ativo
8516;9002490280932;RED BULL S/ MARACUJA E MELAO 250ML;7,09;9,99;Ativo
1861;751320708946;RED NOSE GUARANÁ.AÇAI 500ML;1,79;2,79;Ativo
1619;7898032681501;REF BLC DET SAN. SPCLEAN C/2UN;3,75;5,49;Ativo
10906;7898942054617;REF REFRIKO TUBAINA 355ML;3,00;4,29;Ativo
10953;7622202347511;REF TANG AZUL ESPACIAL 18G;0,85;1,39;Ativo
10910;7896186300156;REF XERETA LIMAO 2L;2,24;4,99;Ativo
10903;7896186300132;REF XERETA MACA 2L;3,29;4,99;Ativo
7815;7894900027334;REF.COCA+FANTA GUARANA LMPM 2L;14,99;20,99;Ativo
7816;7894900027327;REF.COCA+FANTA LARANJA LMPM 2L;16,74;20,99;Ativo
7805;7896706300680;REF.POP FRUTA ABACAXI 25G;0,61;0,99;Ativo
7813;7896706300741;REF.POP FRUTA ABACAXI 25G;0,61;0,99;Ativo
7802;7896706304527;REF.POP FRUTA ABACAXI C/HORTELA 25G;0,61;0,99;Ativo
7811;7896706304251;REF.POP FRUTA GUARANA 25G;0,61;0,99;Ativo
7806;7896706300697;REF.POP FRUTA LARANJA 25G;0,61;0,99;Ativo
7808;7896706300703;REF.POP FRUTA LIMÃO 25G;0,59;0,99;Ativo
7803;7896706300925;REF.POP FRUTA MANGA 25G;0,59;0,99;Ativo
7810;7896706300710;REF.POP FRUTA MARACUJA 25G;0,61;0,99;Ativo
7812;7896706303834;REF.POP FRUTA MELANCIA 25G;0,61;0,99;Ativo
7807;7896706301809;REF.POP FRUTA MORANGO 25G;0,61;0,99;Ativo
7804;7896706302844;REF.POP FRUTA PERA 25G;0,59;0,99;Ativo
7809;7896706300727;REF.POP FRUTA SALADA FRUTAS 25G;0,61;0,99;Ativo
3086;7894900093063;REFIG. LATA FANTA GUARANÁ 350ML;2,84;4,75;Ativo
3050;7891991300827;REFIG. SUKITA TUBAINA 2L;4,99;7,49;Ativo
5819;7894650004029;REFIL AP. ELETRICO RAID 2UN;17,97;26,99;Ativo
4979;47400179240;REFIL GILLETTE P/BARBEAR C/2;17,89;25,99;Ativo
8272;7891150064928;REFIL LAVA ROUPAS OMO LIQ 900ML;9,67;14,99;Ativo
4429;7891035024696;REFIL PASTILHA ELETRICO LEV12 PG10;7,21;10,99;Ativo
5633;7891035618246;REFIL SBP ELÉTRICO CITRONELA 35ML;14,90;20,99;Ativo
4243;7892840815370;REFIRIG.PEPSI TWISTER 200ML;1,29;1,99;Ativo
9437;7896045112463;REFR FRISCO S/CAJU 18G;0,62;0,99;Ativo
9436;7896045112456;REFR FRISCO S/GOIABA 18G;0,62;0,99;Ativo
9435;7896045112449;REFR FRISCO S/GUARANA 18G;0,62;0,99;Ativo
9434;7896045112432;REFR FRISCO S/TANGERINA 18G;0,62;0,99;Ativo
10904;7896186300187;REFR XERETA ABACAXI 2L;3,29;4,99;Ativo
4310;7898221855157;REFR.CAMPOS TUTTI FRUTTI 350ML;2,00;2,99;Ativo
6300;7894900681192;REFR.SPRITE LIMÃO 200ML;1,30;1,99;Ativo
819;7896032500044;REFRES. DA BARRA ABACAXI 35G;0,39;0,69;Ativo
814;7896032500013;REFRES. DA BARRA LARANJA 35G;0,39;0,69;Ativo
818;7896032500075;REFRES. DA BARRA LIMÃO 35G;0,39;0,69;Ativo
817;7896032500037;REFRES. DA BARRA MANGA 35G;0,39;0,69;Ativo
813;7896032500020;REFRES. DA BARRA MARACUJÁ 35G;0,39;0,69;Ativo
816;7896032501522;REFRES. DA BARRA MORANGO 35G;0,39;0,69;Ativo
815;7896032500068;REFRES. DA BARRA TANGERINA 35G;0,39;0,69;Ativo
812;7896032500051;REFRES. DA BARRA UVA 35G;0,39;0,69;Ativo
1442;7891132009183;REFRES. EM PÓ MID BAUNILHA 25G;0,76;1,25;Ativo
820;7896490290587;REFRES. FRISCO ABACAXI 25G;0,68;0,99;Ativo
821;7896490290648;REFRES. FRISCO LARANJA 25G;0,68;0,99;Ativo
826;7896490290662;REFRES. FRISCO LIMÃO 25G;0,62;0,99;Ativo
824;7896490290686;REFRES. FRISCO MARACUJÁ 25G;0,68;0,99;Ativo
822;7896490290693;REFRES. FRISCO MORANGO 25G;0,62;0,99;Ativo
825;7896490290723;REFRES. FRISCO TANGERINA 25G;0,62;0,79;Ativo
1116;7622300861186;REFRES. TANG LARANJA 25G;0,89;1,25;Ativo
1115;7622300861261;REFRES. TANG MARACUJÁ 25G;0,89;1,25;Ativo
1118;7622300861919;REFRES. TANG MORANGO 25G;0,89;1,25;Ativo
1117;7622300861308;REFRES. TANG MORANGO 25G;0,89;1,25;Ativo
811;7622300861223;REFRES. TANG UVA 25G;0,89;1,25;Ativo
5492;7896011127422;REFRES. TRINK MORANGO 25G;0,29;0,99;Ativo
809;7896054908293;REFRES. WILSON MARACUJÁ 25G;0,29;0,55;Ativo
810;7896054908347;REFRES. WILSON UVA 25G;0,29;0,55;Ativo
808;7898027656712;REFRES.CAMP TANGERINA 15G;0,59;0,99;Ativo
4807;7896011127057;REFRES.TRINK ABACAXI 25G;0,59;0,99;Ativo
4808;7896011127071;REFRES.TRINK ABACAXI COM HORTELÃ 25G;0,59;0,99;Ativo
4812;7896011129334;REFRES.TRINK ABACAXI COM HORTELÃ 25G;0,59;0,99;Ativo
4803;7896011126739;REFRES.TRINK GOIABA 25G;0,59;0,99;Ativo
4811;7896011127064;REFRES.TRINK GUARANÁ 25G;0,59;0,99;Ativo
4801;7896011127019;REFRES.TRINK LARANJA 25G;0,59;0,99;Ativo
5310;7896011129396;REFRES.TRINK LARANJA BAHIA 25G;0,69;0,99;Ativo
4806;7896011129341;REFRES.TRINK LARANJA COM ACEROLA 25G;0,59;0,99;Ativo
4805;7896011106557;REFRES.TRINK LARANJA COM MAMÃO 25G;0,59;0,99;Ativo
4799;7896011127088;REFRES.TRINK LIMÃO 25G;0,59;0,99;Ativo
4800;7896011129358;REFRES.TRINK LIMONADA SUIÇA 25G;0,59;0,99;Ativo
4804;7896011127293;REFRES.TRINK MANGA 25G;0,59;0,99;Ativo
4809;7896011127033;REFRES.TRINK MARACUJA 25G;0,59;0,99;Ativo
4802;7896011127026;REFRES.TRINK PESSÊGO 25G;0,59;0,99;Ativo
4810;7896011127040;REFRES.TRINK TANGERINA 25G;0,59;0,99;Ativo
5676;7898027656859;REFRESCO CAJU CAMP 15G;0,59;0,99;Ativo
5721;7898027656637;REFRESCO CAMP ABACAXI 15G;0,59;0,99;Ativo
5678;7898027656767;REFRESCO GUARANA CAMP 15G;0,57;0,99;Ativo
4568;7891098037015;REFRESCO GUARANA S/AÇAI 300ML;2,06;2,99;Ativo
5674;7898027656590;REFRESCO LARANJA CAMP 15G;0,58;0,99;Ativo
5677;7898027656651;REFRESCO MANGA CAMP 15G;0,59;0,99;Ativo
5675;7898027656613;REFRESCO MARACUJA CAMP 15G;0,59;0,99;Ativo
8926;7898617581295;REFRESCO MARATA ABACAXI 25G;0,56;0,99;Ativo
8927;7898617581325;REFRESCO MARATA CAJU 25G;0,56;0,99;Ativo
8928;7898617581349;REFRESCO MARATA GOIABA 25G;0,58;0,99;Ativo
8929;7898617581387;REFRESCO MARATA LARANJA 25G;0,56;0,99;Ativo
8930;7898617581394;REFRESCO MARATA LIMAO 25G;0,58;0,99;Ativo
8931;7898617581400;REFRESCO MARATA MANGA 25G;0,49;0,99;Ativo
8932;7898617581417;REFRESCO MARATA MARACUJA 25G;0,56;0,99;Ativo
8933;7898617581424;REFRESCO MARATA MORANGO 25G;0,58;0,99;Ativo
11044;7891132082285;REFRESCO MID GROSELHA 20GR;0,70;1,25;Ativo
11043;7891132082568;REFRESCO MID GUARANA 20G;0,70;1,25;Ativo
11045;7891132082445;REFRESCO MID S/TANGERIDA 20G;0,70;1,25;Ativo
5672;7898027656798;REFRESCO MORANGO CAMP 15G;0,59;0,99;Ativo
308;5372;REFRESCO SALADA DE FRUTAS CAMP 15G;0,62;0,99;Ativo
5679;7898027656736;REFRESCO SALADA DE FRUTRAS CAMP 15G;0,59;0,99;Ativo
5141;7622210571489;REFRESCO TANG GOIABA 18G;0,84;1,39;Ativo
5673;7898027656675;REFRESCO UVA CAMP 15G;0,59;0,99;Ativo
8218;7898221855232;REFRI CAMPOS S/GUARANA 350ML;2,00;2,75;Ativo
9478;7894900027358;REFRI COCA+SPRITE 2L;11,99;19,99;Ativo
8263;7896025992016;REFRI CONVENCAO FRUTAINA 2L;4,09;5,79;Ativo
8262;7896025992009;REFRI CONVENCAO GUARANA 2L;4,09;5,79;Ativo
12391;7894900097023;REFRI FANTA CARMESIM 350ML;3,07;4,75;Ativo
10422;7894900095180;REFRI FANTA CHUCKY PUNCH 600ML;4,28;6,49;Ativo
8080;7894900093261;REFRI FANTA GUARANA 600ML;3,02;6,49;Ativo
12166;7894900151510;REFRI FANTA LARANJA S/ACUCAR 2L;7,57;9,49;Ativo
10209;7894900095203;REFRI FANTA MISTERIO CHUCKY 350ML;3,00;4,25;Ativo
4856;7894900091007;REFRI FANTA S.MARACUJA 350ML;3,07;4,75;Ativo
4059;7894900096002;REFRI FANTA TUTTI FRUTTI 2L;4,99;5,49;Ativo
12390;7894900097009;REFRI FANTA XBOX CARMESIM 600ML;4,28;6,49;Ativo
7672;7891991011020;REFRI GUARANA 500ML;3,05;4,49;Ativo
4033;7891991016131;REFRI GUARANA ANTA. S/AÇUCAR 200ML;1,40;1,99;Ativo
5614;7891991002479;REFRI GUARANA ANTA. S/AÇUCAR 2L;7,52;9,99;Ativo
8418;7896437900197;REFRI GUARANA CRUZEIRO 350ML;2,65;3,79;Ativo
7377;7891991002684;REFRI GUARANA ZERO 600ML;3,79;5,99;Ativo
7588;7891991002288;REFRI GUARANA ZERO LT 350ML;2,48;3,99;Ativo
6747;7898377662418;REFRI IT COLA 2L;6,15;8,49;Ativo
6748;7898377662432;REFRI IT GUARANA 2L;6,15;8,49;Ativo
9813;7897395099633;REFRI IT GUARANA ZERO 2L;6,15;8,49;Ativo
6749;7898377662494;REFRI IT LARANJA 2L;6,15;7,99;Ativo
6746;7898377662470;REFRI IT LEMON ICE 2L;6,15;8,49;Ativo
6745;7898377662456;REFRI IT LIMAO 2L;6,15;7,99;Ativo
7521;7896052606191;REFRI ITUBAINA 500ML;3,00;4,99;Ativo
6266;7894900911602;REFRI KUAT 600ML;3,57;5,49;Ativo
5878;7892840820657;REFRI PEPSI BLACK 1.5L;5,63;7,99;Ativo
4114;7892840812386;REFRI PEPSI COLA 1.5L;4,79;6,99;Ativo
7844;7892840802707;REFRI PEPSI COLA 2.5L;7,16;9,99;Ativo
8713;7898942055935;REFRI REFRIKO COLA 200ML;0,89;0,99;Ativo
8714;7898942055942;REFRI REFRIKO GUARANA 200ML;0,89;0,99;Ativo
9518;7898942053023;REFRI REFRIKO S/TUBAINA 2L;3,75;5,49;Ativo
8712;7898942055928;REFRI REFRIKO TUBAINA 200ML;0,89;0,99;Ativo
10828;7894900321753;REFRI SCHW CITRUS LEVE EM ACUCAR 1,5L;7,13;9,99;Ativo
4032;7891991001380;REFRI SODA ANTARTICA 2L;6,84;9,99;Ativo
7589;7891991002301;REFRI SODA ZERO LT 350ML;2,67;3,99;Ativo
9360;7894900061512;REFRI SPRITE S/ACUCAR 2L;7,62;9,49;Ativo
7537;7891149103492;REFRI SUKITA LARANJA 1.5L;3,99;5,99;Ativo
5236;7891991303170;REFRI SUKITA TUBAINA 350ML;2,09;2,99;Ativo
9837;7897395001940;REFRI TIK TOK SABOR F AMARELAS 350ML;2,46;3,99;Ativo
7195;7898221856031;REFRI TUBAINA DO PRIMO 200ML;1,29;1,99;Ativo
6527;7898221856024;REFRI TUBAINA DO PRIMO 2L;4,49;6,49;Ativo
10568;7896186300118;REFRI XERETA GUARANA 2L;3,29;4,99;Ativo
10574;7896186302884;REFRI XERETA TUBAINA 2L;3,29;4,99;Ativo
6006;7896462301396;REFRI. DOLLY CITRUS 350ML;1,66;2,49;Ativo
4499;7896462300245;REFRI. DOLLY COLA 350ML;1,69;2,49;Ativo
6005;7896462300276;REFRI. DOLLY UVA 350ML;1,29;2,49;Ativo
1008;7894900031515;REFRI. FANTA LARANJA 2L;7,62;8,99;Ativo
3302;7894900095005;REFRI. FANTA MISTERIO 350ML;1,99;2,99;Ativo
1867;7894900051513;REFRI. FANTA UVA 2L;7,62;8,99;Ativo
6183;7899914200391;REFRI. POPYS GUARANA 2L;3,21;4,49;Ativo
6185;7899914200414;REFRI. POPYS LARANJA 2L;3,21;4,49;Ativo
6184;7899914200407;REFRI. POPYS LIMAO 2L;3,21;4,49;Ativo
2222;7894900681222;REFRI. SPRITE 220ML;2,19;3,49;Ativo
5809;7891149441204;REFRI. SUKITA LARANJA 1L;3,49;5,49;Ativo
1858;7896263503203;REFRI. TISS GUARANÁ 2L;3,39;4,79;Ativo
1857;7896263503654;REFRI. TISS LARANJA 2L;3,39;4,79;Ativo
1859;7896263503678;REFRI. TISS LIMÃO 2L;3,39;4,79;Ativo
5955;7896263503234;REFRI. TISS TUBAINA 2L;3,39;4,49;Ativo
5461;7898221855164;REFRI.CAMPOS GUARANÁ 2L;4,64;6,49;Ativo
2220;7894900093698;REFRI.FANTA GUARANÁ 220ML;1,95;3,49;Ativo
2221;7894900051308;REFRI.FANTA UVA 220ML;2,19;3,49;Ativo
4325;7891991008655;REFRI.GUARANA ANTARTICA 2.5L;7,49;10,99;Ativo
4148;7897395030315;REFRI.IT GUARANA 2L;3,50;4,99;Ativo
4147;7897395030216;REFRI.IT LARANJA 2L;3,50;4,99;Ativo
12376;7894900091014;REFRIG FANTA MARACUJA 2L;7,57;9,49;Ativo
4960;7892840819330;REFRIG PEPSI BLACK 200ML;1,38;1,99;Ativo
3729;7892840813451;REFRIG PEPSI BLACK 2L;6,76;9,49;Ativo
11055;7894900705034;REFRIG S/A COCA COLA  RETORNAVEL  290ML;2,77;4,29;Ativo
1497;7896445472594;REFRIG. INDAIA REFRI LIMÃO 2L;2,99;3,99;Ativo
3045;7891991002202;REFRIG. LATA SODA LIMONADA 350ML;2,67;3,99;Ativo
2134;7891991003162;REFRIG. SODA ANTARTICA 2L;7,29;9,99;Ativo
3047;7891991014991;REFRIG. SODA LIMONADA PET 200ML;1,28;1,99;Ativo
2358;7891991297189;REFRIG. SUKITA LIMÃO 2L;5,39;7,49;Ativo
3046;7891149108299;REFRIG. SUKITA PET 200ML;1,24;1,75;Ativo
3048;7891991298674;REFRIG. SUKITA UVA PET 200ML;1,29;1,75;Ativo
6246;7894900052213;REFRIG.FANTA UVA 200ML;1,30;1,99;Ativo
6879;7891991305396;REFRIG.GUARANÁ 1L;5,00;6,49;Ativo
1795;78910942;REFRIG.GUARANA ANT.237ML PET;0,99;1,49;Ativo
1794;7891991012867;REFRIG.GUARANA ANT.269ML LT;2,07;2,99;Ativo
4882;7891991008792;REFRIG.GUARANA ANT.SEM AÇUCAR 1.5L;5,84;8,49;Ativo
3257;7891991002646;REFRIG.GUARANA ANTART. 600ML;3,40;4,99;Ativo
1793;7891991008778;REFRIG.GUARANA ANTARTICA 1.5L;5,84;7,99;Ativo
1796;7896462300238;REFRIG.GUARANA DOLLY 350ML PET;1,29;2,49;Ativo
1798;7896462300252;REFRIG.LAR DOLLY 350ML PET;1,29;2,49;Ativo
1799;7894900032215;REFRIG.LAR FANTA 200ML PET;1,30;1,99;Ativo
1797;7896462300269;REFRIG.LIMÃO DOLLY 350ML PET;1,29;2,49;Ativo
3723;7892840813512;REFRIG.PEPSI BLACK 350ML;2,67;3,79;Ativo
3973;7892840800406;REFRIG.PEPSI COLA 1L;3,49;5,49;Ativo
3254;7892840800239;REFRIG.PEPSI COLA 600ML;3,49;5,49;Ativo
3255;7891991002653;REFRIG.SODA LIMONADA 600ML;3,49;5,49;Ativo
1792;7894900681031;REFRIG.SPRITE 350ML LT;3,07;4,75;Ativo
4815;7894900681246;REFRIG.SPRITE 600ML;4,28;6,49;Ativo
3256;7891149441501;REFRIG.SUKITA LARAN. 600ML;3,49;4,99;Ativo
4240;7891149440603;REFRIG.SUKITA LARANJA 350ML;2,59;3,79;Ativo
4241;7891149102785;REFRIG.SUKITA UVA 350ML;2,59;3,79;Ativo
2359;7891149107353;REFRIGER. SUKITA TUTI FRUT 2L;3,19;4,49;Ativo
10566;7896437902290;REFRIGERANTE CRUZEIRO 2L TUBAINA;3,59;5,99;Ativo
3376;7896437900012;REFRIGERANTE CRUZEIRO GUARANA 2L;3,59;5,99;Ativo
2238;7894900031751;REFRIGERANTE FANTA LARANJA 1.5;4,39;5,99;Ativo
3044;7892840802790;REFRIGERANTE LATA PEPSI 350ML;2,40;3,79;Ativo
8478;7898942053016;REFRIGERANTE REFRIKO S/GUARANA 2L;3,75;5,49;Ativo
8479;7898942053047;REFRIGERANTE REFRIKO S/LARANJA 2L;3,75;5,49;Ativo
8477;7898942053030;REFRIGERANTE REFRIKO S/LIMAO 2L;3,59;4,99;Ativo
9928;7898942053054;REFRIGERANTE REFRIKO S/UVA 2L;3,59;4,99;Ativo
10207;7898996349400;REFRIGERANTE TUBAINA  2L;4,09;5,99;Ativo
10932;7898276630754;REGISTRO DE GAS IMAR 80CM;17,99;29,99;Ativo
5768;7898402390033;REGULADOR PARA GAS 3255-01;18,50;37,00;Ativo
5907;7891249061166;REGULADOR PARA GAS 504/01;23,00;35,00;Ativo
4330;7891249058319;REGULADOR PARA GAS 504/01;27,49;44,99;Ativo
2575;7896097604046;REM.TRAD.BUFALO 500ML;8,39;11,99;Ativo
7997;7896496972500;REMIX CASTANHAS MAE TERRA 25G;5,31;7,49;Ativo
3164;7896679226833;REMOV ESM ACETONA IDEAL 100ML;2,64;3,99;Ativo
3162;7896679226840;REMOV ESM ACETONA IDEAL 200ML;3,57;4,99;Ativo
3163;7896679226871;REMOV ESM S/ACETONA IDEAL 100ML;2,96;4,49;Ativo
7662;7896213306755;REMOVEDOR BEIRA ALTA UVA 90ML;2,61;3,99;Ativo
2033;7896048421005;REMOVEDOR BRASIL;4,50;6,29;Ativo
1248;7896947010195;REMOVEDOR DE ESM. AVANTE 80ML;0,00;2,49;Ativo
6808;7896524700341;REMOVEDOR MUTIUSO SUPREMA 500ML;3,99;6,99;Ativo
3340;7896213500252;REMOVEDOR SALTE PERFUMADO 500ML;6,90;9,69;Ativo
3339;7896213500276;REMOVEDOR SALTE S/CHEIRO 500ML;6,90;9,69;Ativo
10356;7896183314897;REMOVEDOR SANOL TRADICIONAL 500ML;15,96;22,99;Ativo
8031;7896524700389;REMOVEDOR SUPREMA 1L;6,45;8,99;Ativo
8910;7896524700815;REMOVEDOR SUPREMA FLORATA 1L;6,45;8,99;Ativo
8029;7896524700808;REMOVEDOR SUPREMA FLORATA 500ML;4,39;6,49;Ativo
8964;7898917671566;REMOVEDOR TUPI 5EM1 500ML;1,10;2,99;Ativo
8965;7898910095123;REMOVEDOR TUPI TRADICIONAL 500ML;2,38;3,99;Ativo
8885;7896090706327;REMOVEDOR ZULU 900ML;7,49;10,49;Ativo
8886;7896090706341;REMOVEDOR ZULU PERFUMADO 450ML;11,50;16,49;Ativo
3898;7896090704026;REMOVEDOR ZUMBI 500ML;7,00;9,99;Ativo
4854;7898211381604;REP.DE PONTAS ARGAN 30ML;3,97;5,99;Ativo
5171;7898211382632;REP.DE PONTAS BABOSA 30ML;3,97;5,99;Ativo
4855;7898211380515;REP.DE PONTAS CRAMIDAS 30ML;3,97;5,99;Ativo
5172;7898211380508;REP.DE PONTAS MANT.KARITE 30ML;3,97;5,99;Ativo
5173;7898211382151;REP.DE PONTAS MANT.KARITE 30ML;3,97;5,99;Ativo
8838;7896221806865;REPARADOR DE PONTAS MARCIA 35ML;6,81;9,99;Ativo
4541;7896013100133;REPELENTE ESPIRAL SENTINELA C/10;2,72;4,19;Ativo
9081;7894650130070;REPELENTE OFF FAMILY 200ML;22,36;31,99;Ativo
6073;7894650005712;REPELENTE OFF KIDS 200ML;17,00;24,99;Ativo
2193;7891035618277;REPELENTE SBP REFIL C/2;18,45;25,99;Ativo
238;2921;REPOLHO ROXO KG;2,50;4,99;Ativo
91;1601;REPOLHO VERDE KG;3,00;6,99;Ativo
10650;7896294901610;REQ PAULISTA TRAD 180G CP;4,39;6,99;Ativo
10505;7891143013919;REQ POLENGUI CREM LIGHT 200G;6,59;9,49;Ativo
6982;7891164027377;REQ.CREMOSO AURORA 200G;5,86;8,99;Ativo
8699;7896625211227;REQ.DANUBIO TRAD.190G;7,30;10,49;Ativo
9138;7898955617397;REQ.POÇOS DE CALDA.200G;4,99;8,99;Ativo
7380;7891164028756;REQUEIJAO C/QUEIJO AURORA 400G;11,89;16,99;Ativo
8947;7891097104404;REQUEIJAO C/QUEIJO BATAVO 400G;10,59;16,49;Ativo
4045;7896629630178;REQUEIJÃO CANTO DE MINAS 200G;6,51;9,49;Ativo
6974;7896353300033;REQUEIJAO CATUPIRY POUCH 250G;12,69;18,49;Ativo
2132;7891025699880;REQUEIJÃO CREM. DANONE 200G;4,75;7,99;Ativo
1922;7896557200030;REQUEIJÃO CREMILLE 200G;2,59;3,79;Ativo
6916;7896051164661;REQUEIJÃO CREMODO ITAMBE 400G;9,99;9,99;Ativo
9843;7896114101725;REQUEIJAO CREMOSO BISNAGA IPANEMA 400G;14,41;20,99;Ativo
5886;7896862001643;REQUEIJAO CREMOSO FRUTAP 180G;5,60;7,99;Ativo
5785;7896114109981;REQUEIJAO CREMOSO IPANEMA 180G;6,49;9,49;Ativo
9376;7896114101688;REQUEIJAO CREMOSO IPANEMA 380G;12,85;17,99;Ativo
7316;7896114101176;REQUEIJAO CREMOSO IPANEMA 420G;10,38;16,99;Ativo
9827;7896030521690;REQUEIJAO CREMOSO TIROLEZ 400G;9,90;17,99;Ativo
7839;7896625211401;REQUEIJAO CREMOSO VIGOR 400G;15,25;21,99;Ativo
504;8763;REQUEIJAO DO NORTE KG;50,00;69,99;Ativo
1082;7896862000486;REQUEIJÃO FRUTAP TRAD. 190G;5,30;7,49;Ativo
8643;7896114109974;REQUEIJAO IPANEMA LIGHT 180G;6,24;9,49;Ativo
7150;7896051167167;REQUEIJAO ITAMBE 200G;5,39;7,99;Ativo
7152;7896051167174;REQUEIJAO ITAMBE LIGHT 200G;5,33;7,99;Ativo
376;6913;REQUEIJAO ITAMBE LIGHT 200G;4,99;7,99;Ativo
8954;7891000084663;REQUEIJAO NESTLE LIGHT 200G;4,99;8,99;Ativo
10984;7891097001581;REQUEIJAO POCOS DE CALDA 400GR;11,90;17,99;Ativo
2513;7891515557454;REQUEIJÃO QUALY TRAD.200G;6,74;9,79;Ativo
2438;7898598750062;REQUEIJAO QUATA~TRAD.180G;4,39;5,49;Ativo
10075;7891999011565;REQUEIJAO SABOR CHEDDAR VIGOR 1,5KG;53,00;69,99;Ativo
5801;7898217001445;REQUEIJAO SUPREMO 200G;4,99;6,99;Ativo
3296;7896030518027;REQUEIJÃO TIROLEZ 200G;5,39;8,99;Ativo
10294;7896030518751;REQUEIJAO TIROLEZ LIGHT 200G;7,76;11,49;Ativo
9828;7896030520273;REQUEIJAO TIROLEZ ZERO LACTOSE 200G;8,19;11,99;Ativo
4112;7891000084649;REQUEIJÃO TRAD. NESTLE 200G;6,49;9,99;Ativo
8946;7896353301184;REQUEIJAO TRADICIONAL CATUPIRY 200G;5,39;9,99;Ativo
1923;7891999144485;REQUEIJÃO VIGOR 200G;6,29;11,99;Ativo
4234;7891999000064;REQUEIJÃO VIGOR 500G;9,98;14,99;Ativo
5986;7891999144461;REQUEIJÃO VIGOR LIGHT 200G;8,03;11,99;Ativo
5692;7896451862877;RESIST BELLA DUCHA 220/6800W;20,90;29,99;Ativo
5691;7896451876669;RESIST BELLA DUCHA ULTRA 220/6800W;34,49;49,99;Ativo
5690;7896451845092;RESIST CHUVEIRO BELLA DUCHA 220/6800W;34,50;49,99;Ativo
4792;7896451800497;RESIST CHUVEIRO LORENZETTI 220V;15,79;22,99;Ativo
6047;7891071441204;RESIST HYDRA 3T;17,90;17,90;Ativo
3355;7898018513222;RESISTENCIA PRA DUCHA 220V;1,99;3,99;Ativo
2329;7791293022635;REXONA AEROSOL 48H INVIS.150ML;11,66;16,99;Ativo
4949;78924345;REXONA BAMBOO.ROLLON 48H 150ML;6,99;9,99;Ativo
12149;75076870;REXONA CLINICAL EXTRA DRY 58G;15,92;23,99;Ativo
12148;75078836;REXONA CLINICAL REFRESH 58G;15,92;23,99;Ativo
2423;7791293032467;REXONA COTTON.DRY 48H 150ML;10,67;16,49;Ativo
2210;7791293032498;REXONA DOVE BAMBOO;10,67;16,49;Ativo
2424;7891150064737;REXONA FRUTAS.VER 48H 150ML;10,58;16,99;Ativo
2425;7791293032481;REXONA INVISIBLE 48H 150ML;10,67;16,49;Ativo
3514;78925472;REXONA MEN INVISIBLE ROLOON 50ML;6,96;9,99;Ativo
2201;7791293022567;REXONA MEN V8 48H 150ML;9,90;16,49;Ativo
2422;7891150054646;REXONA.MEN IMPACTO72H 150ML;11,39;16,99;Ativo
320;5969;RICOTA FRESCA IPANEMA CADA PECA;16,98;24,99;Ativo
1044;7909224447352;RIDER STRIKE KIDS N°29;0,00;14,99;Ativo
6031;7891962051574;ROCAMBOLE ROLL BAUDUCCO 34G;1,65;2,29;Ativo
10314;7897788813006;RODINHO PIA;2,99;3,99;Ativo
10007;7898951534131;RODO 30 CM;5,39;7,99;Ativo
261;3658;RODO 40 CM;5,99;8,99;Ativo
10006;7898951534148;RODO 40CM;5,99;8,99;Ativo
4012;7898068960366;RODO 45 CM;7,99;11,99;Ativo
262;3660;RODO 60 CM;7,79;14,99;Ativo
10214;7898927066116;RODO 60CM;7,79;14,99;Ativo
9203;7898068960342;RODO JACARE 30CM;5,39;7,99;Ativo
9204;7898068960427;RODO JACARE 40CM;5,99;8,49;Ativo
109;1732;RODO PEQUEN. 30 CM;5,39;7,99;Ativo
6049;7897682605233;RODO PLASTICO LUXO 40CM;4,99;7,99;Ativo
10216;7898199870039;RODO ZINCO 30CM;6,99;10,49;Ativo
10215;7898199870046;RODO ZINCO 40CM;7,99;11,99;Ativo
10704;2370;ROLHAO DOCES PRIMO 70G;1,00;1,99;Ativo
7895;7898970162490;ROLL DIPLOKO TUTTI FRUTTI 18G;2,29;3,49;Ativo
7310;7896044998792;ROLLON GIOVANNA BABY BLUEBERRY KIT C/2;7,43;10,99;Ativo
5220;7891040102518;ROLO ADESIVO SCOTCH BRITE 21F;15,01;22,49;Ativo
1424;7898926842414;ROSQUINHA DE CHOC. RACINE 300G;1,19;1,49;Ativo
5116;7896011102696;ROSQUINHA DE COCO PARATI 335G;5,07;7,29;Ativo
1426;7898926842391;ROSQUINHA DE COCO RACINE 300G;1,99;2,99;Ativo
4959;7896253401465;ROSQUINHA DE COCO RANCHEIRO 300G;2,55;4,29;Ativo
8563;788115681542;ROSQUINHA DE COCO SR LORENZO 150G;2,76;3,99;Ativo
1425;7898926842407;ROSQUINHA DE LEITE RACINE 300G;1,99;2,99;Ativo
290;4833;ROSQUINHA DOCE UN;0,00;3,99;Ativo
10707;7896071030038;ROSQUINHA MABEL BANANA E CANELA 300G 300G;3,02;4,49;Ativo
10708;7896071030007;ROSQUINHA MABEL COCO 300G;3,02;4,49;Ativo
3388;7896071025423;ROSQUINHA MABEL SABOR COCO 100G;0,99;1,49;Ativo
3389;7896071025430;ROSQUINHA MABEL SABOR LEITE 100G;0,99;1,49;Ativo
6449;7891203021137;ROSQUINHA PANCO BAUNILHA 500G;6,53;10,49;Ativo
59;1144;ROSQUINHA PANCO COCO 500G;3,69;4,99;Ativo
5075;7622210571519;SUCO TANG MANGA 18G;0,84;1,39;Ativo
5074;7622210571687;SUCO TANG MARACUJA 18G;0,84;1,39;Ativo
5079;7622210571700;SUCO TANG MORANGO 18G;0,85;1,39;Ativo
5491;7622210571618;SUCO TANG TANGERINA 18G;0,85;1,39;Ativo
5080;7622210571861;SUCO TANG UVA 18G;0,62;1,39;Ativo
5639;7622210571663;SUCO TANG UVA INTENSA 18G;0,79;1,25;Ativo
2550;7622210932402;SUCO TANG UVA INTENSA 25G;0,89;1,25;Ativo
2155;7622300861346;SUCO TANG.CAJU 25G;0,99;0,99;Ativo
2160;7622210762962;SUCO TANG.GOIABA 25G;19,78;28,99;Ativo
2159;7622300820770;SUCO TANG.GUARANÁ 25G;0,99;1,25;Ativo
2157;7622210762894;SUCO TANG.LARANJA DOCINHA 25G;0,89;1,25;Ativo
2161;7622300861872;SUCO TANG.LARANJA+MAMÃO 25G;0,89;1,25;Ativo
2158;7622300861957;SUCO TANG.MANGA 25G;0,89;1,25;Ativo
2156;7622300862077;SUCO TANG.TANGERINA 25G;0,99;1,25;Ativo
7933;7896005310182;SUCO TIAL 100 MACA 330ML;3,19;4,69;Ativo
8661;7896005311691;SUCO TIAL 100% UVA 330ML;3,94;5,49;Ativo
6736;7896005310168;SUCO TIAL 100% UVA 330ML;3,19;4,69;Ativo
6734;7896005310410;SUCO TIAL 100%POLPA GOIABA 330ML;3,94;5,49;Ativo
6733;7896005310427;SUCO TIAL 100%POLPA MANGA 330ML;3,19;4,69;Ativo
6735;7896005310434;SUCO TIAL 100%POLPA PESSEGO 330ML;3,94;5,49;Ativo
9349;7896005302019;SUCO TIAL GOIABA 1L;5,74;7,99;Ativo
7268;7896005310656;SUCO TIAL LARANJA 100% 330ML;2,96;4,69;Ativo
9345;7896005302064;SUCO TIAL LARANJA 1L;5,74;7,99;Ativo
9346;7896005302033;SUCO TIAL MARACUJA 1L;5,74;7,99;Ativo
10596;7896005311776;SUCO TIAL NECTAR S/GOIABA 200ML;1,29;2,25;Ativo
10597;7896005311783;SUCO TIAL NECTAR S/LARANJA 200ML;1,29;2,25;Ativo
10595;7896005311769;SUCO TIAL NECTAR S/MANGA 200ML;1,29;2,25;Ativo
10599;7896005309926;SUCO TIAL NECTAR S/MARACUJA 200ML;1,29;2,25;Ativo
10598;7896005311707;SUCO TIAL NECTAR S/UVA 200ML;1,29;2,25;Ativo
9347;7896005302040;SUCO TIAL PESSEGO 1L;5,74;7,99;Ativo
9348;7896005311714;SUCO TIAL UVA 1L;4,89;7,99;Ativo
8660;7896005311721;SUCO TIAL UVA 330ML;2,62;3,49;Ativo
9040;7898953148909;SUCO TROPICAL DE CAJU PRATS 300ML;3,99;5,69;Ativo
9041;7898953148916;SUCO TROPICAL DE CAJU PRATS 900ML;10,49;14,99;Ativo
1738;7891999100023;SUCO VIGOR MARACUJÁ 200ML;1,69;2,49;Ativo
1740;7891999340108;SUCO VIGOR MORANGO 200ML;1,49;2,49;Ativo
7969;7891999100016;SUCO VIGOR S/MACA 200ML;1,69;2,49;Ativo
1739;7891999100047;SUCO VIGOR UVA 200ML;1,69;2,49;Ativo
3219;7898931140062;SUCO VITA ABACAXI 35G;0,55;0,79;Ativo
2997;7898931140017;SUCO VITA LARANJA 35G;0,55;0,79;Ativo
3218;7898931140024;SUCO VITA LIMÃO 35G;0,55;0,79;Ativo
2998;7898931140055;SUCO VITA MARACUJA 35G;0,55;0,79;Ativo
3000;7898931140260;SUCO VITA MORANGO 35G;0,55;0,79;Ativo
5999;7898931140284;SUCO VITA PESSEGO 35G;0,55;0,79;Ativo
2999;7898931140048;SUCO VITA UVA 35G;0,55;0,79;Ativo
4035;7896623100042;SUCO XANDÔ LARANJA 300ML;4,66;6,49;Ativo
3822;7896623100509;SUCO XANDÔ LARANJA 900ML;11,05;14,99;Ativo
4044;7896623100479;SUCO XANDÔ UVA 300ML;4,05;5,79;Ativo
7427;7898274991253;SUCO XTAPA S/FRUTAS.C 450ML;1,45;2,29;Ativo
8718;7898274991260;SUCO XTAPA S/LAR.ACEROLA 450ML;1,45;2,29;Ativo
8717;7898274991277;SUCO XTAPA S/MARACUJA 450ML;1,45;2,29;Ativo
8719;7898274991284;SUCO XTAPA S/MARACUJA.MOR 450ML;1,45;2,29;Ativo
8716;7898274991574;SUCO XTAPA S/UVA 450ML;1,45;2,29;Ativo
4215;7622210696595;SUCO.PÓ CLIGHT MARACUJA  8G;1,30;1,79;Ativo
4214;7622210696670;SUCO.PÓ CLIGHT UVA 8G;1,25;1,79;Ativo
6519;7896004000534;SUCRILHOS CORN FLAKES ORI. 200G;8,55;11,99;Ativo
7203;7896004002767;SUCRILHOS KELLOGGS 1KG;23,93;34,99;Ativo
8438;7896004007618;SUCRILHOS KELLOGGS 240G;6,39;9,49;Ativo
2803;7896004005270;SUCRILHOS KELLOGGS 250G;6,38;9,79;Ativo
7401;7896004007342;SUCRILHOS KELLOGGS 690G;16,99;20,99;Ativo
6174;7896004007649;SUCRILHOS KELLOGGS CHOCO KRISPIS 100G;3,93;5,99;Ativo
6307;7896004007366;SUCRILHOS KELLOGGS CHOCOLATE 240G;6,58;9,99;Ativo
5115;7896004007731;SUCRILHOS KELLOGGS DOCE LEITE 110G;3,84;5,99;Ativo
9822;7896004011288;SUCRILHOS KELLOGGS MIX 200G;7,59;10,99;Ativo
4311;7896004007632;SUCRILHOS KELLOGGS ORIGINAL 110G;3,85;5,99;Ativo
3728;7896004007427;SUCRILHOS KELLOGGS ORIGINAL 240G;9,57;9,99;Ativo
4895;7896004005355;SUCRILHOS KELLOGGS ORIGINAL 240G;6,06;8,99;Ativo
5353;7896004004679;SUCRILHOS KELLOGGS ORIGINAL 510G;13,98;14,99;Ativo
9352;7896004011325;SUCRILHOS KELLOGGS ORIGINAL 690G;13,79;19,99;Ativo
8633;7896004006697;SUCRILHOS KELLOGGS ORIGINAL 700G;13,41;18,99;Ativo
8682;7896004010939;SUCRILHOS KELLOGGS ORIGINAL 800G;15,59;21,99;Ativo
10404;7896004011615;SUCRILHOS KELLOGGS OVOMALTINE 90G;4,56;6,99;Ativo
9190;7896004010953;SUCRILHOS KELLOGGS S/CHOCOLATE 110G;3,82;5,99;Ativo
2257;7896004001371;SUCRILHOS ORIGINAL 120G;3,44;4,99;Ativo
2256;7896004001357;SUCRILHOS SABOR CHOC. 120G;3,43;4,99;Ativo
735;7898192030218;SUFRESH GRAPE SABOR UVA 330ML;1,69;2,49;Ativo
730;7891149100378;SUKITA SABOR LARANJA 2L;5,39;7,49;Ativo
731;7891149102815;SUKITA SABOR UVA 2L;4,99;7,49;Ativo
3359;7896048285270;SUMO DE LIMÃOM CASTELO 500ML;7,29;8,49;Ativo
9398;7898473365947;SUNDAE CHOCOLATE 180ML;4,00;6,00;Ativo
9397;7898473365930;SUNDAE MORANGO 180ML;4,00;6,00;Ativo
2721;7896321150561;SUPER ALHO 500G;6,20;8,99;Ativo
9001;7896004003870;SUPER BALLS CHOC SUPERBOM 200G;6,53;9,49;Ativo
9433;7891035040191;SUPER BARRA VANISH CORES 75G;5,64;8,49;Ativo
9432;7891035040269;SUPER BARRA VANISH WHITE 75G;5,64;8,49;Ativo
4695;7891200190942;SUPER BONDE ORIGINAL 3G;4,29;6,49;Ativo
4354;7891200006052;SUPER BONDER;4,05;6,49;Ativo
1064;7891200016174;SUPER BONDER ORIG. LV2 PG1 3G;3,90;5,99;Ativo
6861;7891200015153;SUPER BONDER ULTRA 20G;7,14;9,99;Ativo
756;7896024872913;SUPEREBOM SUCO DE UVA INTG. 1L;4,99;7,49;Ativo
329;6006;SUPERGAZ BOTIJAO 13K;75,00;100,00;Ativo
9177;7896798603560;SUPINO ORIGINAL BAN AO LEITE 24G;1,79;2,49;Ativo
9178;7896798603614;SUPINO ZERO BANANA/ACAI 24G;1,83;2,79;Ativo
6462;1220000250055;SUPLEM ALIM. REIGN LEMON HDZ 473ML;7,24;9,99;Ativo
6461;1220000250109;SUPLEM ALIM. REIGN MANG-O MATC 473ML;7,24;9,99;Ativo
6646;1220000250079;SUPLEM ALIM. REIGN MELON MANIA 473ML;7,93;10,99;Ativo
6645;1220000250123;SUPLEM ALIM. REIGN ORANGE 473ML;7,25;9,99;Ativo
5772;7896083023165;SUPORTE BOTIJÂO GÁS;1,29;2,99;Ativo
1022;7898085891285;SUPORTE DE GALÃO DE 10L Á 20L;0,00;21,00;Ativo
365;6845;SUPORTE P/GAS;0,80;5,00;Ativo
10002;7891021000949;SUPORTE PARA FILTRO MELITA 103;8,99;13,99;Ativo
3333;7891021000925;SUPORTE PARA FILTRO MELITTA 102;6,87;9,99;Ativo
6292;7898932051138;SUPORTE SIMPLES LUXO CADA;16,50;24,99;Ativo
9390;7898473364674;SUPREME CHOC C/ AVELA 1.5L;20,00;27,99;Ativo
9392;7898473364575;SUPREME LEITINHO TRUFADO 1.5L;20,00;27,99;Ativo
9391;7898473364711;SUPREME MOUSSE MARACUJA 1.5L;22,10;27,99;Ativo
9393;7898473364728;SUPREME NAPOLITANO 1.5L;20,00;27,99;Ativo
6173;7898171341342;SUSPIRO BISCOITONE 50G;1,09;0,99;Ativo
3237;7898171341359;SUSPIRO BISCOITONE S.MORANGO 50G;1,15;1,99;Ativo
3195;7898171340635;SUSPIRO CASEIRO BISCOITONE 100G;2,10;2,99;Ativo
6843;7898277900061;SUSPIRO DE COCO JJ 40G;0,89;1,29;Ativo
6853;7898277900078;SUSPIRO DE LEITE CONDENSADO JJ 40G;0,89;1,29;Ativo
6855;7898277900153;SUSPIRO DE MARACUJA JJ 40G;0,89;1,29;Ativo
6854;7898277900139;SUSPIRO DE MORANGO JJ 40G;0,89;1,29;Ativo
7926;7896673000118;SUSPIRO KE DELICIA TRADICIONAL 70G;2,28;3,49;Ativo
7928;7896673042880;SUSPIRO KEDELICIA S/LEITE.COND 100G;3,45;4,49;Ativo
7927;7896673042903;SUSPIRO KEDELICIA S/LIMAO 100G;3,19;4,49;Ativo
7929;7896673042910;SUSPIRO KEDELICIA S/MARACUJA 100G;3,19;4,49;Ativo
7925;7896673042897;SUSPIRO KIDELICIA S/MORANGO 100G;3,19;4,49;Ativo
5522;7891234560261;SUSPIRO TRADICIONAL LISSA 50G;0,95;1,75;Ativo
2832;7898941911287;SUSTAGEM KIDS NUTRIÇÃO COMPLETA 190G;7,26;9,99;Ativo
4139;7898941911270;SUSTAGEM KIDS NUTRIÇÃO COMPLETA BAUN.190G;10,00;13,99;Ativo
6741;7898941911058;SUSTAGEN KIDS BAUNILHA LATA 380G;19,76;20,99;Ativo
6323;7898026321673;SALG. PINGOLITOS PRESUNTO 120G;2,70;3,79;Ativo
4216;7898026321604;SALG. PINGOLITOS PRSUNTO 40G;0,00;1,49;Ativo
6197;7898026321611;SALG. PINGOLITOS QUEIJO 40G;0,99;1,49;Ativo
6324;7898026321642;SALG. PINGOLITOS REQUEIJAO 120G;2,70;3,79;Ativo
6196;7898026321628;SALG. PINGOLITOS REQUEIJAO 40G;0,99;1,49;Ativo
3196;7898026321574;SALG. PINGOOL BACON 50G;0,99;1,49;Ativo
1491;7898026320263;SALG. PINGOOL BACON 50G;0,65;0,99;Ativo
1489;7898026320270;SALG. PINGOOL CEB. E SALSA 50G;0,65;0,99;Ativo
3933;7898026321581;SALG. PINGOOL CEBOLA E SALSA 40G;0,49;1,49;Ativo
3934;7898026321598;SALG. PINGOOL CHURRASCO 40G;0,49;1,49;Ativo
1494;7898026320287;SALG. PINGOOL CHURRASCO 50G;0,65;0,99;Ativo
1490;7898026320300;SALG. PINGOOL PRESUNTO 50G;0,65;0,99;Ativo
1492;7898026320317;SALG. PINGOOL QUEIJO 50G;0,65;0,99;Ativo
1493;7898955341315;SALG. PINGOOL REQUEIJÃO 50G;0,65;0,99;Ativo
2013;7892840816049;SALG. RUFFLES CEB/SALSA 84G;5,97;7,99;Ativo
2015;7892840255046;SALG. RUFFLES CHURRASCO 57G;5,99;4,99;Ativo
2014;7892840253844;SALG. RUFFLES ORIGINAL 57G;5,99;4,99;Ativo
2544;7892840817053;SALG. TORCIDA FLAMIN70G;0,00;1,99;Ativo
3100;7892840816933;SALG. TORCIDA P. QUEIJO 70G;0,00;1,99;Ativo
5884;618231735426;SALG. TRINCHITO PIZZA 45G;0,99;1,49;Ativo
5885;618231735440;SALG. TRINCHITO QUEIJO 45G;0,99;1,49;Ativo
2047;7892840814601;SALG.BACONZITOS 28G;1,19;1,99;Ativo
4342;7898540920093;SALG.BISCONOBRE BACON 60G;2,00;2,99;Ativo
3397;7892840818487;SALG.CEBOLITOS 31G;1,90;2,49;Ativo
3399;7892840817787;SALG.CHEETOS LUA 33G;1,52;1,99;Ativo
2018;7892840816797;SALG.CHEETOS LUA 37G;1,49;1,99;Ativo
3398;7892840817855;SALG.CHEETOS MIX 32G;1,52;1,99;Ativo
2017;7892840816841;SALG.CHEETOS MIX 37G;1,49;1,99;Ativo
2045;7892840816803;SALG.CHEETOS REQUEIJÃO 37G;1,52;1,99;Ativo
3396;7892840817886;SALG.CHEETOS TUBO 32G;1,52;1,99;Ativo
1889;7892840252649;SALG.CHETETOS LUA 140G;4,49;7,99;Ativo
2016;7892840253745;SALG.DORITOS 55G;3,99;4,49;Ativo
1892;7892840815912;SALG.DORITOS 84G;5,40;9,99;Ativo
5475;7892840816414;SALG.ELMA CHIPS CEBOLITOS 60G;5,20;7,49;Ativo
2048;7892840816209;SALG.FANDAGOS PRESUNTO 37G;1,52;1,99;Ativo
2049;7892840816339;SALG.FANDAGOS QUEIJO 140G;5,97;7,99;Ativo
2046;7892840816216;SALG.FANDAGOS QUEIJO 37G;1,52;1,99;Ativo
1891;7892840816322;SALG.FANDANGOS PRESUNTO 140G;8,90;12,99;Ativo
3403;7892840816346;SALG.FANDANGOS PRESUNTO 80G;5,24;6,99;Ativo
6567;789840816346;SALG.FANDANGOS PRESUNTO 80G;5,24;6,99;Ativo
2680;7892840817008;SALG.FOFURA REQUEIJÃO 90G;1,75;2,49;Ativo
2790;7891203068231;SALG.PANCO BISNACK GALETO 80G;1,12;1,99;Ativo
2791;7891203068224;SALG.PANCO BISNACK SALAME 80G;1,66;2,49;Ativo
3402;7892840816742;SALG.RUFLES CEB.SALSA 37G;2,27;2,99;Ativo
3400;7892840816766;SALG.RUFLES CHURRASCO 37G;2,27;2,99;Ativo
3401;7892840816759;SALG.RUFLES ORIGINAL 37G;2,27;2,99;Ativo
1959;7892840816872;SALG.TORCIDA CEBOLA 70G;1,49;2,89;Ativo
4193;7896071025188;SALG.TORCIDA COSTELINHA 70G;1,79;2,79;Ativo
1958;7892840816858;SALG.TORCIDA PIMENTA MEXI. 70G;1,45;2,29;Ativo
1957;7892840816919;SALG.TORCIDA QUEIJO 70G;1,49;1,49;Ativo
72;1400;SALGAD.FOFURA CHURRASCO 90G;1,30;1,99;Ativo
1942;7892840814182;SALGAD.FOFURA CHURRASCO 90G;1,75;2,49;Ativo
4401;7898931140468;SALGADINHO BACON AMAVITA 45G;1,37;2,49;Ativo
8229;7897546005100;SALGADINHO BACON FRITMAX 45G;1,25;1,99;Ativo
4400;7898931140482;SALGADINHO CEBOLA AMAVITA 45G;1,32;1,99;Ativo
12459;7892840824396;SALGADINHO CEBOLITOS 91G;7,41;9,99;Ativo
12225;7892840825003;SALGADINHO CHEETOS 75G REQUEIJAO ONDA;6,20;9,99;Ativo
1488;7898944639386;SALGADINHO FRITOP BACON 40G;0,99;1,49;Ativo
9455;7898026322618;SALGADINHO FRITOP TWIST MIX 170G;0,00;7,99;Ativo
1654;7898937826229;SALGADINHO LOBITS PRESUN 50G;0,99;0,99;Ativo
11024;7896356275109;SALGADINHO LULA CREK BAC 53G;0,95;1,49;Ativo
11020;7896356275123;SALGADINHO LULA CREK CEB 53G;0,95;1,49;Ativo
11019;7896356275130;SALGADINHO LULA CREK CHUR 53G;0,95;1,49;Ativo
11023;7896356275147;SALGADINHO LULA CREK PIZ 53G;0,95;1,49;Ativo
11022;7896356275154;SALGADINHO LULA CREK PRES 53G;0,95;1,49;Ativo
11021;7896356275178;SALGADINHO LULA CREK QUEIJ 53G;0,95;1,49;Ativo
12221;7896356275161;SALGADINHO LULA CREK REQ 53G;0,95;1,49;Ativo
4205;7898633332055;SALGADINHO ROMANATO CEBOLA 80G;0,99;1,99;Ativo
4206;7898633332062;SALGADINHO ROMANATO PRESUNTO 80G;0,99;1,99;Ativo
5406;618231735402;SALGADINHO TRINCHITO CHURRASCO 45G;0,95;1,49;Ativo
5407;618231735457;SALGADINHO TRINCHITO CHURRASCO 45G;0,95;1,49;Ativo
305;5307;SALGADOS DIVERSOS;2,00;3,99;Ativo
3266;7891095154630;SALSA 100% KITANO 8G;1,50;2,49;Ativo
35;33;SALSA CADA;2,00;3,49;Ativo
1643;7897457620966;SALSA DESDRATADA BAMBU 10G;0,90;1,79;Ativo
12107;7898930142982;SALSARETTI ERVILHA 170G;3,10;4,49;Ativo
5705;7898430869877;SALSICHA AO MOLHO BORDON 300G;4,33;6,49;Ativo
11;4789116400510;SALSICHA AURORA;7,90;13,99;Ativo
5976;7891164054106;SALSICHA AURORA HOT-DOG 500G;8,71;12,49;Ativo
10900;10001;salsicha de fgo holambra;6,79;9,99;Ativo
926;7896041110012;SALSICHA EM CONS. ODERICH 280G;0,00;2,99;Ativo
593;7892970120122;SALSICHA HOT DOG ESTRELA KG;6,43;9,99;Ativo
2474;7896275920265;SALSICHA HOT DOG FRIMESA 420G;4,89;6,99;Ativo
488;7891164135287;SALSICHA NOBRE KG;8,90;12,49;Ativo
9330;7891515742034;SALSICHA PERDIGAO HOT DOG 500G;10,91;15,49;Ativo
213;7891515945206;SALSICHA PERDIGÃO REFRIADA KG;9,25;19,99;Ativo
192;2512;SALSICHA SADIA KG;12,22;14,99;Ativo
171;7894904877027;SALSICHA SEARA KG;8,54;12,99;Ativo
9061;7891515742065;SALSICHA TIPO VIENA PERDIGAO 500G;11,45;15,99;Ativo
925;7896037515074;SALSICHA TP VIENA ANGLO 300G;0,00;2,99;Ativo
924;7896031232083;SALSICHA TP VIENA BORDON 300G;4,63;6,99;Ativo
1035;7898643680252;SAND. BANDEIRA ADULTO BOM PÉ;6,69;9,99;Ativo
958;7898957282098;SAND. KAZZIR CHINELÃO BOM PÉ;15,80;23,69;Ativo
1032;7898643680245;SAND. KAZZIR FEM. ADULTO B. PÉ;11,20;16,79;Ativo
1031;7898643680696;SAND. KAZZIR FEM. ADULTO B. PÉ;11,20;16,79;Ativo
1033;7898957282173;SAND. KAZZIR FEM. ADULTO B. PÉ;11,20;16,79;Ativo
4332;7891164026189;SAND.X BURGER AURORA GRELHADO 130G;4,16;5,99;Ativo
53;473;SANDÁLIA KAZZIR JUVENIL;8,99;13,49;Ativo
1384;7898643680054;SANDÁLIA KAZZIR JUVENIL;0,00;13,49;Ativo
1034;7898643680023;SANDÁLIA KAZZIR JUVENIL;8,99;13,49;Ativo
960;7898957282654;SANDÁLIA KAZZIR JUVENIL BOM PÉ;8,99;13,49;Ativo
959;7898643680061;SANDÁLIA KAZZIR JUVENIL BOM PÉ;8,99;13,49;Ativo
956;7898643682485;SANDÁLIAS KAZZIR ADULTO BOM PÉ;11,20;16,79;Ativo
957;7898643682010;SANDÁLIAS KAZZIR MASC. BOM PÉ;11,20;16,79;Ativo
5916;7891164026974;SANDUICHE CHEDDAR 145G;5,88;8,99;Ativo
3453;7891164026233;SANDUICHE FAROSTE X BURGUER 130G;4,10;5,99;Ativo
3454;7891164026196;SANDUICHE FAROSTE X CHEDDAR 130G;5,41;7,49;Ativo
5915;7891164026943;SANDUICHE X-BACON C/REQUEIJÃO;5,99;8,99;Ativo
1412;7896403900268;SANTOMÉ VINHO BORDO SUAVE 1L;14,28;21,49;Ativo
762;7896403990016;SANTOMÉ VINHO SUAVE 1L;14,92;21,99;Ativo
1411;7896403980024;SANTOMÉ VINHO TINTO SECO 1L;17,74;25,99;Ativo
746;7896022610005;SÃO JOÃO DA BARRA 900ML;18,99;27,99;Ativo
8901;7891022852752;SAPOLIO BOMBRIL MULTIUSO EM PO 300G;4,77;7,99;Ativo
10949;7891022861068;SAPOLIO RADIUM CREM LAVANDA 250ML;6,60;10,49;Ativo
3452;7891022471007;SAPOLIO RADIUM EM BARRA 200G;1,99;2,99;Ativo
10948;7891022861174;SAPOLIO RADIUM LIMPA ALUMINIO 250ML;7,95;11,49;Ativo
5248;7891022861167;SAPÓLIO RADIUM LIMPA INOX 250ML;6,89;9,99;Ativo
103;1686;SAQUINHO DE LEG.VERD.;0,00;0,99;Ativo
1464;7898342050257;SARD. NAUTIQUE MOL. TOM. 84G;2,39;3,85;Ativo
1575;7891167099685;SARD. RAL. 88 MOLHO TOMATE 90G;3,19;4,99;Ativo
1761;7891167021013;SARD.GOMES DA COSTA C/OLE 125G;4,79;6,99;Ativo
11097;7898943163011;SARDINHA C/OLEO ROBINSON 125G;3,99;5,99;Ativo
6237;5789116782103;SARDINHA GOMES DA COSTA S/LIMAO 125G;4,71;6,99;Ativo
2987;7891167021020;SARDINHA GOMES MOLHO DE TOM. 125G;4,71;6,99;Ativo
1465;7898342050486;SARDINHA LAJE SOMAG ÓLEO 84G;2,09;3,35;Ativo
1364;7898342050240;SARDINHA NAUTIQUE C/ ÓLEO 84G;2,39;3,85;Ativo
12403;7896114901738;SARDINHA OLEO PESCADOR 125G;4,03;5,99;Ativo
5138;7898943163028;SARDINHA ROBINSON CRUSOE 125G;3,99;5,79;Ativo
903;7896009301063;SARDNHA COQ. C/ MOL. TOM  125G;4,23;6,49;Ativo
902;7896009301049;SARDNHA COQUEIRO AO ÓLEO 125G;4,23;6,49;Ativo
6683;7894904197736;SASSAMI SEARA 1KG;11,81;16,49;Ativo
643;7891132019281;SAZÓN CARNES 60G;4,35;6,29;Ativo
4747;7891132110223;SAZON EM PÓ S.COSTELA 32.5G;1,65;2,49;Ativo
4746;7891132110230;SAZON EM PÓ S.GALINHA 32.5G;1,70;2,49;Ativo
1732;7891132019724;SAZÓN FEIJÃO 60G;4,35;6,29;Ativo
642;7891132019274;SAZÓN FRANGO 60G;4,35;6,29;Ativo
641;7891132019403;SAZÓN LEGUMES 60G;4,35;6,29;Ativo
4966;7891132008704;SAZON LIMAO 60G;4,20;5,99;Ativo
10072;7891132165674;SAZON NA MEDIDA 30GR TOMATE;0,29;0,99;Ativo
7917;7891132083022;SAZON S/FRANGO 40G;2,95;4,49;Ativo
1733;7891132019731;SAZÓN SALADAS 60G;4,20;5,99;Ativo
2331;7891132082155;SÁZON TEMP. PRA PIPOCA 60G;4,20;5,99;Ativo
2334;7891132001101;SÁZON TEMPERO NORDESTE 60G;4,35;6,29;Ativo
4702;7896098902271;SB FLOR DO YPÊ GLICERINA E OLEO 85G;1,14;1,99;Ativo
12282;7891150060227;SB LIQ LUX LAVANDA REF 200ML;5,71;8,99;Ativo
12283;7891150060234;SB LIQ LUX ROSAS FRANC REF 200ML;5,71;8,99;Ativo
6245;7896098909669;SBNT ACTION YPÊ ANT.BAC 85G;1,79;2,69;Ativo
5105;7509546655017;SBNT PROTEX BABY 85G SUAVE;2,82;3,99;Ativo
3909;7891035024535;SBP APARELHO+REFIL ELETRICO;15,90;23,99;Ativo
12100;7891035024993;SBP MULTI EUCALIPTO 450ML;15,00;19,49;Ativo
10982;7891035990991;"SBP,PT;SBP LED REF CH SUAV DB";23,08;34,99;Ativo
1126;7898947702025;SC P/LIXO MAGO 15L 8/UN;2,49;3,79;Ativo
4473;7898947702032;SC P/LIXO MAGO 30L C/5UN;2,49;3,79;Ativo
4472;7898947702049;SC P/LIXO MAGO 50L C/5UN;2,49;3,79;Ativo
4471;7898947702056;SC P/LIXO MAGOS 100L C/3UN;2,49;3,79;Ativo
8963;7894900184204;SCHW VODKA E CITRUS 250ML;5,31;7,49;Ativo
12099;7894900184914;SCHW VODKA MARACUJA 269ML;4,60;6,99;Ativo
3429;7894900180541;SCHWEPPES CITRUS 1.5 L;7,13;9,99;Ativo
2043;7894900180510;SCHWEPPES CITRUS 350ML;3,49;4,99;Ativo
12305;7894900320046;SCHWEPPES CITRUS S/A 350ML;3,49;4,99;Ativo
4857;7894900310016;SCHWEPPES CLUB SODA 350ML;3,00;3,99;Ativo
10485;7894900184075;SCHWEPPES GIN TONICA LT 269ML;4,57;6,99;Ativo
4858;7894900180558;SCHWEPPES ORIGINAL KS 250ML;2,78;4,49;Ativo
2216;7894900300048;SCHWEPPES TÔNICA 350ML;2,95;4,25;Ativo
4859;7894900303407;SCHWEPPES TONICA KS 250ML;2,68;3,99;Ativo
7378;7894900360042;SCHWEPPES TONICA S/ACUCAR 350ML;2,95;4,25;Ativo
9594;7894900184174;SCHWWEPPES MIXED GIN PINK 269ML;4,60;6,99;Ativo
9593;7894900184372;SCHWWEPPES MIXED SPRITZ 269ML;4,57;6,99;Ativo
9074;7891040075126;SCOTCH FIXA FORTE 3M;12,88;18,99;Ativo
8160;7898934930813;SCOVA INFANTIL LOL;5,00;6,99;Ativo
2840;7896046701581;SECANTE ESMALTE CARE LISS 400ML;12,55;18,99;Ativo
10847;7891150101630;SEDA SH COND TOQUE DE SEDA 300ML;14,99;21,99;Ativo
1721;7896102500530;SELETA LEG QUERO 280G;2,99;4,49;Ativo
2321;7896292347786;SELETA PREDILECTA 280G;3,05;4,49;Ativo
8282;7896519246564;SELETA PRIMAVERA DEMARCHI CONGELADO 300G;6,80;9,99;Ativo
8211;78944787;SEMORIN TIRA FERRUGEM 50ML;6,29;8,99;Ativo
3418;78989177;SEMORIN TIRA FERRUGEM 50ML;5,68;7,99;Ativo
1519;7897457628993;SENE BAMBU 20G;0,90;1,79;Ativo
10885;7896015528294;SENSODYNE RAPIDO ALIVIO 50G;7,81;11,99;Ativo
10284;7891203061478;SEQUILHO PANCO COB/CHOCOLATE 80G;3,15;4,49;Ativo
3351;7898950172099;SEQUILHOS BAUNILHA 100G;2,29;3,49;Ativo
8225;7898081560017;SEQUILHOS BRANKINHO 97G;1,95;2,99;Ativo
7796;7898950172419;SEQUILHOS CHAMPMELL COCO 80G;1,66;2,49;Ativo
9936;7898950172396;SEQUILHOS CHAMPMELL LEITE COND.80G;1,66;2,49;Ativo
8560;7898081560956;SEQUILHOS DO VITOR 256G;1,75;2,49;Ativo
5755;7898950172112;SEQUILHOS LARANJA PORTO A. 100G;2,29;3,49;Ativo
5754;7898950172358;SEQUILHOS LEITE COND.PORTO A. 100G;2,29;3,49;Ativo
7142;7891203063519;SEQUILHOS PANCO 350G;3,35;9,49;Ativo
3350;7898950172105;SEQUILHOS TRAD. 100G;2,98;4,29;Ativo
6792;7891193030140;SEQUILHOS TRAD.SVEN BOYS 400G;7,22;10,49;Ativo
3663;7896213005061;SEQUILHOS VITARELLA SABOR COCO 89G;2,16;2,99;Ativo
4411;7896213005078;SEQUILHOS VITARELLA SABOR LEITE 89G;1,69;2,49;Ativo
8641;7891150093256;SH 350ML+COND 175ML DOVE NUTRICAO;16,99;23,99;Ativo
8642;7891150097643;SH 350ML+COND 175ML DOVE REPAIR;16,99;23,99;Ativo
10106;7898917662878;SH BOBDOG 500ML MALTES;9,00;14,99;Ativo
10107;7898917662908;SH BOBDOG 500ML SHIH-TZU;9,00;14,99;Ativo
10990;7891150103764;SH DOVE 350ML+CO 175ML NUTRICAO+TRI OLEOS;26,69;39,99;Ativo
10986;7891150095571;SH DOVE BOND INTENSE REPAIR 175ML;11,02;15,99;Ativo
7133;7891150008953;SH DOVE RECONSTRUCAO 200ML;10,67;15,49;Ativo
10041;7908615017211;SH ELSEVE 375+CO170ML PURE HIA;25,50;36,99;Ativo
8367;7908615060385;SH ELSEVE GLYCOLIC GLOSS 200ML;11,40;15,99;Ativo
9419;7908785461753;SH ELSEVE LISOS DOS SONHOS 200ML;11,40;15,99;Ativo
611;789815;SH ELSEVE LISOS DOS SONHOS 200ML;0,00;0,00;Ativo
5663;7899706152105;SH LOREAL ELSEVE OLEO COCO 200ML;8,51;12,99;Ativo
5664;7899706187343;SH LOREAL HIALURÔNICO 200ML;10,28;14,99;Ativo
5665;7899706180924;SH LOREAL LISO DOS SONHOS 200ML;8,51;12,99;Ativo
9192;7891024171639;SH PALMOLIVE NUTRICAO 350ML;7,73;10,99;Ativo
10233;7891150101616;SH SEDA AMINO SILK 300ML;7,53;10,99;Ativo
10234;7891150101692;SH SEDA REGENERACAO 300ML;7,53;10,99;Ativo
1356;7791293005010;SH. DOVE RESC. COMP. 400ML;0,00;16,99;Ativo
1266;7898905367334;SH. INF. A H. DO BANHO 240ML;0,00;2,99;Ativo
7320;7908458324323;SH+CON CACHINHOS SALON LINE 300ML;11,70;16,99;Ativo
7446;7899706197687;SH+CON CACHOS/SONHOS ELSEVE 375+170ML;25,48;36,99;Ativo
7329;7500435200301;SH+CON COLAGENO PANTENE 350+175ML;25,98;36,99;Ativo
7321;7897042017881;SH+CON DIVINA COR SKALA 325ML;9,64;13,99;Ativo
7327;7500435169370;SH+CON HIDRATACAO PANTENE 350+175ML;25,57;37,99;Ativo
7330;7899706175951;SH+CON LONGO/SONHOS ELSEVE 375+170ML;30,44;44,99;Ativo
7322;7897042013852;SH+CON MAIS CACHOS SKALA 325ML;10,71;15,99;Ativo
7323;7897042015801;SH+CON MAIS LISOS SKALA 325ML;9,64;13,99;Ativo
7325;7898639305725;SH+CON MIMIOS2 NUTRIEX 250ML;12,78;17,99;Ativo
7319;7898623957350;SH+CON MULTY SALON LINE 300ML;11,71;16,99;Ativo
7328;7500435233644;SH+CON QUERATINA PANTENE 350+175ML;26,78;36,99;Ativo
7331;7899706164337;SH+CON REPARACAO TOTAL ELSEVE 375+170ML;25,50;36,99;Ativo
9585;7509546696393;SH+COND DARLING TILIA 350ML;12,83;18,99;Ativo
9979;7908785476825;SHAM 375ML+COND 170ML ELSEVE LISO DOS SONHOS;30,44;44,99;Ativo
4958;7896013563532;SHAM+COND NOVEX CACHOS DE CINEMA;10,96;15,99;Ativo
8832;7908615085418;SHAMP+COND ELSEVE GLYCOLIC;25,48;36,99;Ativo
8833;7899706164375;SHAMP+COND ELSEVE OLEO EXTRAORDINARIO;25,48;36,99;Ativo
2249;7891024014783;SHAMPO+CON DARLING 2EM1 350ML;7,45;8,99;Ativo
3587;7891024014653;SHAMPO+CON DARLING CERAM. 2EM1 350ML;5,85;8,99;Ativo
4793;7899706167703;SHAMPOO + COND ELSEVE LOREAL;18,26;27,99;Ativo
6535;7506195142035;SHAMPOO ANTICOCEIRA HEAD&SHOULDERS 200ML;10,94;15,99;Ativo
6283;7898917662014;SHAMPOO ANTIPULGAS CAES/GATOS 750ML;10,51;14,99;Ativo
6927;7898923823201;SHAMPOO BOBY FILHOTES 750ML;10,90;14,99;Ativo
7466;7898923823140;SHAMPOO BOBY NEUTRO 750ML;10,90;14,99;Ativo
6572;7891150007406;SHAMPOO CLEAR MEN 200ML;10,75;15,99;Ativo
12448;7908966527193;SHAMPOO COLLAGEN LIFTER 400ML;31,73;46,99;Ativo
5929;7509546682600;SHAMPOO DARLING DETOX 350ML;6,11;8,99;Ativo
12152;7891150102712;SHAMPOO DOVE UVREPAIR 190ML;13,00;19,99;Ativo
5935;7899706197601;SHAMPOO ELSEVE CACHOS LONGOS 200ML;11,40;15,99;Ativo
12450;7908966528404;SHAMPOO ELSEVE COLAGENO LIFTER 200ML;14,31;20,99;Ativo
7594;7899706170833;SHAMPOO ELSEVE LONGO.SONHOS 200ML;10,28;14,99;Ativo
7595;7898587774314;SHAMPOO ELSEVE OLEO EXTRAORDINARIO 200ML;10,28;14,99;Ativo
6348;7899706244121;SHAMPOO ELSEVE PURE HIAL 200ML;9,39;12,99;Ativo
5360;7899026459960;SHAMPOO ELSEVE REP.TOTAL 5 200ML;8,49;12,99;Ativo
5348;7896018703469;SHAMPOO HUGGIES EX SUAVE 400ML;16,21;22,49;Ativo
5926;7896018700307;SHAMPOO HUGGIES SUAVE 200ML;10,13;14,99;Ativo
9586;7509546681153;SHAMPOO HYDRATE PALMOLIVE 350ML;6,95;10,99;Ativo
4377;7891010030094;SHAMPOO JOHNSONS BABY 200ML;15,30;21,99;Ativo
4574;7891010800048;SHAMPOO JOHNSONS BABY 400ML;17,90;25,99;Ativo
8456;7891010256500;SHAMPOO JOHNSONS BABY BLACKINHO 200ML;14,33;21,99;Ativo
8621;7891010875640;SHAMPOO JOHNSONS CAMOMILA 400ML;17,90;25,99;Ativo
6536;7506309865393;SHAMPOO MEN 3X1 HEAD&SHOULDERS 200ML;12,31;17,99;Ativo
6657;7896235353379;SHAMPOO MONANGE BOOST 325ML;6,78;9,99;Ativo
4955;7896235353348;SHAMPOO MONANGE CACHOS OLEO COCO 325ML;6,78;9,99;Ativo
4954;7896235353386;SHAMPOO MONANGE DETOX 325ML;6,78;9,99;Ativo
5472;7896235353355;SHAMPOO MONANGE QUIMICA 325ML;6,78;9,99;Ativo
5934;7896235353362;SHAMPOO MONANGE RESTAURA 325ML;6,78;9,99;Ativo
10772;7897664168220;SHAMPOO OX RESTAURA 400ML;17,66;25,99;Ativo
8581;7891024042311;SHAMPOO PALMOLIVE CACHOS LIVRES 350ML;8,11;10,99;Ativo
4957;7891024174210;SHAMPOO PALMOLIVE CERAMIDAS 350ML;6,80;10,99;Ativo
10856;7891024042908;SHAMPOO PALMOLIVE DETOX 350ML;6,80;10,99;Ativo
4603;7891024034064;SHAMPOO PALMOLIVE HIDRATACAO 350ML;6,55;9,99;Ativo
4604;7891024025697;SHAMPOO PALMOLIVE LISOS RADIANTES 350ML;6,80;10,99;Ativo
4956;7891024025710;SHAMPOO PALMOLIVE NEUTRO LIMP 350ML;6,79;10,99;Ativo
5473;7891024158609;SHAMPOO PALMOLIVE PRETOS VIBRANTES 350ML;6,95;10,99;Ativo
9697;7500435154222;SHAMPOO PANTENE BAMBU 200ML;11,25;16,49;Ativo
8122;7500435125383;SHAMPOO PANTENE HIDRATACAO 175ML;11,68;16,99;Ativo
9695;7500435232777;SHAMPOO PANTENE QUERATINA 175ML;11,25;16,49;Ativo
10821;7896012800669;SHAMPOO POMPOM SUAVE 200ML;8,40;12,99;Ativo
7464;7898568971541;SHAMPOO PRO ECTOP/CAES 500ML;5,27;14,99;Ativo
5661;7891150037458;SHAMPOO SEDA ANTI CASPA 325ML;7,53;10,99;Ativo
5660;7891150060685;SHAMPOO SEDA BABOSA+OLEOS 325ML;6,67;10,99;Ativo
7473;7891150037595;SHAMPOO SEDA CACHOS DEFINIDOS 325ML;8,01;11,99;Ativo
1787;7891150037397;SHAMPOO SEDA CERAMIDAS 325ML;8,01;11,99;Ativo
5659;7891150080089;SHAMPOO SEDA COLAGENO+VIT.325ML;6,79;10,99;Ativo
5662;7891150037472;SHAMPOO SEDA CRESPOFORCE 325ML;0,00;10,99;Ativo
468;7325;SHAMPOO SEDA CRESPOFORCE 325ML;8,43;11,49;Ativo
1786;7891150037564;SHAMPOO SEDA DETOX 325ML;6,67;10,99;Ativo
9992;7891150083585;SHAMPOO SEDA JUNTINHOS 300ML;7,18;10,99;Ativo
12151;7891150083561;SHAMPOO SEDA JUNTINHOS 300ML;7,53;10,99;Ativo
6475;7891150037502;SHAMPOO SEDA LISO EXTREMO 325ML;6,59;10,99;Ativo
1784;7891150037519;SHAMPOO SEDA LISO PERF.325ML;8,01;11,99;Ativo
8638;7891150099845;SHAMPOO SEDA LUMINOUS UV 300ML;7,18;10,99;Ativo
1785;7891150037526;SHAMPOO SEDA PRETO LUM.325ML;6,47;10,99;Ativo
6260;7891150044647;SHAMPOO+ COND SEDA CACHOS DEFINIDOS;15,31;21,99;Ativo
6261;7891150043084;SHAMPOO+ COND SEDA CERAMIDAS;15,31;21,99;Ativo
7324;7908615017297;SHAMPOO+COND NIELY GOLD BATE CABELO;1,00;20,99;Ativo
5235;7500435169356;SHAMPOO+COND PANTENE RESTAURAÇAO 525ML;25,57;37,99;Ativo
2727;7897042013791;SHAMPOO+COND REST ESPET 325E325ML;10,06;14,49;Ativo
8529;7897042013838;SHAMPOO+COND SKALA BANANA 325ML;9,30;13,99;Ativo
4699;7908324401202;SHAMPOO+COND. NEUTROX CLASSICO;12,58;18,99;Ativo
2725;7897042014026;SHAMPOO+COND.SKALA BABOSA 325+325ML;9,30;13,99;Ativo
2726;7897042015429;SHAMPOO+COND.SKALA OLEO COCO 325+325ML;9,70;14,49;Ativo
2734;7891024014622;SHAMPOOO DARLING TILIA DARLING 2EM1 350ML;5,75;8,99;Ativo
2771;7896235353324;SHAMPOOO MONANGE HIDRATA 325ML;6,78;9,99;Ativo
2772;7896235353331;SHAMPOOO MONANGE LISOS 325ML;5,53;8,49;Ativo
7978;7897042016921;SHMPOO+COND SKALA CERAMIDAS 325ML;9,64;13,99;Ativo
1173;7897851500062;SILICONE PINHEIRO 100ML;0,00;4,99;Ativo
3148;7897042005062;SKALA BABOSA 2EM 1 1000G;8,49;11,99;Ativo
3149;7897042004904;SKALA CERAMIDAS G3 1000G;7,18;9,99;Ativo
2720;7890009932760;SKALA COQUETEL FRUTAS 1000G;8,49;11,99;Ativo
2534;7897042006021;SKALA EXPERT LAMA NEGRA 1000G;8,49;11,99;Ativo
8526;7897042019328;SKALA MORANGO 1KG;8,19;11,99;Ativo
8528;7897042016303;SKALINHA BEBE CAMOMILA 400ML;10,24;14,99;Ativo
9529;7898624021586;SKIMO DELICCI AO LEITE 105G;9,95;14,00;Ativo
6886;7891991304269;SKOL BEATS CAIPIRINHA 269ML LT PACK C/8;35,21;49,99;Ativo
12164;7891991308045;SKOL BEATS GREEN MIX 269ML;5,73;8,49;Ativo
6884;7891991300896;SKOL BEATS MOJITO 269ML LT PACK C/8;28,74;39,99;Ativo
6885;7891991300889;SKOL BEATS MOSCOW 269ML LT PACK C/8;28,74;39,99;Ativo
8778;7891991307246;SKOL BEATS RED MIX 269ML;6,55;8,99;Ativo
3628;7891991300841;SKOL GINGER 269ML;3,59;5,49;Ativo
9610;7798040463819;SLIME BOB ESPONJA 54G;5,61;7,99;Ativo
599;9858;SMART GATOS CASTRADOS KG;8,31;12,99;Ativo
8424;7898957617487;SMART SAL ROSA DO HIMALAIA 500G;0,00;8,99;Ativo
10137;7894900524512;SMARTWATER c/gas 591ML;3,86;5,99;Ativo
6740;7896004007038;SNACK CHEEZ-IT CHEDDAR 115G;3,81;5,49;Ativo
7639;7892840268046;SNACK EQLIBRI TOMATE TEMP 40G;3,15;4,49;Ativo
6521;7896004007052;SNACK ORI. PARMESAO CHEEZ-IT 115G;3,60;4,99;Ativo
7366;7898968985056;SNACK P/CAES BATATA DOCE 150G;7,85;11,99;Ativo
7236;7898968985018;SNACK P/CAES CENOURA E CARNE 150G;0,00;11,99;Ativo
7221;7892840225919;SNACK STAX SOUR CREAM 156G;9,84;14,99;Ativo
2351;7896423420159;SNICKERS 45G;3,51;4,49;Ativo
8765;7896423488876;SNICKERS BRANCO 42G;3,01;4,49;Ativo
3543;7896423481860;SNICKERS DARK 42G;3,01;4,49;Ativo
10477;7896423438642;SNICKERS DUPLO CHOCOLATE 42G;3,06;4,49;Ativo
7687;7896423445893;SNICKERS MORANGO 42G;3,01;4,49;Ativo
4506;7896423497991;SNICKERS PÉ DE MOLEQUE 42G;3,01;4,49;Ativo
243;3257;SOBRECOXA FGO GRANEL KG;7,50;10,99;Ativo
578;9122;SOBRECOXA FGO KG;7,98;12,99;Ativo
2890;7893000005976;SOBRECOXA SADIA 1KG;9,80;14,99;Ativo
7769;7894904197712;SOBRECOXA SEARA 1KG;10,45;14,99;Ativo
6680;7894904766833;SOBRECOXA TEMPERADA SEARA 1KG;9,56;13,99;Ativo
6818;7893000488793;SOBRECOXAS A PASSARINHA SADIA 1KG;7,45;10,99;Ativo
6681;7894904727483;SOBRECOXAS ERVAS FINAS SEARA 1KG;13,83;19,99;Ativo
3808;78936195;SOBREMESA CHANDELLE 180G;4,30;6,49;Ativo
8191;7896862001667;SOBREMESA CHOC AO LEITE FRUTAP 180G;3,45;4,99;Ativo
8192;7896862001568;SOBREMESA FLAN CARAMELO FRUTAP 180G;3,45;4,99;Ativo
9988;7897429000024;SODA CAUSTICA K`AVEIRA 1KG;12,69;19,99;Ativo
10567;7896437900029;SODA LIMONADA CRUZEIRO 2L;3,59;5,99;Ativo
7371;7891156075010;SOFYL MACA YAKULT 110G;1,90;2,75;Ativo
7370;7891156072019;SOFYL MORANGO YAKULT 110G;1,90;2,75;Ativo
128;7898148390014;SONHO RECHEADO UNIDADE;1,20;3,99;Ativo
6037;7891000530603;SOPA DE CEBOLA MAGGI 68G;3,69;5,49;Ativo
5274;7891000360279;SOPA MAGGI CR MANDIOQUINHA 61G;4,22;2,99;Ativo
12317;7891132007554;SOPA VONO ABOBORA C/ CARNE 17G;1,89;2,99;Ativo
1848;7891132007509;SOPA VONO BAT.CARNE 17G;1,89;2,99;Ativo
12316;7891132009688;SOPA VONO CHEF CREME DE QUEIJO 53G;3,96;5,99;Ativo
1847;7891132007530;SOPA VONO MAND.CEBOLA.S 17G;1,89;2,99;Ativo
8244;7896327515920;SOPAO APTI CARNE C/ LEGUMES 180G;3,89;6,49;Ativo
6832;7891000368220;SOPAO CARNE C/LEGUMES MAGGI 200G;3,54;5,49;Ativo
6639;7891000097694;SOPAO CARNE DE PANELA MAGGI 200G;6,74;9,99;Ativo
3943;7891095003945;SOPÃO CARNE KITANO 196G;7,27;10,49;Ativo
8626;7896256041255;SOPÃO CARNE KODILAR 200G;6,99;9,99;Ativo
1849;7891000026182;SOPÃO COSTELA. LEG 200G;6,84;9,99;Ativo
7419;7898416527692;SOPAO FEIJAO KISABOR 150G;5,49;7,69;Ativo
3944;7891095007165;SOPÃO FEIJÃO KITANO 196G;4,37;3,99;Ativo
8245;7896327515913;SOPAO GALINHA C/ VEGETAIS 180G;3,89;6,49;Ativo
3945;7891095003884;SOPÃO GALINHA KITANO 196G;7,27;10,49;Ativo
7418;7898937864870;SOPAO LEGUMES KISABOR 150G;5,49;7,69;Ativo
4286;7891095010134;SOPÃO LEGUMES KITANO 196G;5,00;7,99;Ativo
8627;7896256041279;SOPÃO LEGUMES KODILAR 200G;6,99;9,99;Ativo
2777;7891000582107;SOPÃO MAGGI CARNE LEGUMES 200G;6,58;9,99;Ativo
2759;7891000049891;SOPÃO MAGGI GALINHA CAIPIRA 200G;6,39;8,99;Ativo
1851;7891000582008;SOPÃO MAGGI GALINHA. LEG 200G;6,74;9,99;Ativo
7557;7891000368268;SOPAO MAGGI GALINHA/LEGUMES 200G;3,54;5,49;Ativo
1850;7891000021514;SOPÃO MAGGI LEGUMES  200G;3,99;5,29;Ativo
9124;7891122111810;SOPAO QUALIMAX S/GALINHA 160G;5,49;7,99;Ativo
9125;7891122110141;SOPAO QUALIMAX S/GALINHA CAIPIRA 160G;5,49;7,99;Ativo
4714;7896549203070;SORV BRUNA TORTA DE LIMAO 76G;5,05;8,99;Ativo
4713;7898624020121;SORV CROCANTE 70G;4,00;6,50;Ativo
10826;7898473364278;sorv delicci coco branco 1,8l;22,10;30,99;Ativo
10825;7898473364391;sorv delicci passas ao rum;22,10;30,99;Ativo
9413;7898473364537;SORV LEITINHO TRUFADO 95G;2,90;4,50;Ativo
4712;745760973996;SORV MARACUJA BRUNA 50G;2,00;4,50;Ativo
12429;7898473364667;SORV SUPREME ABACAXI AO VINHO 1,5L;20,00;27,99;Ativo
10827;7898473364735;SORV SUPREME TENTACAO 1,5L.;20,00;27,99;Ativo
5482;745110275237;SORV SURPREEDENTE IOG. C/MARACUJA 1.8L;24,32;32,99;Ativo
7093;745760973934;SORV SURPREENDENTE FRUTAS VERM 1.8L;26,10;29,99;Ativo
6111;7899975802565;SORV. BATOM DUO;29,90;29,90;Ativo
5853;7899975802671;SORV. BOMBOM GAROTO 68G;0,00;8,00;Ativo
5854;7891000702505;SORV. CHAMBINHO NESTLE 45G;7,50;7,50;Ativo
5856;7891000039342;SORV. CLASSIC NESTLE 59G;7,50;7,50;Ativo
5855;7899975802084;SORV. CROCANTE GAROTO 65G;0,00;11,00;Ativo
6096;7899975801711;SORV. FINI BEIJOS;6,50;6,50;Ativo
6097;7899975802572;SORV. FINI TORCAO AZUL;7,00;7,00;Ativo
6095;7899975802206;SORV. FINI TUBES TUTTI FRUTTI;5,50;5,50;Ativo
6082;7899975801964;SORV. KITKAT;14,00;14,00;Ativo
5506;7891000101773;SORV. LA FRUTTA UVA NESTLE;3,34;5,49;Ativo
6117;7899975800769;SORV. LACTA 3 CHOCOLATES;31,90;31,90;Ativo
6119;7899975802534;SORV. LACTA DIAMANTE NEGRO;34,90;34,90;Ativo
6087;7899975800929;SORV. LACTA DIAMANTE NEGRO;14,00;14,00;Ativo
6116;7899975800905;SORV. LACTA DIAMANTE NEGRO POTE;31,90;31,90;Ativo
6118;7899975800752;SORV. LACTA LAKA;31,90;31,90;Ativo
6114;7899975802121;SORV. LAFRUTTA ABACAXI+COCO;29,90;29,90;Ativo
6115;7899975802107;SORV. LAFRUTTA COCO+FRAMBOESA;29,90;29,90;Ativo
6089;7899975802718;SORV. LAFRUTTA LIMAO;6,00;6,00;Ativo
6112;7899975802114;SORV. LAFRUTTA MANGA+MORANGO COM CHIA;29,90;29,90;Ativo
6088;7899975802657;SORV. LAFRUTTA MORANGO AO LEITE;6,50;6,50;Ativo
6090;7899975802701;SORV. LAFRUTTA UVA;6,00;6,00;Ativo
6113;7899975802138;SORV. LAFRUTTA UVA+LIMAO;29,90;29,90;Ativo
6085;7899975800912;SORV. LAKA;14,00;14,00;Ativo
6086;7899975802145;SORV. LAKA OREO;14,00;14,00;Ativo
6121;7899975802589;SORV. LAKA OREO;34,90;34,90;Ativo
6078;7899975802602;SORV. MEGA ALFAJOR;14,00;14,00;Ativo
6081;7891000120057;SORV. MEGA AMENDOAS;14,00;14,00;Ativo
6080;7899975802091;SORV. MEGA CHEESECAKE;13,00;13,00;Ativo
6077;7891000100660;SORV. MEGA CLASSICO;0,00;13,00;Ativo
6079;7899975800233;SORV. MEGA COOKIES E CREAM;13,00;13,00;Ativo
5852;7899975800684;SORV. MOCA BRIGADEIRO 63G;0,00;8,00;Ativo
6099;7899975802183;SORV. MOCA BRIGADEIRO DUO CONE;11,00;11,00;Ativo
6084;7899975800028;SORV. MOCA LEITE CONDENSADO;7,50;7,50;Ativo
6103;7899975801971;SORV. NESTLE CHAMBINHO;29,90;29,90;Ativo
6108;7891000106945;SORV. NESTLE GALAK;31,90;31,90;Ativo
6105;7891000106808;SORV. NESTLE MOCA BRIGADEIRO;31,90;31,90;Ativo
6104;7899975800035;SORV. NESTLE MOCA DOCERIA;31,90;31,90;Ativo
6109;7891000106969;SORV. NESTLE NAPOLITANO ESPECIALIDADES;31,90;31,90;Ativo
6100;7899975800585;SORV. NESTLE NAPOLITANO FLOCOS;24,90;24,90;Ativo
6106;7891000106907;SORV. NESTLE PRESTIGIO;31,90;31,90;Ativo
6107;7891000106921;SORV. NESTLE SENSACAO;31,90;31,90;Ativo
6102;7899975802466;SORV. NESTLE TRAD. CHOCOLATE;24,90;24,90;Ativo
6101;7891000120507;SORV. NESTLE TRAD. CREME;24,90;24,90;Ativo
6129;7899975801957;SORV. NOBRELLI CHOCOLATE;15,90;15,90;Ativo
6130;7899975801940;SORV. NOBRELLI MORANGO;15,90;15,90;Ativo
6126;7899975801551;SORV. NOBRELLI TRAD. CREME;18,90;18,90;Ativo
6127;7899975801544;SORV. NOBRELLI TRAD. FLOCOS;18,90;18,90;Ativo
6128;7899975801568;SORV. NOBRELLI TRAD. NAPOLITANO;18,90;18,90;Ativo
6091;7899975802152;SORV. OREO CONE;11,00;11,00;Ativo
6092;7899975800523;SORV. OREO PICOLE;14,00;14,00;Ativo
6110;7899975802619;SORV. OREO POTE;34,90;34,90;Ativo
6093;7899975800509;SORV. OREO SANDWICH BAUNILHA;14,00;14,00;Ativo
6094;7899975801612;SORV. OREO SANDWICH CHOCOLATE;14,00;14,00;Ativo
6083;7891000105788;SORV. PRESTIGIO;11,00;11,00;Ativo
602;789100;SORV. PRESTIGIO NESTLE 54G;0,00;9,99;Ativo
6098;7899975802169;SORV. SERENATA DE AMOR CONE;11,00;11,00;Ativo
6120;7899975802497;SORV. SONHO DE VALSA;34,90;34,90;Ativo
6125;7899975802831;SORV. TENTAZIONE BANOFFE;29,90;29,90;Ativo
6122;7899975802527;SORV. TENTAZIONE GREGO;29,90;29,90;Ativo
6124;7899975802510;SORV. TENTAZIONE MORANGO;29,90;29,90;Ativo
6123;7899975802503;SORV. TENTAZIONE TRUFADINHO;29,90;29,90;Ativo
5857;7891000100622;SORV. TRUFA BRANCA MEGA 71G;0,00;14,00;Ativo
3501;7898901197102;SORV.SURPREENDENTE F VERM. 1.8L;18,00;27,99;Ativo
3502;7898213620251;SORV.SURPREENDENTE LAMBADA.1.8L;20,00;27,99;Ativo
5483;7898558440897;SORV.SURPREENDENTE TRUFADO. 1.8L;26,10;29,99;Ativo
10622;7898624020015;SORVETE  SKIMO MINI BOMBOM;9,95;14,00;Ativo
5429;745240220732;SORVETE ABACAXI AO VINHO FAVORITOS;0,00;8,50;Ativo
5438;7898558440019;SORVETE ABACAXI FRUTA NO PALITO;2,05;3,50;Ativo
5497;7899975800042;SORVETE BATON GAROTO;3,70;5,50;Ativo
5427;7898901196242;SORVETE BROWNIE PREMIUM;0,00;9,40;Ativo
5425;7895098758239;SORVETE BRUKITO PREMIUM;1,25;1,99;Ativo
5431;7896549202769;SORVETE BRULAC FAVORITOS;2,50;4,50;Ativo
3136;7898901197799;SORVETE BRUNA BRUNICÓRNIO 60G;3,80;5,50;Ativo
3134;7897548021344;SORVETE BRUNA PÉ DE MOLEQUE 70G;0,00;4,50;Ativo
3137;7896549202547;SORVETE BRUNA SUPER NAPOLITANO 70G;4,00;5,50;Ativo
5439;745110275275;SORVETE BRUNA ZERO MANGA;6,00;6,00;Ativo
5432;7897548020613;SORVETE BRUNETTO BRIGADEIRO FAVORITOS;9,00;9,00;Ativo
5433;7897548020606;SORVETE BRUNETTO CROCANTE FAVORITOS;0,00;9,00;Ativo
5430;745240220725;SORVETE BRUNIX FAVORITOS;0,00;7,00;Ativo
5450;619205109465;SORVETE CEU AZUL;1,90;1,90;Ativo
10079;7898473366456;sorvete coffe malte 65g;6,00;7,50;Ativo
6576;7899975802800;SORVETE CONE OREO 62G;10,00;11,00;Ativo
10781;7898968561038;SORVETE COOKIE 65G;5,81;9,00;Ativo
3672;7895098758345;SORVETE COOKIES 70G;6,23;10,50;Ativo
7423;745110275206;SORVETE COPAO FLOCOS 150G;6,45;8,99;Ativo
3007;7898558440958;SORVETE COPÃO NAPOLITANO 150G;6,45;8,99;Ativo
3008;7895098758369;SORVETE COPO CASADINHO 100G;5,08;6,99;Ativo
3670;7895098758406;SORVETE CREME C/CHOCOLATE 1.500L;10,00;19,99;Ativo
5501;7899975802695;SORVETE DA FRUTA COCO;4,20;6,50;Ativo
5502;7899975802640;SORVETE DA FRUTA MARACUJA;4,00;6,50;Ativo
5503;7899975802725;SORVETE DA FRUTA UVA;4,00;5,50;Ativo
5448;7898901198086;SORVETE DE AÇAI C/BANANA;3,90;4,50;Ativo
10251;7898473366210;SORVETE DELICATTE JUNIOR ABA/VINHO 400ML;7,10;8,50;Ativo
12369;7898473364407;SORVETE DELICCI 1.8L TENTACAO;22,10;30,99;Ativo
10177;7898473364414;SORVETE DELICCI 1.8L TORTA ALEMA;22,10;30,99;Ativo
10517;7898473364230;SORVETE DELICCI ABACAXI 1,8L;22,10;30,99;Ativo
10476;7898473366319;SORVETE DELICCI ACAI 75G;5,81;8,50;Ativo
9623;7898473366326;SORVETE DELICCI BLACK 65G;5,81;9,00;Ativo
10362;7898473364254;SORVETE DELICCI CHOC BR C AVELA 1,8L;22,10;30,99;Ativo
9624;7898473366340;SORVETE DELICCI COOKIES 65G;5,81;9,00;Ativo
9528;7898473366067;SORVETE DELICCI DELITELLA 65G;3,95;5,00;Ativo
12147;7898473364292;SORVETE DELICCI MILHO VERDE 1,8L;22,10;30,99;Ativo
10791;7898473364377;SORVETE DELICCI NAPOLITANO 1,8 L;22,10;30,99;Ativo
9523;7898473364308;SORVETE DELICCI S/FLOCOS 1.8L;22,10;30,99;Ativo
9524;7898473364322;SORVETE DELICCI S/LEITINHO TRUFADO 1.8L;22,10;30,99;Ativo
12146;7898473364681;SORVETE DELICCI SUPREME FLOCOS 1,5L;20,00;27,99;Ativo
9525;7898473365992;SORVETE DELICCI TRES SENSACOES 1.8L;22,10;30,99;Ativo
9531;7898473364049;SORVETE DELICCI TRUFADO 1.5L;21,40;27,99;Ativo
10078;7898473366470;sorvete deliccito 65g;5,40;7,50;Ativo
9378;7898473364001;SORVETE DELICINHO ALGODAO DOCE 50G;1,18;2,00;Ativo
9384;7898473363462;SORVETE DELICINHO CHOCOLATE 50G;1,18;2,00;Ativo
9380;7898473366289;SORVETE DELICINHO FLOCOS 50G;0,00;2,00;Ativo
9385;7898473363431;SORVETE DELICINHO LEITE COND 50G;1,18;2,00;Ativo
9386;7898473363455;SORVETE DELICINHO LIMAO SUICO 50G;1,18;2,00;Ativo
9383;7898473363394;SORVETE DELICINHO MARACUJA 50G;1,18;2,00;Ativo
9382;7898473363417;SORVETE DELICINHO MILHO VERDE 50G;1,18;2,00;Ativo
9379;7898473363387;SORVETE DELICINHO MORANGO 50G;1,18;2,00;Ativo
9381;7898473363400;SORVETE DELICINHO UVA 50G;1,18;2,00;Ativo
5437;619205109427;SORVETE DOCE DE LEITE SELETA;0,00;4,00;Ativo
5498;7899975802749;SORVETE FINI DENTADURA;7,00;7,00;Ativo
5499;7899975801704;SORVETE FINI TUBES MORANGO;4,50;5,50;Ativo
7353;7898558440712;SORVETE FLOCOS BRUNA 2L;23,50;29,99;Ativo
9526;7898473363479;SORVETE GRELO S/FRUTAS VERM 1.5L;21,40;27,99;Ativo
3673;7898558440132;SORVETE JULINHA FESTA 50G;3,72;4,99;Ativo
5435;7898558440279;SORVETE LEITE CONDENSADO SELETA;4,00;4,00;Ativo
3674;7898146673089;SORVETE MANCHA LINGUA 60G;1,20;1,80;Ativo
5504;7891000120521;SORVETE MASSA FLOCOS 1500L;17,50;24,90;Ativo
5505;7891000120071;SORVETE MASSA NAPOLITANO 1500L;17,50;24,90;Ativo
5440;745110275176;SORVETE MORANGO COM LEITE CONDENSADO;9,50;9,50;Ativo
5436;7898558440323;SORVETE MORANGO FRUTA NO PALITO;4,00;4,50;Ativo
5428;619205109397;SORVETE NINHO TRUFADO FAVORITOS;0,00;7,00;Ativo
5426;7897548021337;SORVETE PISTACHE PREMIUM;0,00;7,99;Ativo
3010;7895098758383;SORVETE POTÃO 1.5L MORANGO C CHOCOLATE;14,50;19,99;Ativo
3011;7898558440729;SORVETE POTÃO 2L NAPOLITANO;23,50;29,99;Ativo
8695;70341280294;SORVETE POTAO PISTACHE 2L;23,50;29,99;Ativo
3135;7896549202974;SORVETE SHOWBLITO 65G;5,96;8,50;Ativo
3671;7895098758352;SORVETE SKI BRUNA 70G;4,48;5,50;Ativo
5434;745110275251;SORVETE SKI BRUNA MINI 105G;0,00;11,00;Ativo
5500;7899975802732;SORVETE SONHO DE VALSA;14,00;14,00;Ativo
7015;7898558440903;SORVETE SURPREENDENTE BRUNA MORANGO 1.8L;23,00;33,00;Ativo
9401;7898901196396;SORVETE TABLETS 65G;4,50;6,00;Ativo
3878;7898267242287;SORVTE CHOCOLITANO BRUNA 2L;26,26;29,99;Ativo
9527;7898473366203;SORVTE DELICCI JUNIOR S/FLOCOS 400ML;7,10;9,99;Ativo
8047;7894650009567;SPRAY REPELENTE OFF 170ML;15,05;24,99;Ativo
10343;7898557794076;SPRAY TINTA INFINITY LARANJA 200ML;15,90;23,99;Ativo
2292;7798040469323;SPRING POP LOL 14G;1,21;1,99;Ativo
2291;7896624202585;SPRING POP MINIONS 14G;1,21;1,99;Ativo
2297;7894900680508;SPRIT LEMON FRESH;2,94;4,49;Ativo
7240;7894900680522;SPRITE LEMON FRESH 1.5L;5,39;7,99;Ativo
3974;7894900680614;SPRITE LEMON FRESH 310ML;2,22;3,49;Ativo
1845;7894900681062;SPRITE LIMÃO 2L;7,62;8,99;Ativo
4090;7894900060010;SPRITE SEM AÇUCAR 350ML;3,07;4,75;Ativo
10055;2789609890226;ST.FLOR YPE 85G OLEOS ESSENC.ROSAS BCAS AVELA;1,10;1,99;Ativo
6230;7891164111519;STEAK CARNE DE FRANGO AURORA 100G;1,51;2,29;Ativo
2130;7891515474737;STEAK DE FRANGO SADIA UND.;1,64;2,49;Ativo
7147;7894904958160;STEAK DE QUEIJO SEARA 100G;1,60;2,49;Ativo
3099;7894904577873;STEAK FGO REZENDE 100G;1,53;2,29;Ativo
10834;7896275920258;STEAK FRANGO FRIMESA 100G;1,78;2,59;Ativo
1853;7896419713852;STEAK LAR 100G;1,19;1,99;Ativo
1852;7891515474126;STEAK PERDIGÃO 100G;1,66;2,79;Ativo
5743;7891515474133;STEAK RECHEADO PRES. QUEIJO 100G;0,00;3,49;Ativo
3654;7894904928507;STEAK SEARA SABOR TRADICIONAL 100G;1,45;2,49;Ativo
7305;7891164137373;STEAK TARD NOBRE 100G;1,45;1,99;Ativo
5244;7891330018215;STICK BIBS AO LEITE 32G;1,79;2,69;Ativo
5243;7891330018307;STICK BIBS MOUSSE DE LIMÃO 32G;1,69;2,49;Ativo
6652;7891330019250;STICKS AMOR CARIOCA BRANCO 32G;1,79;2,69;Ativo
6654;7891330018796;STICKS AMOR CARIOCA CHOC 32G;1,79;2,69;Ativo
6653;7891330018512;STICKS AMOR CARIOCA NAPOLITANO 32G;2,39;3,49;Ativo
9869;7896005312285;SUCO 100% TIAL S/ LARANJA E MACA 250ML;3,29;4,99;Ativo
9868;7896005312292;SUCO 100% TIAL S/ UVA E PERA 250ML;3,29;4,99;Ativo
6971;7896267781812;SUCO 100% UVA PANIZZON 1.4L;12,69;17,99;Ativo
3425;7894900087017;SUCO ADES ABACAXI 200ML;0,60;3,99;Ativo
3303;7894900087079;SUCO ADES MAÇA 200ML;1,99;1,99;Ativo
4226;7894900087093;SUCO ADES MORANGO 200ML;2,69;3,99;Ativo
3697;7894900087055;SUCO ADES SOJA+LARANJA 200ML;2,69;3,99;Ativo
3696;7894900087116;SUCO ADES SOJA+PESSEGO 200ML;2,69;3,99;Ativo
3304;7894900087130;SUCO ADES UVA 200ML;1,99;1,99;Ativo
4403;7898931140277;SUCO AMAVITA CAJU 35G;0,55;0,79;Ativo
4402;7898931140031;SUCO AMAVITA MANGA 35G;0,55;0,79;Ativo
4405;7898931140291;SUCO AMAVITA TANGERINA 35G;0,55;0,79;Ativo
6316;7896327516736;SUCO APTI LARANJA 20G;0,60;0,99;Ativo
6315;7896327516798;SUCO APTI MANGA 20G;0,55;0,99;Ativo
6314;7896327516774;SUCO APTI MARACUJA 20G;0,60;0,99;Ativo
6318;7896327516804;SUCO APTI MORANGO 20G;0,55;0,99;Ativo
4404;7896327512677;SUCO APTI PESSEGO 25G;0,00;0,75;Ativo
6317;7896327516781;SUCO APTI UVA 20G;0,60;0,99;Ativo
5623;7896843200300;SUCO BIO FRUTAS CITR. 390ML;1,59;2,25;Ativo
4755;7896843200997;SUCO BIO LEVE ABACAXI/HORTELÃ 390ML;1,59;2,25;Ativo
4756;7896843201000;SUCO BIO LEVE ACER/LAR.390ML;1,59;2,25;Ativo
4754;7896843200324;SUCO BIO LEVE UVA 390ML;1,59;2,25;Ativo
5423;7896843200980;SUCO BIOLEVE ACAI E GUARANA 390ML;1,59;2,25;Ativo
5424;7896843200355;SUCO BIOLEVE FRUTAS TROPICAIS 390ML;1,41;1,99;Ativo
5874;7896843200317;SUCO BIOLEVE LIMONADA 390ML;1,59;2,25;Ativo
4731;7898608071286;SUCO BR FRUIT S.MARACUJA 1L;3,05;4,49;Ativo
7270;7896706301946;SUCO CAJU POP FRUTA 25G;0,61;0,99;Ativo
6136;7898027658778;SUCO CAMP BAUNILHA C/LIMAO 15G;0,64;0,99;Ativo
6313;7898027652134;SUCO CAMP COCO VERDE 15G;0,64;0,99;Ativo
7633;7898027656743;SUCO CAMP GOIABA 15G;0,61;0,99;Ativo
3809;7898027654169;SUCO CAMP GOIABA 1L;3,75;5,29;Ativo
6133;7898027650802;SUCO CAMP LARANJA FOOD SERVICE 150G;5,53;7,99;Ativo
6134;7898027650833;SUCO CAMP LIMAO FOOD SERVICE 150G;5,53;7,99;Ativo
6132;7898027654831;SUCO CAMP MARACUJA 200ML;1,36;1,99;Ativo
2278;7898027654114;SUCO CAMP UVA 1L;2,95;3,99;Ativo
2288;7896931614156;SUCO CAMPO LARGO LAR. 250ML;2,61;3,69;Ativo
2468;7896931614170;SUCO CAMPO LARGO LARANJA 1.35L;8,75;12,29;Ativo
2470;7896931614163;SUCO CAMPO LARGO LARANJA 900ML;6,39;8,99;Ativo
2469;7896931614149;SUCO CAMPO LARGO UVA 1.35L;12,99;19,99;Ativo
122;1797;SUCO CAMPO LARGO UVA 250ML;2,79;3,99;Ativo
2289;7896931614125;SUCO CAMPO LARGO UVA 250ML;2,79;3,99;Ativo
2290;7896931614132;SUCO CAMPO LARGO UVA 900ML;6,85;9,69;Ativo
8444;7622210696632;SUCO CLIGHT LARANJA 8G;1,11;1,69;Ativo
7660;7896005400029;SUCO CONCENTRADO CAJU DA FRUTA 500ML;2,99;4,49;Ativo
8632;7898378181055;SUCO D+ GOIABA 1L;3,99;5,99;Ativo
8630;7898378181017;SUCO D+ LARANJA 1L;3,99;5,99;Ativo
8631;7898378181048;SUCO D+ MANGA 1L;3,99;5,99;Ativo
8629;7898378181031;SUCO D+ MARACUJA 1L;3,99;5,99;Ativo
8628;7898378181024;SUCO D+ UVA ROXA 1L;3,99;5,99;Ativo
5818;7896005401279;SUCO DA FRUTA CAJU 1L;3,89;5,49;Ativo
5817;7896005403587;SUCO DA FRUTA GOIABA 1L;3,79;5,49;Ativo
5000;7896005403518;SUCO DA FRUTA LARANJA 1L;3,29;4,99;Ativo
5002;7896005402757;SUCO DA FRUTA MARACUJA 1L;3,89;5,49;Ativo
5001;7896005403525;SUCO DA FRUTA UVA 1L;3,89;5,49;Ativo
5007;7896005401187;SUCO DAFRUTA MARACUJA 200ML;1,19;1,75;Ativo
7778;7896005310458;SUCO DE ABACAXI C/HORT TIAL 330ML;2,62;3,49;Ativo
7780;7896005310120;SUCO DE GOIABA TIAL 330ML;2,62;3,49;Ativo
7980;7898953148770;SUCO DE LARANJA ADOCADO FRUITZ 1.5L;13,59;19,99;Ativo
7981;7898953148787;SUCO DE LARANJA ADOCADO FRUITZ 3L;25,99;36,99;Ativo
7979;7898953148831;SUCO DE LARANJA ADOCADO FRUITZ 900ML;8,99;12,99;Ativo
10058;7898953148879;SUCO DE LARANJA INTEGRAL PET 1,5 L;18,99;26,99;Ativo
9169;7896000598448;SUCO DE MAÇA MAGUARY 100%;7,54;12,99;Ativo
7776;7896005310113;SUCO DE MANGA TIAL 330ML;2,77;3,99;Ativo
7777;7896005310137;SUCO DE MARACUJA TIAL 330ML;2,62;3,49;Ativo
6200;7894900611076;SUCO DE UVA 100% DEL VALLE 1.5L;13,77;19,99;Ativo
2110;7891141019838;SUCO DE UVA AURORA 1.5;15,54;22,99;Ativo
7779;7896005310625;SUCO DE UVA C/MORANGO TIAL 330ML;2,62;3,49;Ativo
5602;7891141036170;SUCO DE UVA INTEGRAL AURORA 1.5L;13,99;20,99;Ativo
4532;7896623100462;SUCO DE UVA XANDO 900ML;11,29;15,99;Ativo
4987;7898341431637;SUCO DEL VALE CAJU 1L;7,34;10,49;Ativo
3060;7894900563719;SUCO DEL VALE KAPO LARANJA 200ML;2,18;2,99;Ativo
4860;7898341431651;SUCO DEL VALE LARANJA 1L;7,34;10,49;Ativo
5408;7894900660401;SUCO DEL VALE MANGA 290ML;3,51;4,99;Ativo
2214;7894900660302;SUCO DEL VALE MARAC. 290ML;3,51;4,99;Ativo
3428;7894900552508;SUCO DEL VALE PESSEGO 1L;3,14;4,49;Ativo
3106;7894900660319;SUCO DEL VALE PESSEGO. 290ML;3,51;4,99;Ativo
11041;7894900664041;SUCO DEL VALLE  ABACAXI/TANG 1L;7,34;10,49;Ativo
3796;7894900610017;SUCO DEL VALLE 100% LARANJA 1L;8,46;11,99;Ativo
5867;7894900612004;SUCO DEL VALLE 100% MACA 1L;7,47;10,99;Ativo
6460;7894900611014;SUCO DEL VALLE 100% UVA 1L;14,49;19,99;Ativo
4223;7894900660364;SUCO DEL VALLE ABACAXI  1L;7,34;10,49;Ativo
2261;7894900558005;SUCO DEL VALLE F.LAR. 250ML;1,10;1,75;Ativo
2260;7894900558500;SUCO DEL VALLE F.LIMÃO 250ML;1,10;1,75;Ativo
6189;7894900558098;SUCO DEL VALLE FRESH LAR 250ML;1,26;1,99;Ativo
2324;7894900558029;SUCO DEL VALLE FRESH LARAN 1.5;3,79;5,49;Ativo
6276;7894900558111;SUCO DEL VALLE FRESH LARAN 1.5;0,00;5,49;Ativo
6308;7894900558623;SUCO DEL VALLE FRESH LIM 1.5L;4,47;6,49;Ativo
2327;7894900558524;SUCO DEL VALLE FRESH LIM 1.5L;3,79;5,49;Ativo
6267;7894900558609;SUCO DEL VALLE FRESH LIMAO 250ML;1,04;1,99;Ativo
5697;7894900557626;SUCO DEL VALLE FRESH UVA 1.5L;4,00;5,49;Ativo
2325;7894900557534;SUCO DEL VALLE FRESH UVA 1.5L;3,79;5,49;Ativo
7788;7894900666526;SUCO DEL VALLE FRUT FRUTAS CITRICAS 1.5L;5,44;7,99;Ativo
7641;7894900556063;SUCO DEL VALLE FRUT LARANJA 1.5L;5,44;7,99;Ativo
7647;7894900550061;SUCO DEL VALLE FRUT UVA 1.5L;5,44;7,99;Ativo
2871;7894900550030;SUCO DEL VALLE FRUT UVA 1L;4,25;5,99;Ativo
2763;7894900550054;SUCO DEL VALLE FRUT UVA 450ML;2,88;3,99;Ativo
7194;7894900666540;SUCO DEL VALLE FRUTAS 250ML;1,57;2,49;Ativo
4505;7894900660418;SUCO DEL VALLE LARANJA 200ML;2,39;3,49;Ativo
7789;7894900556094;SUCO DEL VALLE LARANJA 250ML;1,57;2,49;Ativo
5494;7894900660357;SUCO DEL VALLE MANGA 1L;7,34;10,49;Ativo
11042;7894900664034;SUCO DEL VALLE MANGA/MORANGO 1L;7,34;10,49;Ativo
5868;7898341431620;SUCO DEL VALLE MARCUJA 1L;7,34;10,49;Ativo
6268;7898341431606;SUCO DEL VALLE PESSEGO 1L;6,61;10,49;Ativo
5012;7898341431699;SUCO DEL VALLE PESSEGO 1L;7,34;10,49;Ativo
8288;7894900660555;SUCO DEL VALLE S/GOIABA 1L;7,34;10,49;Ativo
8986;7894900551068;SUCO DEL VALLE S/LIMAO 1.5L;5,44;7,99;Ativo
4199;7898341431583;SUCO DEL VALLE UVA 1L;7,34;10,49;Ativo
4225;7894900660432;SUCO DEL VALLE UVA 200ML;2,39;3,49;Ativo
7683;7894900550092;SUCO DEL VALLE UVA 250ML;1,57;2,49;Ativo
1668;7894900660333;SUCO DEL VALLE UVA 290ML;3,51;4,99;Ativo
1772;7896490290600;SUCO EM PÓ 25G CAJU;0,62;0,79;Ativo
65;1224;SUCO EM PÓ 25G MANGA;0,62;0,79;Ativo
1773;7896490290679;SUCO EM PÓ 25G MANGA;0,62;0,99;Ativo
1771;7896490290730;SUCO EM PÓ 25G UVA;0,68;0,99;Ativo
4737;7896327512622;SUCO EM PÓ ABACAXI APTI 25G;0,53;0,79;Ativo
5784;7898027656699;SUCO EM PO CAMP LIMAO 15G;0,33;0,99;Ativo
4170;7896490290631;SUCO EM PÓ FRISCO GUARANÁ 25G;0,69;1,15;Ativo
3782;7896327512646;SUCO EM PÓ LARANJA APTI 25G;0,45;0,75;Ativo
3783;7896327512639;SUCO EM PÓ LIMÃO APTI 25G;0,39;0,75;Ativo
3784;7896327500940;SUCO EM PÓ MANGA APTI 25G;0,45;0,75;Ativo
3785;7896327512714;SUCO EM PÓ MARACUJA APTI 25G;0,45;0,75;Ativo
3781;7896327501275;SUCO EM PÓ MORANGO APTI 25G;0,45;0,75;Ativo
3780;7896327512721;SUCO EM PÓ UVA APTI 25G;0,39;0,75;Ativo
5765;7896045108817;SUCO FRISCO BAUNILHA C/LIMAO 25G;0,80;1,19;Ativo
7391;7896045112425;SUCO FRISCO LARANJAC/ACEROLA 18G;0,69;1,15;Ativo
7389;7896045112623;SUCO FRISCO MARACUJA 18G;0,69;1,15;Ativo
4171;7896045102945;SUCO FRISCO MORANGO COM IORGUTE 25G;0,69;1,15;Ativo
7832;7896045112098;SUCO FRISCO S/ABACAXI 18G;0,47;1,15;Ativo
7833;7896045112630;SUCO FRISCO S/CAJA 18G;0,69;1,15;Ativo
7834;7896045112470;SUCO FRISCO S/GRAVIOLA 18G;0,69;1,15;Ativo
7990;7896045112081;SUCO FRISCO S/LARANJA 18G;0,47;1,15;Ativo
7991;7896045112128;SUCO FRISCO S/LIMAO 18G;0,69;1,15;Ativo
7992;7896045112111;SUCO FRISCO S/MANGA 18G;0,47;1,15;Ativo
7835;7896045112135;SUCO FRISCO S/MARACUJA 18G;0,47;1,15;Ativo
7836;7896045112142;SUCO FRISCO S/MORANGO 18G;0,47;1,15;Ativo
7837;7896045112418;SUCO FRISCO S/SALADA D FRUTAS 18G;0,69;1,15;Ativo
7989;7896045112104;SUCO FRISCO S/UVA 18G;0,47;1,15;Ativo
120;1789;SUCO FRUIT SHOOT LARANJA 150ML;0,69;1,19;Ativo
1940;7896000597267;SUCO FRUIT SHOOT LARANJA 150ML;0,99;1,49;Ativo
2283;7896000597298;SUCO FRUIT SHOOT MAÇA V 150ML;0,69;1,19;Ativo
119;1788;SUCO FRUIT SHOOT UVA 150ML;0,69;1,19;Ativo
8249;7898344176313;SUCO FRUTA AKI CAJU 200ML;1,24;1,75;Ativo
8250;7898344177402;SUCO FRUTA AKI PESSEGO 200ML;1,16;1,75;Ativo
10544;7898344178751;SUCO FRUTA AKI S/ABACAXI 200ML;1,24;1,79;Ativo
7938;7898344177358;SUCO FRUTA AKI S/GOIABA 200ML;1,24;1,75;Ativo
7941;7898344177365;SUCO FRUTA AKI S/LARANJA 200ML;1,24;1,79;Ativo
7939;7898344176801;SUCO FRUTA AKI S/MACA VERDE 200ML;1,10;1,75;Ativo
7937;7898344177372;SUCO FRUTA AKI S/MANGA 200ML;1,24;1,79;Ativo
7940;7898344175927;SUCO FRUTA AKI S/MELANCIA 200ML;1,10;1,75;Ativo
6945;7898344177419;SUCO FRUTA AKI UVA 200ML;1,24;1,79;Ativo
7273;7896706302448;SUCO GOIABA POP FRUTA 25G;0,61;0,99;Ativo
66;1240;SUCO INT UVA AURORA 1.500ML;10,50;14,49;Ativo
1788;7891141007477;SUCO INT UVA AURORA 500ML;5,90;8,19;Ativo
7278;7896706303841;SUCO JABUTICABA POP FRUTA 25G;0,61;0,99;Ativo
10581;7898942775642;SUCO JUQ S/UVA 200ML;2,54;3,69;Ativo
2115;7894900603712;SUCO KAPO ABACAXI.200ML;2,06;2,99;Ativo
3683;7894900650020;SUCO KAPO FRUTA CITRICAS 200ML;2,18;2,99;Ativo
2905;7894900650037;SUCO KAPO MAÇA 200ML;2,18;2,99;Ativo
2114;7894900573718;SUCO KAPO MARACUJA.200ML;2,18;2,99;Ativo
2112;7894900583717;SUCO KAPO MORANGO.200ML;2,18;2,99;Ativo
10550;7894900650365;SUCO KAPO OLHO DO PIRATA 200ML;2,18;2,99;Ativo
2113;7894900593716;SUCO KAPO UVA.200ML;2,18;2,99;Ativo
7269;7896706304534;SUCO LIMONADA POP FRUTA 25G;0,61;0,99;Ativo
2133;7896000530325;SUCO MAGAURY UVA 1L;4,99;6,99;Ativo
10648;7896005404133;SUCO MAGUARY ABACAXI 1L;4,29;6,99;Ativo
1820;7896000593979;SUCO MAGUARY ABACAXI 1L;4,66;6,99;Ativo
3957;7896000595553;SUCO MAGUARY ABACAXI C/HORTELÃ 1L;3,69;5,69;Ativo
3954;7896000530356;SUCO MAGUARY CAJU 1L;3,93;5,99;Ativo
6699;7896000557056;SUCO MAGUARY CONCE ABACAXI 500ML;4,49;6,49;Ativo
1913;7896000554369;SUCO MAGUARY CONCE.CAJU 500ML;3,30;5,49;Ativo
1914;7896000555359;SUCO MAGUARY CONCE.MARAC 500ML;7,90;11,99;Ativo
1819;7896000530264;SUCO MAGUARY GOIABA 1L;3,99;5,99;Ativo
10646;7896005404201;SUCO MAGUARY GOIABA 1L;3,93;5,99;Ativo
3806;7896000530066;SUCO MAGUARY LARANJA 1L;4,99;6,99;Ativo
3139;7896000594044;SUCO MAGUARY LARANJA 200ML;1,29;1,99;Ativo
3956;7896000595263;SUCO MAGUARY LIMÃO 1L;3,69;5,69;Ativo
3955;7896000593702;SUCO MAGUARY MAÇÃ 1L;3,69;5,69;Ativo
7792;7896000594051;SUCO MAGUARY MACA 200ML;1,49;2,25;Ativo
3953;7896000530653;SUCO MAGUARY MANGA 1L;3,69;5,69;Ativo
1821;7896000530363;SUCO MAGUARY MARACUJA 1L;3,93;5,99;Ativo
1817;7896000594068;SUCO MAGUARY MARACUJA 200ML;1,49;2,25;Ativo
3952;7896000594198;SUCO MAGUARY MORANGO 1L;4,29;6,99;Ativo
3905;7896000597670;SUCO MAGUARY MORANGO 200ML;1,00;1,49;Ativo
4841;7896000594075;SUCO MAGUARY PESSEGO 200ML;1,29;1,99;Ativo
3947;7896000593887;SUCO MAGUARY PESSEGO 335ML;2,69;3,99;Ativo
9909;7898063767052;SUCO MAGUARY S/ UVA E MACA 1.35L;9,82;14,99;Ativo
12451;7896000598547;SUCO MAGUARY S/ACEROLA 1L;3,93;5,99;Ativo
3002;7896000597281;SUCO MAGUARY SHOOT MARACUJA 150ML;0,99;1,49;Ativo
3003;7896000597274;SUCO MAGUARY SHOOT MORANGO 150ML;0,98;1,49;Ativo
3004;7896000597250;SUCO MAGUARY SHOOT UVA150ML;0,99;1,49;Ativo
3147;7896000593719;SUCO MAGUARY TANGERINA 1L;4,29;5,99;Ativo
10962;7896005404195;SUCO MAGUARY UVA 1 LITRO 7896005404195;3,93;5,99;Ativo
3140;7896000594099;SUCO MAGUARY UVA 200ML;1,49;2,25;Ativo
3975;7896000593900;SUCO MAGUARY UVA 335ML;2,69;3,99;Ativo
10647;7896005404454;SUCO MAGUARY UVA S/ACUCAR 1L;3,38;5,99;Ativo
8978;7898378180157;SUCO MANGA MARATA 200ML;1,39;2,25;Ativo
2111;7896000530530;SUCO MANGUARY PÊSSEGO 1L;3,69;5,69;Ativo
7281;7898344177389;SUCO MARACUJA FRUTA AKI 200ML;1,24;1,79;Ativo
3088;7898378180768;SUCO MARATA ABACAXI1L;4,49;6,99;Ativo
3093;7898378180751;SUCO MARATA ACEROLA 1L;4,33;6,99;Ativo
6641;7898378180829;SUCO MARATA CAJA 1L;4,50;6,99;Ativo
3091;7898378180058;SUCO MARATA CAJU 1L;4,50;6,99;Ativo
3092;7898378180041;SUCO MARATA GOIABA 1L;4,79;6,99;Ativo
3714;7898378180164;SUCO MARATA GOIABA 200ML;1,30;1,99;Ativo
3146;7898378180010;SUCO MARATA LARANJA 1L;4,33;6,99;Ativo
3090;7898378180034;SUCO MARATA MANGA 1L;4,59;6,99;Ativo
3089;7898378180072;SUCO MARATA MARACUJA 1L;4,50;6,99;Ativo
3087;7898378180065;SUCO MARATA PESSEGO 1L;4,50;6,99;Ativo
4242;7898378180188;SUCO MARATÁ PESSEGO 200ML;1,39;2,25;Ativo
3553;7898378180133;SUCO MARATÁ S.LARANJA 200ML;1,30;1,99;Ativo
3552;7898378180447;SUCO MARATÁ S.MARACUJÁ 200ML;1,39;2,25;Ativo
3551;7898378180461;SUCO MARATÁ S.TANGERINA 200ML;1,39;2,25;Ativo
3550;7898378180140;SUCO MARATÁ S.UVA 200ML;1,39;2,25;Ativo
3434;7898378180096;SUCO MARATA TANGERINA 1L;4,59;6,99;Ativo
3094;7898378180812;SUCO MARATA UMBU 1L;4,79;6,99;Ativo
9168;7898378180928;SUCO MARATINHO UVA 200ML;1,29;1,99;Ativo
10716;7891132082407;SUCO MID ABACAXI 20G;0,70;1,25;Ativo
2644;7891132082421;SUCO MID BAUNILHA C LIMÃO 20G;0,70;1,25;Ativo
2649;7891132082469;SUCO MID CAJU8 20G;0,70;1,25;Ativo
2645;7891132082261;SUCO MID GOIABA 20G;0,70;1,25;Ativo
2643;7891132082520;SUCO MID GRAVIOLA 20G;0,70;1,25;Ativo
2646;7891132082308;SUCO MID JABUTICABA 20G;0,70;1,25;Ativo
2650;7891132082322;SUCO MID LARANJA 20G;0,70;1,25;Ativo
2642;7891132083091;SUCO MID LARANJA DOCE 20G;0,70;1,25;Ativo
2651;7891132082223;SUCO MID LIMÃO 20G;0,70;1,25;Ativo
2652;7891132083114;SUCO MID LIMONADA SUIÇA 20G;0,70;1,25;Ativo
10717;7891132082483;SUCO MID MANGA 20G;0,70;1,25;Ativo
2647;7891132082360;SUCO MID MARACUJÁ 20G;0,70;1,25;Ativo
10715;7891132082384;SUCO MID MORANGO 20G;0,70;1,25;Ativo
2648;7891132082346;SUCO MID UVA 20G;0,70;1,25;Ativo
10700;7891132001286;SUCO MID ZERO S/ABACAXI 8G;0,79;1,49;Ativo
9575;7891132000999;SUCO MID ZERO S/LARANJA 8G;0,80;1,49;Ativo
9574;7891132001019;SUCO MID ZERO S/MARACUJA 8G;0,82;1,49;Ativo
9588;7891132009978;SUCO MID ZERO S/UVA 8G;0,79;1,49;Ativo
7280;7898344177396;SUCO MORANG FRUTA AKI 200ML;1,10;1,75;Ativo
8663;7896293808132;SUCO MUPY ABACAXI 200ML;1,99;2,99;Ativo
7547;7896293808101;SUCO MUPY MACA 200ML;1,79;2,99;Ativo
8662;7896293808118;SUCO MUPY MARACUJA 200ML;1,99;2,99;Ativo
8664;7896293808095;SUCO MUPY MORANGO 200ML;1,79;2,99;Ativo
9566;7896293806121;SUCO MUPY PESSEGO 200ML;1,99;2,99;Ativo
7546;7896293808125;SUCO MUPY UVA 200ML;1,99;2,99;Ativo
10931;7896326101353;SUCO NATIVO FRUTAS CITRICAS 450ML;1,45;2,49;Ativo
12319;7896326101377;SUCO NATIVO UVA 450ML;1,45;2,49;Ativo
7708;7899916917150;SUCO NATURAL ONE LARANJA 180ML;2,11;2,99;Ativo
7030;7899916906031;SUCO NATURAL ONE UVA 180ML;2,11;2,99;Ativo
2242;7898961526010;SUCO NEAT LARANJA PURA 330ML;2,49;3,49;Ativo
5680;7898027654800;SUCO NECTAR CAMP CAJU 200ML;0,89;1,99;Ativo
5233;7898027654817;SUCO NECTAR CAMP GOIABA 200ML;1,75;2,49;Ativo
5232;7898027654886;SUCO NECTAR CAMP LARANJA 200ML;1,75;2,49;Ativo
5681;7898027654824;SUCO NECTAR CAMP MANGA 200ML;1,75;2,49;Ativo
5231;7898027654855;SUCO NECTAR CAMP UVA 200ML;1,69;2,49;Ativo
9429;7898378180744;SUCO NECTAR MARATA S/LIMAO 1L;4,49;6,99;Ativo
12284;7896005311790;SUCO NECTAR PESSEGO/PERA 200ML;1,29;2,49;Ativo
12286;7896005303764;SUCO NECTAR TIAL CAJU  200ML;1,29;2,25;Ativo
9866;7896005312209;SUCO NECTAR TIAL S/ GOIABA E PERA 250ML;2,49;3,69;Ativo
9870;7896005312186;SUCO NECTAR TIAL S/ MARACUJA 250ML;2,49;3,69;Ativo
9867;7896005312179;SUCO NECTAR TIAL S/ PESSEGO E PERA 250ML;2,49;3,69;Ativo
9871;7896005312223;SUCO NECTAR TIAL S/ UVA E PERA 250ML;2,49;3,69;Ativo
7151;7896005310649;SUCO NECTAR TIAL S/LARANJA 330ML;2,59;3,99;Ativo
7039;7896005310090;SUCO NECTAR TIAL S/UVA 330ML;2,49;3,49;Ativo
7110;7898344176283;SUCO NEW SUCO CAJU 200ML;1,07;1,69;Ativo
7111;7898344176221;SUCO NEW SUCO LARANJA 200ML;0,99;1,69;Ativo
7112;7898344176207;SUCO NEW SUCO PESSEGO 200ML;0,99;1,69;Ativo
9761;7898344176177;SUCO NEW SUCO S/MARACUJA 1L;2,99;5,99;Ativo
9760;7898344176184;SUCO NEW SUCO S/MARACUJA 200ML;0,99;1,69;Ativo
2353;7898920195110;SUCO NUTRI NÉCTAR MANGA 1L;0,00;3,99;Ativo
2330;7898920195127;SUCO NUTRI NECTAR MARACUJÁ 1L;0,00;3,99;Ativo
1962;7898920195103;SUCO NUTRINÉCTAR LARANJA 1L;2,69;3,99;Ativo
1961;7898961490045;SUCO NUTRINÉCTAR LIMONADA 1L;2,69;3,99;Ativo
1964;7898920195134;SUCO NUTRINÉCTAR PESSEGO 1L;2,69;3,99;Ativo
1963;7898920195943;SUCO NUTRINÉCTAR TANGERINA 1L;2,69;3,99;Ativo
7271;7896706301816;SUCO PESSEGO POP FRUTA 25G;0,61;0,99;Ativo
9887;7622210696328;SUCO PO CLIGHT LIMONADA 8G;1,30;1,79;Ativo
2729;7897283400213;SUCO PONCHITO FRUTAS C. 450ML;1,79;2,79;Ativo
2730;7897283400251;SUCO PONCHITO LAR.ACER 450ML;1,79;2,79;Ativo
7748;7897283400282;SUCO PONCHITO LIMAO 450ML;1,49;2,49;Ativo
7749;7897283400244;SUCO PONCHITO MARACUJA 450ML;1,74;2,49;Ativo
7409;7896706300734;SUCO POP FRUTA TANGE.25G;0,61;0,99;Ativo
4188;7898953148749;SUCO PRATS GOIABA 300ML;3,08;4,69;Ativo
6287;7898953148435;SUCO PRATS GOIABA 900ML;10,49;14,99;Ativo
5296;7898953148541;SUCO PRATS LARANJA 1.7L;19,99;28,99;Ativo
4911;7898953148701;SUCO PRATS LARANJA 300ML;4,99;6,99;Ativo
5047;7898953148732;SUCO PRATS LARANJA E ACEROLA 300ML;3,00;4,99;Ativo
5149;7898953148619;SUCO PRATS LARANJA E ACEROLA 900ML;12,80;17,99;Ativo
3192;7898953148015;SUCO PRATS LARANJA INTEGRAL 330ML;3,05;4,49;Ativo
5150;7898953148558;SUCO PRATS LARANJA INTEGRAL 3L;28,99;39,99;Ativo
3194;7898953148169;SUCO PRATS LARANJA INTEGRAL 900ML;11,49;16,99;Ativo
7108;7298953148679;SUCO PRATS LARANJA/ACEROLA 900ML;11,49;16,49;Ativo
4189;7898953148718;SUCO PRATS UVA 300ML;5,49;7,79;Ativo
4190;7898953148220;SUCO PRATS UVA 900ML;14,99;22,49;Ativo
3193;7898953148213;SUCO PRATS UVA INTEGRAL 330ML;2,99;4,49;Ativo
4389;7896000594020;SUCO SELEÇÃO MAGUARY 100% 1.5L;13,25;19,49;Ativo
8665;7896293806169;SUCO SOJA MUPY  S/MARACUJA 1L;5,79;8,49;Ativo
8666;7896293806176;SUCO SOJA MUPY  S/MORANGO 1L;6,57;9,29;Ativo
8667;7896293806206;SUCO SOJA MUPY  S/UVA 1L;7,39;9,99;Ativo
8668;7896293806145;SUCO SOJA MUPY S/ABACAXI 1L;5,79;8,49;Ativo
7918;7896293806183;SUCO SOJA MUPY S/MACA 1L;6,57;9,29;Ativo
7360;7898192030065;SUCO SUFRESH MARACUJA 1L;4,29;6,49;Ativo
7361;7898192039914;SUCO SUFRESH MORANGO 1L;4,29;6,49;Ativo
3306;95188792502;SUCO TAMPICO F CITRICAS 250ML;1,73;2,49;Ativo
5489;7622210571748;SUCO TANG ABACAXI 18G;0,84;1,39;Ativo
2653;7622300861148;SUCO TANG ABACAXI 25G;0,89;1,25;Ativo
5640;7622210571816;SUCO TANG GUARANA 18G;0,79;1,25;Ativo
5076;7622210571588;SUCO TANG LARANJA 18G;0,85;1,39;Ativo
5077;7622210571557;SUCO TANG LARANJA DOCINHA 18G;0,85;1,39;Ativo
5490;7622210571823;SUCO TANG LARANJA+MAMAO 18G;0,85;1,39;Ativo
5078;7622210571533;SUCO TANG LIMAO 18G;0,85;1,39;Ativo
4463;7896079846747;TUBIN NAPOLITANO 48G;1,59;2,49;Ativo
6528;7899914200360;TUTTIBAINA ORIGINAL 2L;3,53;4,99;Ativo
3544;7896423481884;TWIX DARK 40G;1,73;2,75;Ativo
3545;7896423405491;TWIX TRIPLO CHOCOLATE 40G;1,73;2,75;Ativo
463;7320;u;0,00;0,00;Ativo
1334;7891242457614;UAU LIMPADOR DE USO G. 500ML;3,50;5,49;Ativo
1332;7891242451551;UAU MULT. FLORES FOLHAS 500ML;0,00;2,99;Ativo
4965;7891242403413;UAU MULTI EMBALAGEM ECONOMICA 3X 500ML;10,75;14,99;Ativo
1386;7891242211308;UAU MULTIUSO E. DE ODO. 500ML;3,49;4,99;Ativo
1331;7891242211407;UAU MULTIUSO FLORAL 500ML;0,00;2,99;Ativo
832;7898944454996;ULTRA COLA 3G;0,75;1,69;Ativo
325;6002;ULTRAGAZ BOTIJAO 13K;93,00;115,00;Ativo
8154;7896075757542;UNHEX CONJUNTO ROSA UN;20,59;29,99;Ativo
8155;7896075757559;UNHEX CONJUTO AZUL UN;20,59;29,99;Ativo
10367;7898629571086;URSINHOS DE OURO 18X50G;0,00;4,49;Ativo
7382;7898965759179;UVA BEM DOCE ISIS 500G;8,00;11,49;Ativo
5528;7898965759094;UVA BEM DOCE S/SEMENTE 500G;8,00;11,99;Ativo
3733;7898906610217;UVA COMBUCADO 500G;6,00;8,49;Ativo
2121;7898957749133;UVA COMBUCADO 500G;5,50;6,99;Ativo
9794;7898922355635;UVA CRIMSON SOOBY DOO S/SEMENTE 500G;4,99;7,49;Ativo
48;46;UVA KG;20,00;29,99;Ativo
637;7897457620928;UVA PASSA BAMBU 70G;1,99;2,99;Ativo
4921;7896067000304;UVA PASSA CORDEIRO 100G;3,98;5,99;Ativo
8895;7891089061692;UVA PASSA LA VIOLETERA 200G;6,66;9,49;Ativo
7567;7898650230310;UVA ROXA VITORIA 500G;8,00;10,99;Ativo
7204;7898938644037;UVA VERDE DOCE SABOR 500G;9,50;12,99;Ativo
6987;7898954999203;UVA VERDE GRAND VALLE 500G;9,50;13,49;Ativo
6912;7898923868639;UVA VERDE HAPPY TREE 500G;10,00;14,99;Ativo
6664;7898943146113;UVA VERDE MISSDELI 500G;5,00;6,99;Ativo
7452;7898993260333;UVA VERDE THOMPSON 500G;10,00;13,99;Ativo
5764;7898962939109;UVA VITORIA S/SEM.500G;5,00;6,99;Ativo
9793;7898615973481;UVA VITORIA SCOOBY DOO S/SEMENTE 500G;4,99;7,49;Ativo
2350;7891089062767;UVA.PASSA.ESCURA S/SEMENTES;3,38;5,99;Ativo
10746;2256;UVAS NIAGARA;13,33;19,99;Ativo
583;9151;VAGEM BANDEJA;6,00;8,99;Ativo
241;3194;VAGEM KG;16,00;22,99;Ativo
8897;7891035000027;VANISH CLORO CRYSTAL WHITE 1.2L;16,00;23,99;Ativo
8898;7891035000010;VANISH CLORO LIQUIDO 1.2L;16,00;23,99;Ativo
4157;7891035050602;VANISH CRYSTAL WHITE 450G;15,37;22,49;Ativo
4156;7891035040702;VANISH MULTI POWER 450G;15,37;22,49;Ativo
7626;7891035001475;VANISH OXI ACTION 120G;6,80;9,99;Ativo
8896;7891035041006;VANISH S/CLORO LIQUIDO 500ML;7,98;11,49;Ativo
8970;7891035001451;VANISH TIRA MANCHAS OXI ACTION 240G;9,90;13,99;Ativo
2299;7896032649699;VARAL DE AÇO BIA 10M;1,99;2,99;Ativo
1308;7896032649682;VARAL DE NAYLON BIA C/10MTRS;0,00;2,99;Ativo
115;1760;VARGEM KG;6,67;11,99;Ativo
1979;7897750779118;VASSO ALKIN DENTRO E FORA;7,19;10,99;Ativo
1978;7898165302182;VASSO NOVIÇA MADEIRA;4,19;5,99;Ativo
2936;7896001016712;VASSO NOVIÇA ORIGINAL MAX CADA;12,38;14,99;Ativo
1981;7898929403018;VASSO PELO PLASTICO;5,99;8,99;Ativo
1980;7896193720046;VASSO SAMBA MAIS;5,99;8,49;Ativo
8763;7891055003589;VASSOURA  CONDOR M USO;10,00;14,99;Ativo
3564;7898311540444;VASSOURA AQUARELA;9,89;14,99;Ativo
2676;7898165300201;VASSOURA BABYCANTO;7,79;11,99;Ativo
7463;7898165301062;VASSOURA CHICKINHA;6,89;9,99;Ativo
4233;7898557590326;VASSOURA DONDOKA;7,99;11,99;Ativo
3849;7898165300041;VASSOURA FITI MADEIRA;5,29;7,49;Ativo
4011;7898165300058;VASSOURA FITI PLASTC.;5,39;7,49;Ativo
3850;7898920552067;VASSOURA FLORENÇA COM CABO;8,49;11,99;Ativo
8880;7898165300218;VASSOURA GENUINA CANTO;7,89;11,49;Ativo
8468;7898165300126;VASSOURA GENUINA CAPA;7,49;10,99;Ativo
3565;7898920552104;VASSOURA GRAN MESTRA;8,79;12,49;Ativo
8073;7891055020081;VASSOURA MADRI;7,10;10,99;Ativo
8469;7898929403124;VASSOURA MAX PLUS;8,19;11,99;Ativo
260;3657;VASSOURA NYLON;8,99;13,99;Ativo
9858;7898922364835;VASSOURA NYLON;9,29;12,99;Ativo
259;3656;VASSOURA PELO PLASTICO;5,99;8,99;Ativo
2796;7896314709561;VASSOURA PHENIX SANTA MARIA C/CABO;7,99;11,99;Ativo
257;3651;VASSOURA PIAÇAVA;9,35;12,99;Ativo
9859;7898923648330;VASSOURA PIAÇAVA;9,59;13,99;Ativo
3567;7898929403094;VASSOURA PLUMADA;6,89;8,99;Ativo
6983;7898650900343;VASSOURA PLURI MAX;7,79;11,49;Ativo
2426;7891055240489;VASSOURA SINTETICAS COM CABO;2,00;5,99;Ativo
10213;7898650900381;VASSOURA SUTILE;8,19;12,49;Ativo
4757;7898650901050;VASSOURA SUTILE PLUS;6,59;9,99;Ativo
3566;7898920552098;VASSOURA TROPICAL;7,89;11,49;Ativo
5766;7898909649283;VEDA ROSCA 10M NOVAFLON;1,43;2,49;Ativo
3558;7891035000829;VEJA LIMPADOR PERFUMADO FRAMBOESA 2L;12,69;19,99;Ativo
1328;7891035209000;VEJA MULTIUSO CAMPESTRE 500ML;3,75;5,99;Ativo
11056;7891035285158;VEJA MULTIUSO CAMPESTRE 500ML;3,74;5,99;Ativo
2142;7891035209406;VEJA MULTIUSO COM ALCOOL 500ML;2,79;4,29;Ativo
1330;7891035210433;VEJA MULTIUSO MAÇÃ VERDE 500ML;2,49;3,99;Ativo
1329;7891035000539;VEJA MULTIUSO ORIGINAL 500ML;3,76;5,99;Ativo
10739;7891035249228;VEJA PERFUMES FLORES 500ML;5,30;7,99;Ativo
10738;7891035249433;VEJA PERFUMES LAVANDA 500ML;5,30;7,99;Ativo
10736;7891035002588;VEJA PERFUMES LIRIO 500ML;5,30;7,99;Ativo
3062;7891035228100;VEJA VIDREX LIMPA VIDROS C/ ALCOOL 500ML;0,00;7,99;Ativo
9140;7898037780056;VELA ANIVERSARIO ESTRELINHA C/5;4,43;6,49;Ativo
4263;7893075664344;VELA ANIVERSARIO GLITTER;2,99;4,99;Ativo
5972;7893075007820;VELA ANIVERSARIO GLITTER AZUL N3;4,99;4,99;Ativo
5969;7893075007837;VELA ANIVERSARIO GLITTER AZUL N4;0,00;4,99;Ativo
4264;7893075664351;VELA ANIVERSARIO GLITTER N1;2,99;4,99;Ativo
4265;7893075664368;VELA ANIVERSARIO GLITTER N2;2,99;4,99;Ativo
4266;7893075664375;VELA ANIVERSARIO GLITTER N3;2,99;4,99;Ativo
4267;7893075664382;VELA ANIVERSARIO GLITTER N4;2,99;4,99;Ativo
4268;7893075664399;VELA ANIVERSARIO GLITTER N5;2,99;4,99;Ativo
4269;7893075664405;VELA ANIVERSARIO GLITTER N6;2,99;4,99;Ativo
4270;7893075664412;VELA ANIVERSARIO GLITTER N7;2,99;5,00;Ativo
4271;7893075664429;VELA ANIVERSARIO GLITTER N8;2,99;4,99;Ativo
4272;7893075664436;VELA ANIVERSARIO GLITTER N9;2,99;4,99;Ativo
4273;7893075664245;VELA ANIVERSARIO GLITTER PRATA N0;2,99;4,99;Ativo
4274;7893075664252;VELA ANIVERSARIO GLITTER PRATA N1;2,99;4,99;Ativo
4275;7893075664269;VELA ANIVERSARIO GLITTER PRATA N2;2,99;4,99;Ativo
4276;7893075664276;VELA ANIVERSARIO GLITTER PRATA N3;2,99;4,99;Ativo
4277;7893075664283;VELA ANIVERSARIO GLITTER PRATA N4;2,99;4,99;Ativo
4278;7893075664290;VELA ANIVERSARIO GLITTER PRATA N5;2,99;4,99;Ativo
4279;7893075664306;VELA ANIVERSARIO GLITTER PRATA N6;2,99;4,99;Ativo
4280;7893075664313;VELA ANIVERSARIO GLITTER PRATA N7;2,99;4,99;Ativo
4281;7893075664320;VELA ANIVERSARIO GLITTER PRATA N8;2,99;4,99;Ativo
5975;7893075664337;VELA ANIVERSARIO GLITTER PRATA N9;4,99;4,99;Ativo
5973;7893075007998;VELA ANIVERSARIO GLITTER ROSA N0;4,99;4,99;Ativo
5970;7893075008049;VELA ANIVERSARIO GLITTER ROSA N5;4,99;4,99;Ativo
5974;7893075008063;VELA ANIVERSARIO GLITTER ROSA N7;4,99;4,99;Ativo
5971;7893075008087;VELA ANIVERSARIO GLITTER ROSA N9;4,99;4,99;Ativo
9151;7897284280500;VELA ANIVERSARIO INTERROGACAO BRANCA;3,33;4,99;Ativo
5893;7897247714707;VELA ANIVERSARIO N0;1,45;2,49;Ativo
9157;7897284203202;VELA ANIVERSARIO N0 AZUL;1,89;2,99;Ativo
9150;7897284202205;VELA ANIVERSARIO N0 ROSA;2,00;2,99;Ativo
9160;7897284203110;VELA ANIVERSARIO N1 AZUL;1,75;2,99;Ativo
9142;7897284202113;VELA ANIVERSARIO N1 ROSA;1,75;2,99;Ativo
9161;7897284203127;VELA ANIVERSARIO N2 AZUL;2,00;2,99;Ativo
9147;7897284202120;VELA ANIVERSARIO N2 ROSA;1,75;2,99;Ativo
5889;7897247714738;VELA ANIVERSARIO N3;1,45;2,49;Ativo
9154;7897284203134;VELA ANIVERSARIO N3 AZUL;1,85;2,99;Ativo
9146;7897284202137;VELA ANIVERSARIO N3 ROSA;2,00;2,99;Ativo
9159;7897284203141;VELA ANIVERSARIO N4 AZUL;2,00;2,99;Ativo
9143;7897284202144;VELA ANIVERSARIO N4 ROSA;2,00;2,99;Ativo
5887;7897247714752;VELA ANIVERSARIO N5;1,45;2,49;Ativo
9158;7897284203158;VELA ANIVERSARIO N5 AZUL;1,85;2,99;Ativo
9141;7897284202151;VELA ANIVERSARIO N5 ROSA;1,75;2,99;Ativo
5890;7897247714769;VELA ANIVERSARIO N6;1,45;2,49;Ativo
9153;7897284203165;VELA ANIVERSARIO N6 AZUL;2,00;2,99;Ativo
9144;7897284202168;VELA ANIVERSARIO N6 ROSA;2,00;2,99;Ativo
5891;7897247714776;VELA ANIVERSARIO N7;1,45;2,49;Ativo
9152;7897284203172;VELA ANIVERSARIO N7 AZUL;1,75;2,99;Ativo
9145;7897284202175;VELA ANIVERSARIO N7 ROSA;1,75;2,99;Ativo
5892;7897247714783;VELA ANIVERSARIO N8;1,45;2,49;Ativo
9155;7897284203189;VELA ANIVERSARIO N8 AZUL;1,80;2,99;Ativo
9148;7897284202182;VELA ANIVERSARIO N8 ROSA;2,00;2,99;Ativo
5888;7897247714790;VELA ANIVERSARIO N9;1,45;2,49;Ativo
9156;7897284203196;VELA ANIVERSARIO N9 AZUL;2,00;2,99;Ativo
9149;7897284202199;VELA ANIVERSARIO N9 ROSA;1,75;2,99;Ativo
3533;7893075007264;VELA ANIVERSÁRIO SKIN AZUL N1;1,60;2,99;Ativo
3534;7893075007301;VELA ANIVERSÁRIO SKIN AZUL N5;1,60;2,99;Ativo
3535;7893075007165;VELA ANIVERSÁRIO SKIN ROSA N1;1,60;2,99;Ativo
3526;7893075007202;VELA ANIVERSÁRIO SKIN ROSA N5;1,60;2,99;Ativo
3521;7893075008834;VELA ANIVERSÁRIO VULCÃO;5,64;8,99;Ativo
1056;7896017471109;VELA DE 7 DIAS V. PRATA 250G;6,15;8,99;Ativo
1523;7898176832463;VELA DE ANIVER. ANINHA FESTAS;1,10;2,49;Ativo
3693;7893075003143;VELA ESTRILINHA C/4;2,50;3,99;Ativo
3074;7896100901506;VELA PARAFINA QUELUZ N4;2,75;3,99;Ativo
3075;7896100901544;VELA PARAFINA QUELUZ N5;3,95;5,99;Ativo
3912;7896080901565;VELA PARANÁ COM 8UN 10G;2,52;3,99;Ativo
4197;7896080901077;VELA PARANA VOTIVA MEDIA 255G;9,44;12,99;Ativo
7921;7896017474094;VELA SAO JUDAS TADEU 7 DIAS 210G;6,99;9,99;Ativo
5610;7898960599046;VELA VOTINA ALVALUZ 240G;7,29;10,49;Ativo
3760;7896436610417;VELA VOTIVA MOROABÁ 200G;5,74;8,39;Ativo
4203;7896017474032;VELA VOTIVA PRATA 210G;6,69;9,99;Ativo
3845;7898960599039;VELAS ALVALULZ C/8 UN N8;7,19;10,49;Ativo
1136;7898960599015;VELAS ALVALUZ N°4;4,59;6,99;Ativo
1137;7898960599022;VELAS ALVALUZ N°6;6,59;9,49;Ativo
5416;7898960599152;VELAS ALVALUZ Nº5;5,79;8,49;Ativo
5072;7898960599060;VELAS ALVALUZ SANTINHO Nº4;3,40;4,99;Ativo
5071;7898960599084;VELAS ALVALUZ SANTINHO Nº6;5,05;7,49;Ativo
5073;7898960599077;VELAS ALVALUZ SANTINHO Nº8;6,30;8,99;Ativo
1135;7897935400110;VELAS LUZ DO SENHOR N°3;0,00;2,99;Ativo
3417;7896080901589;VELAS PARANÁ N5;4,14;5,99;Ativo
2621;7896017470409;VELAS PRATA C/8 14G;2,79;3,99;Ativo
6414;7896017470201;VELAS PRATA Nº2;2,99;4,49;Ativo
1138;7896843400052;VELAS VOTÓRIA RÉGIA N°5;0,00;2,99;Ativo
1403;7896050200124;VELHO BARREIRO 910ML;10,50;15,99;Ativo
10933;7899882311983;VENTILADOR ULTRA MESA 127v;94,99;149,99;Ativo
1729;7896048284778;VINA.CASTE DE ALCOOL COLO 750G;2,40;4,99;Ativo
1589;7898949840053;VINAG. ALC. COL. TOSCANO 750ML;1,49;2,49;Ativo
2150;7896048284242;VINAGRE CASTELO ALHO 750ML;4,25;6,49;Ativo
3361;7896048254016;VINAGRE CASTELO ARROZ 750ML;6,29;8,99;Ativo
1728;7896048200242;VINAGRE CASTELO DE ALCOOL 750M;3,45;5,29;Ativo
2149;7896048255013;VINAGRE CASTELO LIMÃO 750ML;6,09;8,49;Ativo
2880;7896048200105;VINAGRE CASTELO MAÇA 750ML;7,99;11,99;Ativo
1085;7898949840060;VINAGRE COLOR. PALLADIO 750ML;1,39;1,99;Ativo
7431;7896057800525;VINAGRE COLORIDO GALO/BARCELOS 750ML;1,69;2,49;Ativo
5017;7891144000109;VINAGRE DE ALCOOL TOSCANO 750ML;1,69;2,49;Ativo
8104;7898908593310;VINAGRE DE FRUTA DE MACA ALMAROMI 400ML;4,41;6,49;Ativo
9535;7896256066005;VINAGRE DE MACA NATURALLIFE 500ML;7,10;10,49;Ativo
9962;7896057801010;VINAGRE GALO VINHO TINTO 750ML;4,99;7,99;Ativo
12245;7896057800464;VINAGRE NEVAL CLARO 750ML;1,49;2,49;Ativo
2433;7896076220052;VINAGRE PALHINHA 750ML;0,85;1,49;Ativo
7229;7898949840114;VINAGRE PALLADIO ALCOOL 750ML;0,99;1,99;Ativo
8861;7896089321050;VINAGRE PEIXE MACA 750ML;4,75;6,99;Ativo
4613;7896048258014;VINAGRE VINHO TINTO CASTELO 750ML;6,99;9,99;Ativo
5527;7896048284792;VINAGRE VITALIA COLORIDO 750ML;1,35;2,99;Ativo
5147;7896048284631;VINAGRE VITALIA DE ALCOOL 750ML;1,35;2,99;Ativo
9886;7804330006717;VINHO 3 TRES MEDALLAS SUAVE 750ML;19,75;28,99;Ativo
6848;7804350008029;VINHO BRANCO SUAVE RESERVADO 750ML;20,68;28,99;Ativo
12167;7896931611445;VINHO CAMPO LARGO ROSADO SV 750ML;11,07;16,99;Ativo
3202;7897507401866;VINHO CANTINA AGRÍCULA 1L;12,61;17,99;Ativo
5617;7896023081682;VINHO CHALISE BRANCO SECO 750ML;9,65;14,99;Ativo
4886;7896023081576;VINHO CHALISE BRANCO SUAVE 750ML;9,65;14,99;Ativo
3901;7896023081538;VINHO CHALISE SUAVE 750ML;9,65;14,99;Ativo
3662;7896051202905;VINHO CHAPINHA TINTO 750ML;9,57;13,99;Ativo
8764;7896072902938;VINHO DOM BOSCO TINTO SECO 750ML;8,96;12,99;Ativo
5155;7891141021374;VINHO M.JAMES M SECO RESERVADO 750ML;13,99;19,99;Ativo
5156;7891141015892;VINHO M.JAMES PINOTAGE RESERVADO 750ML;13,99;19,99;Ativo
4556;7804320116846;VINHO MEIO SECO FINO RESERVADO 750ML;22,90;33,99;Ativo
6587;7891141015830;VINHO MEIO SECO RESERV MARCUS JAMES 750ML;16,39;22,99;Ativo
2524;7896855903022;VINHO PÉRGOLA SUAVE 750ML;12,00;16,99;Ativo
9351;7896037913122;VINHO QUINTA DO MORGADO 750ML;13,90;19,99;Ativo
2922;7896931615092;VINHO QUINTA DO RIO GRANDE 1L;15,30;21,99;Ativo
7387;7896023080180;VINHO ROSE CHALISE 750ML;9,65;14,99;Ativo
6849;7891141004254;VINHO SANGUE DE BOI SECO 750ML;12,99;18,99;Ativo
7043;7896403990214;VINHO SANTOME SV CELEBRE 750ML;10,21;16,99;Ativo
6311;7896403909094;VINHO SAO MARCOS SUAVE 750ML;10,87;15,49;Ativo
3650;7897015200043;VINHO SUAVE DEL GRANO TRAD. 750ML;7,49;11,99;Ativo
2244;7896072910070;VINHO SUAVE DOM BOSCO 750ML;9,57;14,99;Ativo
7445;7896403901388;VINHO SUAVE NATAL 900ML;10,99;15,99;Ativo
12368;7896855909147;VINHO TINTO BORDO PERGOLA 1L;20,09;29,99;Ativo
9092;7896403900282;VINHO TINTO SANTOME BORDO 1L;15,40;22,99;Ativo
4816;7896023085710;VINHO TINTO SECO CHALISE 750ML;9,90;14,49;Ativo
10767;7897966666301;VINHO TINTO SECO XV DE NOVEMBRO 720ML;18,00;25,99;Ativo
3658;7896931611346;VINHO TINTO SUAVE CAMPO LARGO 750ML;11,06;18,99;Ativo
2366;7896855901417;VINHO TINTO SUAVE PERGOLA 1L;18,27;26,99;Ativo
9666;7891141004469;VINHO TINTO SUAVE SANGUE DE BOI 750ML;12,99;18,99;Ativo
9807;7897966666400;VINHO TINTO SUAVE XV NOVEMBRO 720ML;14,99;21,99;Ativo
7706;7896403901326;VINHO TINTO SV NATAL 750ML;12,08;17,99;Ativo
10921;7804330006724;VINHO TRES MEDALLAS BCO SAUV 750ML;19,75;28,99;Ativo
10920;7804330006731;VINHO TRES MEDALLAS MERLOT 750ML;19,75;28,99;Ativo
3770;7891962035550;VISC. WAFER LIMÃO 120G;1,59;2,49;Ativo
3769;7891962035529;VISC. WAFER SABOR CHOCOLATE 120G;1,99;2,79;Ativo
3771;7891962035536;VISC. WAFER SABOR MORANGO 120G;1,95;2,79;Ativo
10589;7896213004842;VIT ROSQUINHAS GRANEL SABOR COCO 300G;0,00;5,99;Ativo
10591;7896213004828;VIT ROSQUINHAS GRANEL SABOR LEITE 300G;0,00;5,99;Ativo
4776;7896213005757;VITARELLA DELICITA ORIGINAL 350G;4,69;6,79;Ativo
3375;7896931615016;VM C.LARGO TTO SUAVE 1.47L;16,90;22,99;Ativo
3374;7896931615306;VM SUAVINHO TINTO 500ML;6,19;8,49;Ativo
2010;7896092502453;VODKA ASKOV 900 ML;11,88;16,99;Ativo
9817;7894900184273;VODKA CITRUS SCHWEPPES 269ML;4,60;6,99;Ativo
5410;7897110000302;VODKA LEONOFF 900ML;10,06;14,99;Ativo
4324;7891050004604;VODKA MONTILLA 1L;16,51;23,99;Ativo
2082;7896273100874;VODKA MOSCOWITA 900ML;8,66;12,99;Ativo
6054;7891050000903;VODKA ORLOFF 1L;24,94;34,99;Ativo
6269;7897110001576;VODKA SKADI 1L;7,04;9,99;Ativo
10004;7896010004502;VODKA SKYY 750ML;29,06;55,99;Ativo
9725;7896010004007;VODKA SKYY 980ML;37,20;55,99;Ativo
3592;7893218002576;VODKA SMIRNOFF 600ML;20,68;28,99;Ativo
765;7893218000473;VODKA SMIRNOFF 998ML;30,53;43,99;Ativo
8112;7891132007561;VONO CALDINHO DE FEIJAO 18G;2,45;2,79;Ativo
8113;7891132110551;VONO MANDIOQUINHA C/ CEBOLA E SALSA 17G;3,35;3,49;Ativo
12280;7898142867154;WAFER BOB BEIJINHO 450G;26,89;30,00;Ativo
12336;7898950476722;WAFER CROCKS C/WHEY BANOFFEE 25G;3,03;4,99;Ativo
7897;7898530842268;WAFER DADINHO S.CHOCOLATE 90G;2,69;3,79;Ativo
5519;7896665200991;WAFER DANNY S.LIMÃO 70G;1,01;1,49;Ativo
3508;7896023600593;WAFER DUCHEN CHOCOLATE 85G;0,90;1,29;Ativo
3725;7896011103761;WAFER DUCHEN CHOCOLATE C/ BAUNILHA 115G;1,79;2,59;Ativo
3505;7896023600180;WAFER DUCHEN KIT KAT 115G;0,90;1,49;Ativo
3506;7896023600586;WAFER DUCHEN LIMÃO 115G;0,90;1,29;Ativo
3507;7896023600579;WAFER DUCHEN MORANGO 85G;0,90;1,29;Ativo
6014;7896061302077;WAFER FAZENDINHA CHOCOLATE 95G;1,99;2,79;Ativo
6003;7891203058591;WAFER FLORESTA NEGRA PANCO 140G;2,62;4,49;Ativo
10018;7891203061560;WAFER FRUTAS VERMELHAS PANCO 112G;2,99;4,49;Ativo
8224;7898016290866;WAFER GIRASSOL S/CHOCOLATE 60G;1,21;1,79;Ativo
8223;7898016290880;WAFER GIRASSOL S/LIMAO 60G;1,21;1,79;Ativo
8222;7898016290873;WAFER GIRASSOL S/MORANGO 60G;1,21;1,79;Ativo
6634;7898024398752;WAFER HANUTA 22G;2,89;3,99;Ativo
12277;7899970403125;WAFER HERSHEYS S/FRUTAS 25G;1,91;2,79;Ativo
5008;7891340317131;WAFER ITAMARATY BRIG. 110G;2,01;2,99;Ativo
5009;7891340302113;WAFER ITAMARATY CHOC. 110G;2,01;2,99;Ativo
7364;7891203068750;WAFER JABOTICABA PANCO 140G;3,00;4,29;Ativo
6678;7891340303431;WAFER LOOK DOCE DE LEITE 55G;2,25;3,15;Ativo
7983;7891340303714;WAFER LOOK FLORESTA NEGRA 55G;2,26;3,49;Ativo
6677;7891340365248;WAFER LOOK NAPOLITANO 55G;2,06;3,49;Ativo
8485;7896003700657;WAFER MARILAN CHOCOLATE 115G;1,89;2,79;Ativo
8487;7896003703399;WAFER MARILAN LIMAO 115G;1,98;2,79;Ativo
8486;7896003700978;WAFER MARILAN MORANGO 115G;1,89;2,79;Ativo
1592;7891962048192;WAFER MAXI CHOC BAUDUCCO 117G;2,67;3,79;Ativo
6911;7891962048208;WAFER MAXI COOKIES BAUDUCCO 117G;2,67;3,79;Ativo
6229;7891203069511;WAFER MELANCIA PANCO 140G;3,00;4,29;Ativo
12373;7896004010038;WAFER MINUETO CHOC/AVELA 81G;1,43;2,49;Ativo
9943;7896004010021;WAFER MINUETO CHOCOBAU 81G;1,43;2,49;Ativo
4736;7896011104126;WAFER MINUETO CHOCOLATE E AVELA 115G;2,00;2,79;Ativo
3644;7896004010069;WAFER MINUETO LIMÃO 73g;1,34;2,49;Ativo
8582;7896004010007;WAFER MINUETO LIMÃO 81G;1,43;2,49;Ativo
9313;7896004009995;WAFER MINUETO S/MORANGO 81G;1,43;2,49;Ativo
6448;7891203063014;WAFER PANCO CHOC. C/MORANGO 140G;2,80;3,99;Ativo
5877;7891203060266;WAFER PANCO CHOCOLATE C/COCO 140G;0,00;3,99;Ativo
2768;7891203058607;WAFER PANCO GOLDEN BLACK 140G;2,99;4,49;Ativo
5091;7891203058577;WAFER PANCO LIMÃO 140G;2,68;4,49;Ativo
2515;7891203057068;WAFER PANCO MORANGO 140G;2,95;4,49;Ativo
9767;7896024760661;WAFER PIRAQUE S/BRIGADEIRO 100G;2,58;3,79;Ativo
9769;7896024760647;WAFER PIRAQUE S/CHOCOLATE 100G;2,58;3,79;Ativo
9768;7896024760678;WAFER PIRAQUE S/LIMAO 100G;2,58;3,79;Ativo
9766;7896024760654;WAFER PIRAQUE S/MORANGO 100G;2,58;3,79;Ativo
6470;7622210570109;WAFER RECH. OURO BRANCO 25G;1,80;2,99;Ativo
6469;7622210570079;WAFER RECH. SONHO DE VALSA 25G;1,80;2,99;Ativo
3097;7891340303233;WAFER STICK LOOK CHOC 55G;2,19;3,49;Ativo
3484;7896071025416;WAFER TODDY CHOC.COM MORANGO 94G;2,08;2,99;Ativo
4484;7896071025386;WAFER TODDY CHOCOLATE 94G;2,13;2,99;Ativo
9595;7896058258103;WAFER TORTUGUITA S/CHOCOLATE 85G;2,55;3,79;Ativo
9596;7896058258097;WAFER TORTUGUITA S/MORANGO 85G;2,42;3,79;Ativo
12234;7896306625046;WAFER TRENTO MASSIMO BROWNIE 25G;2,99;3,99;Ativo
12337;7898950476500;WAFFER CROCKS PROTEIN CHOC 6G;3,03;4,99;Ativo
9008;7899941202924;WHEY BAR CREAMY S/COCO 38G;4,58;6,49;Ativo
3646;7898215153221;WHEY PIRACANJUBA CACAU 250ML;3,99;6,99;Ativo
3416;7898215153207;WHEY PIRACANJUBA F VERM.250ML;1,99;6,99;Ativo
9005;7899941203273;WHEY PROBIOTICA 100% S/BAUNILHA 900G;85,29;119,99;Ativo
9006;7899941203280;WHEY PROBIOTICA 100% S/CHOCOLATE 900G;85,29;119,99;Ativo
8948;7896029091906;WHISKAS AD CARNE 900G;14,82;21,99;Ativo
8291;7896029021798;WHISKAS ANTI BOLA DE PELO 40G;7,20;9,99;Ativo
10174;7896029092460;WHISKAS DRY GATOS CAST PEIXE 10X900G 2022;0,00;0,00;Ativo
9441;7896029092439;WHISKAS DRY S/CARNE CASTRADOS 900G;14,82;21,99;Ativo
10301;7896029007303;WHISKAS FILHOTES  S/CARNE E LEITE 500G;10,86;15,99;Ativo
9442;7896029092415;WHISKAS FILHOTES S/CARNE E LEITE 900G;14,28;19,99;Ativo
6845;7896029046777;WHISKAS FILHOTES SACHE S/CARNE 85G;2,58;3,99;Ativo
9789;7896029092224;WHISKAS GATO S/FRANGO 900G;14,28;19,99;Ativo
9788;7896029092347;WHISKAS GATO S/PEIXE 900G;14,28;19,99;Ativo
7582;7896029047279;WHISKAS GATOS FRANGO FILHOTES 85G;1,79;3,49;Ativo
8292;7896029021781;WHISKAS PELO SAUDAVEL 40G;7,20;9,99;Ativo
9873;7896029086995;WHISKAS S/CARNE CASTRADOS 500G;10,86;15,99;Ativo
10302;7896029046555;WHISKAS SACHE AD CAST S/PEIXE 85G;2,58;3,99;Ativo
5910;7896029046562;WHISKAS SACHE S/ATUM 85G;2,58;3,99;Ativo
5101;7896072911244;WHISKY CHANCELER;13,99;19,99;Ativo
5866;7896010000139;WHISKY DRURY`S 1L;27,86;44,99;Ativo
4144;82184090442;WHISKY JACK DANIELS;150,00;165,00;Ativo
3722;5000265090056;WHISKY WHITE HORSE 1L;59,99;71,99;Ativo
9036;7898648191128;WINSTON XSTYLE BLUE;8,29;9,25;Ativo
9035;7898648191135;WINSTON XSTYLE RED;8,29;9,25;Ativo
8985;7898693230995;WRAP DE TAPIOCA ORIG.150G;6,90;9,99;Ativo
9091;7897972008218;WRAP KIM INTEGRAL 200G;5,60;7,99;Ativo
9090;7897972008201;WRAP KIM TRADICIONAL 200G;6,99;10,49;Ativo
12357;7898930672281;WYDA ASSADEIRA OVAL 4L;6,04;9,99;Ativo
6841;7899638500036;XAROMELZINHO EUCALIPTO 120G;2,13;2,99;Ativo
4766;7897711700021;XAROPE GUARANA G´NUTRE 900ML;6,59;9,49;Ativo
8916;7896022650209;XIBOQUINHA 965ML;14,99;21,99;Ativo
1887;7896223702738;XODÓ FLOCÃO 500G;1,79;2,49;Ativo
9628;7896202891439;XUP LEITE OLIVEIRA 30G;0,68;1,00;Ativo
4564;7896202891781;XUP LEITE OLIVEIRA 80G;1,51;2,49;Ativo
2354;78911000;YAKULT 1.UNIDADE;2,08;2,79;Ativo
125;1865;YAKULT FILEIRA C/ 6UNIDADES;0,00;9,99;Ativo
3475;7891156076024;YAKULT LIGHT C/3 240G;4,05;5,99;Ativo
9880;7891025122067;YOPRO S/ MORANGO 250ML;4,99;7,49;Ativo
7771;7896098904336;YPE MULTIUSO CREMOSO ORI 300ML;6,95;10,99;Ativo
5850;7896383700704;YPIOCA RESERVA C/PALHA 965ML;33,16;49,99;Ativo
778;7896094910904;ZERO CAL COM SACARINA 100ML;5,36;7,99;Ativo
777;7896094910959;ZERO CAL COM SACARINA 200ML;9,47;13,99;Ativo
6743;798941911065;SUSTAGEN KIDS CHOC LATA 380G;19,76;27,99;Ativo
6744;7898941913038;SUSTAGEN KIDS CHOC/CARAMELO LATA 380G;19,76;27,99;Ativo
6742;7898941911072;SUSTAGEN KIDS MORANGO LATA 380G;19,76;20,99;Ativo
10369;7898629571093;SWEET BANANAS 18X50G;0,00;4,49;Ativo
2138;7891149101900;SYELLA ARTOIS PURE.MALT 275ML;4,89;6,99;Ativo
459;7307;t;0,00;0,00;Ativo
375;6911;t;0,00;0,00;Ativo
8322;7790580531201;TABLETE ARCOR BLOCK 38G;1,58;3,29;Ativo
9416;7898032682706;TABLETE P/ CAIXA ACOPLADA 50G;4,67;6,99;Ativo
8386;7898024399001;TABLETE ROCHER AO LEITE 90G;16,83;24,49;Ativo
1021;7896042002019;TÁBUA DE CORTE PLASÚTIL;0,00;5,99;Ativo
3474;7891156010011;TAFF MAN EX 110 ML;3,60;4,99;Ativo
7752;7891156076178;TAFF MAN YAKULT 110ML;4,00;5,49;Ativo
12485;7896002312516;TAKIS INTENSE NACHO 120G;5,79;7,99;Ativo
9762;7896002312493;TAKIS INTENSE NACHO 56G;3,32;4,99;Ativo
7731;7896806700069;TALCO BARLA 80G;3,65;4,99;Ativo
1239;7896049540019;TALCO DESD. TÊNIS SEC 100ML;0,00;4,49;Ativo
5924;7896115703850;TALCO GLICERINADO LUKINHA 160G;6,51;9,49;Ativo
5925;7896512909190;TALCO GRANADO BEBE 100G;10,81;15,49;Ativo
1245;7898281097511;TALCO INFAN. SAFIRA AZUL 100ML;0,00;4,49;Ativo
1246;7898281097528;TALCO INFAN. SAFIRA ROSA 100ML;0,00;4,49;Ativo
6074;7896010172362;TALCO INFANTIL BABY POPPY 100G;6,30;8,99;Ativo
3041;7896010172164;TALCO INFANTIL BABY POPPY 200G;10,00;13,99;Ativo
3042;7891010032241;TALCO JHONSONS BABY 200G;0,00;19,79;Ativo
1241;7898281097504;TALCO P/ PÉS SAFIRA 100ML;0,00;4,49;Ativo
1243;7898281097535;TALCO SAFIRA ALFAZEMA 100ML;0,00;4,49;Ativo
1244;7898281097542;TALCO SAFIRA LAVANDA 100ML;0,00;4,49;Ativo
1242;7898281097559;TALCO SAFIRA MUSK 100ML;0,00;4,49;Ativo
9980;7896049504714;TALCO TABU 100G;5,66;8,99;Ativo
8368;7896020164043;TALCO TENYS PE PODPAH 100G;8,02;11,49;Ativo
6969;7896020161721;TALCO TENYS PÉ SPORT 100G;8,02;11,49;Ativo
8329;7896020162452;TALCO TENYS PÉ WOMAN ROSA 100G;9,18;11,99;Ativo
9062;7908817507152;TAPETE HIGIENICO PARA CAES GOLD 7UN;12,91;18,99;Ativo
10951;7896183301484;TAPETE HIGIENICO SANOL DOG C7;16,91;23,99;Ativo
4718;7908317600100;TAPETES HIGIENICOS PET PROCÃO 7UN;12,50;18,99;Ativo
4581;7898965971526;TAPIOCA CHURROS D.LEITE 400G;0,00;19,99;Ativo
5402;7898956563013;TAPIOCA DELICIAS DO BRASIL 1KG;8,00;11,49;Ativo
5403;7898956563037;TAPIOCA DELICIAS DO BRASIL 500G;4,00;5,99;Ativo
7734;7898960982060;TAPIOCA DELIOCA C/7 560G;7,80;9,99;Ativo
2951;745110107675;TAPIOCA DO FUTURO 500G;2,75;3,99;Ativo
2992;7898113940305;TAPIOCA DO LOPES 500G;2,95;3,99;Ativo
7661;7898952256100;TAPIOCA GRANULADA DELICIA 500G;7,00;9,99;Ativo
2089;7891965120611;TAPIOCA HIKARI PARA BOLO 500G;4,49;6,29;Ativo
1839;2789899408163;TAPIOCA TERRINHA 1KG;7,98;13,99;Ativo
1840;7898994081623;TAPIOCA TERRINHA 500G;3,99;7,49;Ativo
8839;7898693230483;TAPIOCA TERRINHA 70G;1,00;1,50;Ativo
7924;742832254304;TAPIOCA UPCHEF 500G;3,79;5,49;Ativo
6862;7898472253092;TEKBOND 793 20G;8,43;11,99;Ativo
2975;7894904208906;TEKITOS SEARA 1KG;13,51;21,99;Ativo
7026;7894904577897;TEKITOS SEARA OREGANO/QUEIJO 300G;6,50;9,49;Ativo
11034;7891132011018;TEMP AJINOMOTO FRASCO 100 G;7,70;11,49;Ativo
5319;7891150083714;TEMP KNORR MEU ASSADO CASEIRO 25G;5,80;8,49;Ativo
8126;7891150083707;TEMP KNORR MEU ASSADO S.CAIPIRA UN;0,00;5,99;Ativo
4525;7891150051775;TEMP KNORR MEU FEIJÃO 48G;3,43;4,99;Ativo
10547;7891000418284;TEMP MAGGI CARNE 50G;2,59;3,79;Ativo
10548;7891000419601;TEMP MAGGI LEGUMES 50G;2,59;3,79;Ativo
6728;7891000037300;TEMP P/CARNE MAGGI 50G;3,29;4,79;Ativo
6729;7891000037270;TEMP P/FRANGO E AVES MAGGI 50G;2,90;3,99;Ativo
9263;7898432241350;TEMP PIMENTA CALABRESA YOGI 15G;0,85;2,49;Ativo
10558;7891132019069;TEMP SABOR AMI S/PIM 1kg;14,99;22,99;Ativo
6700;7891132008711;TEMP SAZON ALECRIM 60G;3,79;5,99;Ativo
8326;7891132083008;TEMP SAZON LEGUMES 40G;2,99;4,49;Ativo
5904;7898236723595;TEMP. COMPLETO TOK C/PIMENTA 200G;2,73;3,99;Ativo
5905;7898236720266;TEMP. COMPLETO TOK S/PIMENTA 200G;2,25;3,49;Ativo
4002;7891965169221;TEMP. HIKARI CAR.LEG.ARROZ 60G;1,99;2,69;Ativo
4569;7891000502204;TEMP. MAGGI GRIL 120G;5,87;8,49;Ativo
4095;7891000339916;TEMP. MAGGI MEU.SEGR CHEIRO VERDE 49G;2,58;3,99;Ativo
1854;7891150021174;TEMP. MEU ASS. CASEI KNORR 25G;3,49;4,99;Ativo
2599;7891000006689;TEMP. MEU SEGREDO MAGGIO 49G;2,58;3,99;Ativo
5399;7896067004883;TEMP. P/ CHURRASCO CORDEIRO 40G;3,36;4,99;Ativo
6486;7896067000199;TEMP. P/ CHURRASCO CORDEIRO 40G;1,05;1,99;Ativo
5354;7898924867099;TEMP.BAIANO OKKER 200G;2,90;5,49;Ativo
4914;7896067000281;TEMP.CORDEIRO COLORIFICO 100G;2,09;3,49;Ativo
4913;7896067000090;TEMP.CORDEIRO OREGANO 6G;1,14;2,49;Ativo
4915;7896067000274;TEMP.CORDEIRO SALSA DES.6G;1,24;1,99;Ativo
3699;7891150026261;TEMP.KNORR MEU ASSADO S.CAIPIRA 23G;3,89;2,00;Ativo
5355;7898924867105;TEMP.MINEIRO OKKER 200G;3,20;4,99;Ativo
1724;7891132019021;TEMP.SABOR A MI ALHO SAL 300G;4,15;5,99;Ativo
1723;7891132019045;TEMP.SABOR A MI C/PIMENTA 300G;4,31;6,49;Ativo
62;1172;TEMP.SABOR A MI S/PIMENTAL;3,25;4,29;Ativo
1725;7891132019038;TEMP.SABOR A MI S/PIMENTAL;4,31;5,99;Ativo
4017;7891132110186;TEMP.SAZON CALDO EM PÓ S/BACON DEF. 32G;1,70;2,49;Ativo
4019;7891132110247;TEMP.SAZON CALDO EM PÓ S/LEGUMES 32G;1,70;2,49;Ativo
4018;7891132110261;TEMP.SAZON CALDO EM PÓ S/PICANHA. 32G;1,70;2,49;Ativo
2677;7891132019717;TEMP.SAZON MASSAS 60G;4,35;6,29;Ativo
1731;7891095156436;TEMP.TOQUE CHEFE KITANO 120G;5,99;7,19;Ativo
8959;7898432470026;TEMPERO ACAFRAO YOGI 30G;0,85;1,99;Ativo
9262;7898432477001;TEMPERO ANA MARIA YOGI 15G;0,85;2,49;Ativo
627;7897457623301;TEMPERO BAIANO BAMBU 40G;0,90;1,79;Ativo
4917;7896067000359;TEMPERO BAIANO CORDEIRO 40G;2,37;3,49;Ativo
3260;7891095159505;TEMPERO BAIANO KITANO 40G;1,50;2,49;Ativo
8961;7898432470446;TEMPERO BAIANO YOGI 40G;0,85;1,99;Ativo
8957;7898432490291;TEMPERO COLORAU YOGI 80G;0,85;1,99;Ativo
2509;7897389300462;TEMPERO COMINHO PENINA 100G;2,93;4,49;Ativo
3373;7896102509076;TEMPERO COMPLETO QUERO C/PIMENTA 300G;3,69;5,29;Ativo
3371;7896102509069;TEMPERO COMPLETO QUERO S/PIMENTA 300G;3,69;5,29;Ativo
10185;7896067000267;TEMPERO DO CHEF cordeiro 15GR;1,86;2,99;Ativo
9264;7898432474017;TEMPERO EDU  15G;0,85;2,49;Ativo
2733;7891095605576;TEMPERO KITANO CARNES 60G;3,32;4,79;Ativo
2732;7891095011889;TEMPERO KITANO NORDESTINO 60G;0,00;3,79;Ativo
2731;7891095150304;TEMPERO KITANO P/ FEIJÃO 60G;0,00;3,79;Ativo
8767;7891095605583;TEMPERO KITANO S/LEGUMES 60G;3,42;4,79;Ativo
8768;7891095150472;TEMPERO KITANO S/MASSAS 60G;3,42;4,79;Ativo
7732;7891000037256;TEMPERO MAGGI LEGUMES 50G;2,28;3,99;Ativo
8960;7898432470392;TEMPERO OREGANO YOGI 10G;0,85;1,99;Ativo
9011;7898635644446;TEMPERO P/BATATA FRITA HEINZ 70G;12,99;18,99;Ativo
3372;7896102509083;TEMPERO QUERO ALHO E SAL 300G;3,69;5,29;Ativo
2510;7897389304613;TEMPEROS PBAIANO PENINA 100G;3,15;4,69;Ativo
2333;7891132000449;TEMPEROS SAZON P ARROZ;4,35;5,99;Ativo
3569;7891132008698;TEMPEROS SAZON TOQUE DE ALHO 60G;4,35;6,29;Ativo
7407;796020162452;TENYS PE BARUEL 100G;0,00;0,00;Ativo
5923;7896020162995;TENYS PE BARUEL S/PERFUME 100G;7,36;10,49;Ativo
7914;7896020160076;TENYS PE MENTA FRESH 100G;8,45;11,49;Ativo
9211;7896075709107;TESOURA BASIC MERHEJE 1UN;11,66;16,99;Ativo
5937;7891060836288;TESOURA UNHA CURVA MUNDIAL;10,95;16,99;Ativo
2828;7891060846379;TESOURA UNHA INF MUNDIAL KIDS;12,25;17,99;Ativo
5938;7891060836264;TESOURA UNHA RETA MUNDIAL;10,95;16,99;Ativo
7416;70341020852;teste;2,99;4,49;Ativo
9287;7896371000342;THEREZOPOLIS SESSION IPA 350ML;4,30;6,29;Ativo
7916;7896020470472;THREE BOND GEL 3G;2,23;3,49;Ativo
6586;7896020470427;THREE BOND TRAD 2G;0,99;1,99;Ativo
706;7896020417088;THREEE BOND 2G;0,89;2,49;Ativo
8849;78946033;TIC TAC  CITRUS MIX 14.5G;1,50;2,99;Ativo
5275;78605831;TIC TAC DUPLA MORANGO MIX 16G;1,59;2,49;Ativo
7166;78945463;TIC TAC FRUTAS 14.5G;1,50;2,99;Ativo
2195;78934696;TIC TAC FRUTAS 16G;1,61;2,49;Ativo
6831;78945456;TIC TAC LARANJA 14.5G;1,50;2,99;Ativo
2783;78600027;TIC TAC LARANJA 16G;1,61;2,49;Ativo
6830;78945487;TIC TAC MELANCIA MIX 14.5G;1,60;2,49;Ativo
4244;78941205;TIC TAC MELANCIA MIX 16G;1,61;2,49;Ativo
6769;78945449;TIC TAC MENTA 14.5G;1,44;2,99;Ativo
3446;78600010;TIC TAC MENTA 16G;1,61;2,49;Ativo
6924;78945494;TIC TAC MENTA FRESH 14.5G;1,50;2,99;Ativo
7705;78945470;TIC TAC MORANGO 14.5G;1,50;2,99;Ativo
4117;7891988000013;TINGECOR GUARANY 03-AMARELO;2,49;3,49;Ativo
4119;7891988000020;TINGECOR GUARANY 09-VERMELHO;2,42;3,99;Ativo
4122;7891988000075;TINGECOR GUARANY 17-AZUL;2,49;3,49;Ativo
4120;7891988000082;TINGECOR GUARANY 20-VERDE;2,49;3,49;Ativo
4118;7891988000099;TINGECOR GUARANY 25-VIOLETA;2,49;3,49;Ativo
4121;7891988000112;TINGECOR GUARANY 27-MARROM;2,49;3,49;Ativo
4361;7891988000136;TINGECOR GUARANY 31 - PRETO;2,42;3,99;Ativo
4116;7891988000143;TINGECOR GUARANY 61-VINHO;2,49;3,49;Ativo
4360;7891988000068;TINGECOR GUARANY16 AZUL MARINHO;2,42;3,99;Ativo
5864;7898013192057;TINGITEX PRETO 31;0,00;3,49;Ativo
8040;7896000724953;TINT COR&TON 1.110 PRETO ONIX;9,16;13,99;Ativo
4087;7896013500384;TINT NATUCOR 1.0 CASTANHO MÉDIO;8,46;11,99;Ativo
4083;7896013502937;TINT NATUCOR 1.0 PRETO NATURAL;8,06;11,99;Ativo
4082;7896013502906;TINT NATUCOR 1.7 PRETO AZULADO;7,97;11,99;Ativo
8039;7896013502944;TINT NATUCOR 2.0 PRETO SUAVE;7,67;11,99;Ativo
4084;7896013502166;TINT NATUCOR 3.0 CASTANHO ESCURO;8,46;11,99;Ativo
4086;7896013502791;TINT NATUCOR 6.7 CASTANHO CLARO;8,46;11,99;Ativo
4085;7896013516231;TINT NATUCOR 6.7 CHOCOLATE;8,46;11,99;Ativo
9218;7898543380948;TINTA AERO TEKBOND ALUMINIO 350ML;15,54;21,99;Ativo
9216;7898543380931;TINTA AERO TEKBOND BRANCO BRILHANTE 350ML;15,54;21,99;Ativo
9215;7898543381013;TINTA AERO TEKBOND BRANCO FOSCO 350ML;15,54;21,99;Ativo
9217;7898543381037;TINTA AERO TEKBOND GRAFITE 350ML;16,85;23,99;Ativo
9220;7898543380924;TINTA AERO TEKBOND PRETO BRILHANTE 350ML;15,54;21,99;Ativo
9219;7898543380917;TINTA AERO TEKBOND PRETO FOSCO 350ML;15,54;21,99;Ativo
6215;7896509954967;TINTA BEAUTYCOLOR CASTANHO ESCU 3.0;8,99;12,99;Ativo
6216;7896509954981;TINTA BEAUTYCOLOR CASTANHO NATUR 4.0;8,99;12,99;Ativo
6213;7896509954943;TINTA BEAUTYCOLOR PRETO 2°;8,99;12,99;Ativo
6214;7896509954950;TINTA BEAUTYCOLOR PRETO AZULADO 2.11;8,99;12,99;Ativo
6709;7896000705945;TINTA COR&TON 1.0;11,81;16,99;Ativo
8041;7896000727534;TINTA COR&TON 1.7 PRETO AZULADO;9,73;13,49;Ativo
6707;7896000705952;TINTA COR&TON 2.0;11,81;16,99;Ativo
6711;7896000705969;TINTA COR&TON 3.0;9,16;16,99;Ativo
6710;7896000705976;TINTA COR&TON 4.0;9,16;16,99;Ativo
6706;7896000705983;TINTA COR&TON 5.0;9,16;16,99;Ativo
10593;7896000706010;TINTA COR&TON 6.0 LOURO ESCURO;9,16;16,99;Ativo
6708;7896000705921;TINTA COR&TON 6.7;10,71;13,99;Ativo
10592;7896000706034;TINTA COR&TON 8.0 LOURO CLARO;9,16;16,99;Ativo
9420;7891350037449;TINTA KOLESTON 10 P/INFINITO;17,14;24,99;Ativo
9212;7891182016247;TINTA KOLESTON 3.0;16,58;24,99;Ativo
9214;7891182016254;TINTA KOLESTON 4.0;16,58;24,99;Ativo
9213;7891182016278;TINTA KOLESTON 5.0;16,58;24,99;Ativo
8837;7891182016346;TINTA KOLESTON CHOCOLATE;16,91;24,99;Ativo
8836;7891182016353;TINTA KOLESTON LOURO MEDIO;16,58;23,99;Ativo
8834;7891182016223;TINTA KOLESTON PRETO;17,14;24,99;Ativo
8835;7891182016230;TINTA KOLESTON PRETO AZULADO;17,14;24,99;Ativo
4636;7896221800016;TINTA MARCIA 1.0 PRETO;4,48;6,49;Ativo
4637;7896221803635;TINTA MARCIA 1.1 PRETO AZULADO;4,48;6,49;Ativo
4638;7896221800153;TINTA MARCIA 2.0 PRETO SUAVE;4,48;6,49;Ativo
4639;7896221800030;TINTA MARCIA 3.0 CASTANHO ESCURO;4,48;6,49;Ativo
4640;7896221800658;TINTA MARCIA 4.0 CASTANHO MEDIO;4,48;6,49;Ativo
4641;7896221800023;TINTA MARCIA 5.0 CASTANHO CLARO;4,39;6,49;Ativo
3005;7896013544197;TINTA MAXTON 1.7 MORENA MAIS ELEGANTE;8,93;12,99;Ativo
3006;7896013544203;TINTA MAXTON 3.0 MORENA ADMIRAVEL;8,80;12,99;Ativo
6038;7896013557159;TINTA MAXTON 5.74 CHOCOLATE;7,99;11,49;Ativo
4642;7896013544241;TINTA MAXTON 6.0 LOURO ESCURO;8,59;11,49;Ativo
5537;7896013544104;TINTA MAXTON LOURO CLARO 8.0;8,80;12,99;Ativo
5536;7896013556466;TINTA MAXTON LOURO PLATINA 12.11;8,39;11,99;Ativo
8530;7896013564805;TINTA MAXTON PRETO CARVAO 1.01;9,98;14,99;Ativo
5596;7896013548409;TINTA NATUCOR 1.00 PRETO INTENSO;7,95;11,99;Ativo
9087;7896013565918;TINTA NATUCOR 6.66 VERMELHO CEREJA;7,67;11,99;Ativo
5595;7896013567196;TINTA NATUCOR 8.0 LOURO CLARO;7,67;11,99;Ativo
9085;7896013508823;TINTA NATUCOR PRETO NATURAL + QUERATINA;18,74;27,99;Ativo
9086;7896013508892;TINTA NATUCOR PRETO SUAVE + QUERATINA;18,74;27,99;Ativo
10341;7898557794106;TINTA SPRAY  INFINITY ROSA 200 ML;15,90;23,99;Ativo
10340;7908390500175;TINTA SPRAY AZUL 200ML  INFINITY;15,90;23,99;Ativo
10347;7898557794090;TINTA SPRAY INFINITY AMARELO 200ML;15,90;23,99;Ativo
10348;7898557794120;TINTA SPRAY INFINITY OURO 200ML;15,90;23,99;Ativo
10345;7898557794113;TINTA SPRAY INFINITY PRETA 200ML;15,90;23,99;Ativo
10339;7898557794069;TINTA SPRAY INFINITY ROXO 200ML;15,90;23,99;Ativo
10342;7898557794038;TINTA SPRAY INFINITY VERDE 200ML;15,90;23,99;Ativo
10346;7908390500892;TINTA SPRAY MAGNATAS BRANCO 200ML;15,90;23,99;Ativo
10344;7908390500960;TINTA SPRAY MAGNATAS VERMELHO 200ML;15,90;23,99;Ativo
3279;7896013557135;TINTURA MAXTON 2.8 PRETO TABACO;8,93;12,99;Ativo
1899;7896013544159;TINTURA MAXTON CAST.NATURAL;7,99;11,49;Ativo
3317;7896013544128;TINTURA MAXTON CHOCOLATE 6.7;8,80;12,99;Ativo
1900;7896013544289;TINTURA MAXTON LOURO NATURAL;9,98;14,99;Ativo
3315;7896013563839;TINTURA MAXTON MARSALA 8.26;6,93;9,99;Ativo
3314;7896013566021;TINTURA MAXTON MARSALA ESCURO 5.26;9,65;10,99;Ativo
3316;7896013544517;TINTURA MAXTON PRETO 1.0;9,98;14,99;Ativo
5514;7896013566069;TINTURA NATUCOR 1.01 PRETO CARVÃO;7,97;11,99;Ativo
10044;7908324403053;TIRA MANCHAS ASSIM BARRA BRANCA DUZIA 80G;2,89;4,49;Ativo
7964;7896098904060;TIRA MANCHAS EM GEL TIXAN 462G;8,29;11,99;Ativo
7963;7896098901946;TIRA MANCHAS EM GEL TIXAN R/BRANCAS 462G;8,99;12,99;Ativo
3057;7891035991059;TIRA MANCHAS EM PO VANISH 30G SACHE C. WHITE;0,00;1,99;Ativo
3056;7891035991066;TIRA MANCHAS EM PÓ VANISH OXI ACTION 30G;0,00;1,99;Ativo
9914;7898032682645;TIRA MANCHAS SAMPA CLEAN 80G;3,15;4,99;Ativo
7545;7896083801077;TIRA MANCHAS SUPER CANDIDA 500ML;6,00;8,99;Ativo
9298;7896083801053;TIRA MANCHAS SUPER CANDIDA S/CLORO 500ML;6,00;8,99;Ativo
7947;7891164110772;TIRINHAS DE FRANGO AURORA 900G;10,10;16,99;Ativo
4456;7898959897085;TOALHA UMED MEU BEBE 50UN;3,99;6,49;Ativo
4455;7897622317547;TOALHA UMED TOK BABY PREMIUM 100UN;8,99;14,99;Ativo
9570;7898197415591;TOALHA UMED UPA BEBE 140UN;5,98;8,99;Ativo
10459;7896061990632;TOALHA UMEDECIDA BABYSEC 48 FL;5,36;7,99;Ativo
10662;7898728930432;TOALHA UMEDECIDA ISA BABY  C/100 UN;5,32;8,99;Ativo
9694;7896110008356;TOALHA UMEDECIDA PERSONAL 100UN;11,82;16,99;Ativo
4362;7896010175486;TOALHA UMEDECIDAS BABY POPPY C/50;4,93;6,99;Ativo
10864;7896018704848;TOALHA UMEDECIDAS HUGGIES 88UN;9,90;15,99;Ativo
8038;7896010175783;TOALHA UMEDECIDOS BABY POPPY CLASSIC 50UN;4,42;6,99;Ativo
6770;7896010175790;TOALHAS UMED BABY POPPY C/120 UN;7,40;10,99;Ativo
7036;7897622317530;TOALHAS UMED TOK SUAVE C/120UN;6,99;9,99;Ativo
6510;7898936111340;TOALHAS UMED. PIQUI TUCHO C/96UN;7,05;9,99;Ativo
2272;7896010100594;TOALHAS UMED.BABY POPPY C/120;7,91;11,49;Ativo
2271;7896007551439;TOALHAS UMED.BABY WIPES C/48;4,08;5,99;Ativo
6491;7897622318339;TOALHAS UMEDECIDAS TOK SUAV C/60UN;3,88;5,49;Ativo
2536;7898936111302;TOALHAS UMID. PIQUITUCHO 48UN;5,36;6,99;Ativo
4150;7898095297749;TOALHAS UMIDECIDAS COTTON 48UN;3,99;4,99;Ativo
4149;7898909332970;TOALHAS UMIDECIDAS USE 100UN;7,69;10,99;Ativo
6970;7898936110404;TOALHINHA UMED.PIQUITUCHO 120 UN;7,83;11,99;Ativo
1907;7896914002833;TOALHINHA UMID. LOONEY 48UNI;4,99;6,49;Ativo
1906;7898936110558;TOALHINHA UMID. PIQUITUCHO 60U;3,57;5,99;Ativo
12347;7908032301450;TOALHINHAS UMED ZOO 40UN ISABABY;3,55;5,99;Ativo
1405;7894321711263;TODDY ORIG. 400G;5,99;8,49;Ativo
51;50;TOMATE;0,00;1,00;Ativo
80;1586;TOMATE CARMEM KG;7,50;9,99;Ativo
204;2564;TOMATE DEBORA KG;7,22;9,99;Ativo
2429;736532171252;TOMATE GRAPE MORITA;2,00;2,99;Ativo
20;18;TOMATE ITALIANO KG;10,56;15,49;Ativo
4426;7898016920251;TOMATE SECO IMPERADOR 170G;10,10;14,99;Ativo
6328;7898994331018;TOMATES CEREJA 180G;2,50;3,75;Ativo
8087;7896067003831;TOMILHO CORDEIRO 6G;1,66;2,49;Ativo
6350;7897158726585;TONICO HIALURONICO 100ML;7,49;10,49;Ativo
5174;7897158717699;TONICO P/ FORT.EXT.DAF. DE CABELOS 100ML;7,20;10,49;Ativo
4367;7897158727193;TONICO P/ FORTALECIMENTO DE CABELOS 100ML;10,63;14,99;Ativo
6351;7897158722266;TONICO POWER 3 100ML;7,20;10,49;Ativo
6352;7897158700219;TONICO RICINO 100ML;7,20;10,99;Ativo
4088;7891156042012;TONYU ABACAXI 200ML;2,35;3,49;Ativo
3479;7891156020218;TONYU MAÇA 100%SUCO  200ML;2,35;3,49;Ativo
3476;7891156040018;TONYU MAÇA E SOJA 200ML;2,35;3,49;Ativo
3478;7891156041015;TONYU MARACUJA E SOJA 200ML;2,35;3,49;Ativo
3477;7891156044016;TONYU MORANGO SOJA 200ML;2,35;3,49;Ativo
4679;7898016720479;TOP MILK 120G;0,00;1,50;Ativo
12111;7899941202771;TOP WHEY BAR AMENDOIM 41G;4,76;6,99;Ativo
12110;7899941202832;TOP WHEY BAR DOCE DE LEITE DE 41G;4,76;6,99;Ativo
5144;7896004814162;TOPZ BASTONETES 75 UNIDADES;1,30;2,49;Ativo
97;1650;TORCIDA BACON 70G;1,99;1,99;Ativo
2166;7892840816889;TORCIDA CALABRESA 70G;1,98;2,89;Ativo
8409;7892840822569;TORCIDA CAMARAO C/ PIMENTA 60G;1,55;2,49;Ativo
8163;7892840822606;TORCIDA COSTELINHA C/ LIMAO 60G;1,59;2,49;Ativo
2282;7892840817022;TORCIDA DE CAMARÃO C PIM. 70G;1,98;2,89;Ativo
7524;7892840822620;TORCIDA PAO DE ALHO 60G;1,78;2,49;Ativo
7430;7892840822637;TORCIDA PIMENTA MEXICANA 60G;1,59;2,49;Ativo
10324;7892840822521;TORCIDA QUEIJO 35G;0,00;2,49;Ativo
7905;7892840822552;TORCIDA S/BACON 60G;1,49;2,49;Ativo
7904;7892840822576;TORCIDA S/CEBOLA 60G;1,59;2,49;Ativo
7903;7892840822590;TORCIDA S/CHURRASCO 60G;1,59;2,49;Ativo
657;7896341130765;TORCIDA SABOR CEBOLA 80G;1,19;1,99;Ativo
658;7892840816896;TORCIDA SABOR CHURRASCO 70G;1,78;2,89;Ativo
253;3559;TORCIDA SABOR COSTEL. CM LIMÃO 70G;1,19;1,99;Ativo
656;7896341130079;TORCIDA SABOR PIMENTA MEX. 80G;1,19;1,99;Ativo
2167;7892840816865;TORCIDSA BACON 70G;1,45;2,29;Ativo
6294;7898932051800;TORNEIRA PARA SUPORTE CADA;3,00;5,00;Ativo
1709;7891962053196;TORRADA INT.BAUDUCCO 142G;4,59;6,49;Ativo
4586;7896085086212;TORRADA INTEGRAL ADRIA 142G;3,14;4,99;Ativo
2598;7896085086236;TORRADA MULTIGRÃOS ADRIA 142G;2,89;4,29;Ativo
2597;7891962053202;TORRADA MULTIGRÃOS BAUD. 142G;3,55;5,99;Ativo
2507;7896085086205;TORRADA TRAD ADRIA 142 G;2,79;3,49;Ativo
5485;7891962052564;TORRADA TRAD. VISCONTI 120G;2,85;4,49;Ativo
1708;7891962053189;TORRADA TRAD.BAUDUCCO 142G;3,15;5,29;Ativo
6796;7891962053233;TORRADA TRADICIONAL BAUDUCCO 284G;6,45;9,99;Ativo
5484;7891962052571;TORRADA VISCONTI INTEGRAL 120G;3,19;4,49;Ativo
104;1687;TORRADAS KG;6,32;14,99;Ativo
8987;7891962005959;TORRADINHA CANAPE BAUDUCCO 110G;6,57;9,49;Ativo
5313;7898288540065;TORRESMO FRITO 30G;2,20;3,49;Ativo
9997;7898067340008;TORRESMO SANTA MASSA 40G;5,63;8,49;Ativo
6804;7896079816108;TORRONE COM AMENDOIM;0,49;0,75;Ativo
2296;7896079816122;TORRONE MONTEVERGINE 45G;1,89;2,79;Ativo
6541;7896079813121;TORRONE MONTEVERGINE 45G;1,79;2,49;Ativo
5757;7896079816115;TORRONE MONTEVERGINE 70G;2,00;2,99;Ativo
6655;7896079816139;TORRONE MONTEVERGINE 90G;3,19;4,49;Ativo
11095;7896066303192;TORTILHA WICKBOLD INTEGRAL 270G;7,78;11,49;Ativo
11096;7896066303185;TORTILHA WICKBOLD ORIGINAL 270G;7,78;11,49;Ativo
6555;7896085087165;TORTINHAS CROSTATA CHEESECAKE 80G;3,10;1,50;Ativo
6554;7896085087158;TORTINHAS CROSTATA CHOC. BRANCO 80G;3,10;1,50;Ativo
6553;7896085087172;TORTINHAS CROSTATA CHOC/AVELÃ 80G;3,10;3,49;Ativo
6906;7896085087141;TORTINHAS CROSTATA MAÇÃ C/CANELA ADRIA 80G;2,82;3,99;Ativo
5088;7898142865440;TORTUGUITA ARCO 7BELO FRAMB.15.5G;0,70;1,25;Ativo
5087;7898142865105;TORTUGUITA ARCO CHOCOCRANTE 15.5G;0,70;1,25;Ativo
5086;7898142865075;TORTUGUITA ARCO CHOCOLATE 15.5G;1,31;1,99;Ativo
10305;7898142865020;TORTUGUITA ARCOR AERADO 11,5G;1,31;1,99;Ativo
2565;77961419;TORTUGUITA ARCOR BAUNILHA 18G;0,70;1,25;Ativo
3287;7898142865051;TORTUGUITA ARCOR BAUNILHA 18G;1,30;1,99;Ativo
2719;77961860;TORTUGUITA ARCOR CHOC BCO 18G;0,70;1,25;Ativo
10032;7898142866249;TORTUGUITA ARCOR MORANGO 15.5G;1,31;1,99;Ativo
868;7891144000604;TOSCANO VINAGRE DE LIMÃO 750ML;0,85;1,29;Ativo
867;7891144000147;TOSCANO VINAGRE DE MAÇÃ 750ML;5,39;7,99;Ativo
4255;7896818207259;TOUCA PLASTICA 2UN;0,80;1,99;Ativo
553;9055;TOUCINHO SUINO KG;13,60;14,99;Ativo
833;7622210592729;TRAKINAS + RECH. CHOCO. 126G;1,89;2,69;Ativo
780;7622210592699;TRAKINAS + RECH. MORANGO 126G;1,69;2,39;Ativo
4008;7622210592644;TRAKINAS MEIO A MEIO MOR.CHOC 126G;1,97;2,99;Ativo
587;9201;TRASEIRO BOVINO KG;28,79;49,99;Ativo
5177;7898211382946;TRATAMENTO CAPILAR FIXED BABOSA 10ML;1,12;1,99;Ativo
5176;7898211382953;TRATAMENTO CAPILAR FIXED D PANTENOL 10ML;1,12;1,99;Ativo
8622;7896306625381;TRENTO S/ TORTA LIMAO 29G;2,19;3,29;Ativo
8625;7896306626104;TRENTO S/CGOCOLATE 29G;1,99;2,99;Ativo
8624;7896306624964;TRENTO S/FRUTA DE CHOC 32G;1,66;2,99;Ativo
8623;7896306625367;TRENTO S/MARACUJA 29G;2,19;3,29;Ativo
5316;7896306621123;TRENTO SABOR MORANGO 32G;1,66;2,99;Ativo
3797;7898024450375;TRES MARIAS REQUEIJÃO CREMOSO 190G;4,99;6,99;Ativo
5021;7895800400173;TRIDENT CANELA 8G;1,70;2,49;Ativo
4600;7622300860905;TRIDENT FRESH CEREJA ICE;1,62;2,49;Ativo
3682;7622210564290;TRIDENT FRESH INTENSE;1,65;2,49;Ativo
10556;7622210563477;TRIDENT MAX 16,5G BLUEBERRY;2,77;4,49;Ativo
10555;7622210528940;TRIDENT MAX COOL RASPBERRY 16,5;2,77;4,49;Ativo
5641;7622210563521;TRIDENT MAX HORTELA 16.5G;2,40;3,99;Ativo
693;7895800400227;TRIDENT MELANCIA 8G;1,64;2,49;Ativo
2780;7895800400142;TRIDENT MENTA VERDE 8G;1,61;2,49;Ativo
694;7895800400180;TRIDENT MORANGO 8G;1,62;2,49;Ativo
695;7622210617903;TRIDENT SENSES 8G;1,70;2,49;Ativo
692;7895800400166;TRIDENT TUTTI-FRUTTI 8G;1,70;2,49;Ativo
5055;7622210564313;TRIDENT X FRESH HERBAL;1,19;1,99;Ativo
6570;7622210570376;TRIDENT X SENSES MELANCIA 54G;8,19;11,99;Ativo
8093;7622210570406;TRIDENT X SENSES MORANGO 28UN 54G;6,95;9,99;Ativo
9055;7622210573292;TRIDENT X SENSES SPEARMINT 54G;8,19;11,99;Ativo
697;7622300860899;TRIDENT XFRESH CEREJA 8G;0,69;1,99;Ativo
698;7895800308738;TRIDENT XFRESH HERBAL 8G;0,69;1,99;Ativo
696;7895800412787;TRIDENT XFRESH INTENSE 8G;1,64;2,49;Ativo
2449;7891203067838;TRIFAROFA ALHO.CEB.SAL. 250G;4,19;5,99;Ativo
152;1987;TRIFAROFA PICANTE 250G;2,83;3,99;Ativo
2514;7891203067821;TRIFAROFA PICANTE PANCO 250G;4,19;5,99;Ativo
2090;7891965120642;TRIGO HIKARI PARA KIBE 500G;4,15;4,49;Ativo
9290;7896064104210;TRIGO P/KIBE CAMPO BELO 500G;4,50;6,99;Ativo
7671;7896067001844;TRIGO P/KIBE CORDEIRO 500G;4,33;6,99;Ativo
942;7897457620409;TRIGO PARA KIBE BAMBU 500G;0,00;3,80;Ativo
8702;7896015960803;TRIGO PARA KIBE PINDUCA 500G;4,99;6,99;Ativo
4561;7891095400751;TRIGO PARA KIBE YOKI 500G;5,13;7,49;Ativo
9875;7898473360027;TROFEU CHOCOLATE TRUFADO 70G;7,30;10,50;Ativo
9602;7898966308413;TROPILE BANANA VIEIRA 23G;1,89;2,79;Ativo
2153;7896079846129;TUB IN MONTEVIRGINE 48G;1,59;2,49;Ativo
2504;7898221855126;TUBAINA CAMPOS LARANJA 2L;0,00;4,49;Ativo
2505;7898221855133;TUBAINA CAMPOS LIMÃO 2L;0,00;4,49;Ativo
2506;7898221855140;TUBAINA CAMPOS TU.FRUTT 2L;4,69;6,99;Ativo
